<?xml version="1.0" encoding="UTF-8"?>
<billStatus>
  <bill>
    <summaries>
      <billSummaries />
    </summaries>
    <congress>116</congress>
    <titles>
      <item>
        <parentTitleType />
        <chamberCode />
        <title>A resolution expressing the need for immediate climate action in response to the report of the United Nations Intergovernmental Panel on Climate Change entitled "Special Report on the Ocean and Cryosphere in a Changing Climate".</title>
        <titleType>Official Title as Introduced</titleType>
        <chamberName />
      </item>
      <item>
        <parentTitleType />
        <chamberCode />
        <title>A resolution expressing the need for immediate climate action in response to the report of the United Nations Intergovernmental Panel on Climate Change entitled "Special Report on the Ocean and Cryosphere in a Changing Climate".</title>
        <titleType>Display Title</titleType>
        <chamberName />
      </item>
    </titles>
    <billType>SRES</billType>
    <updateDate>2019-11-15T21:55:32Z</updateDate>
    <title>A resolution expressing the need for immediate climate action in response to the report of the United Nations Intergovernmental Panel on Climate Change entitled "Special Report on the Ocean and Cryosphere in a Changing Climate".</title>
    <recordedVotes />
    <committees>
      <billCommittees>
        <item>
          <type>Standing</type>
          <chamber>Senate</chamber>
          <systemCode>sscm00</systemCode>
          <name>Commerce, Science, and Transportation Committee</name>
          <activities>
            <item>
              <name>Referred to</name>
              <date>2019-09-25T23:06:51Z</date>
            </item>
          </activities>
          <subcommittees />
        </item>
      </billCommittees>
    </committees>
    <actions>
      <actionByCounts>
        <senate>2</senate>
      </actionByCounts>
      <item>
        <actionDate>2019-09-25</actionDate>
        <committee>
          <systemCode>sscm00</systemCode>
          <name>Commerce, Science, and Transportation Committee</name>
        </committee>
        <links>
          <link>
            <name>S5711-5712</name>
            <url>https://www.congress.gov/congressional-record/volume-165/senate-section/page/S5711-5712</url>
          </link>
        </links>
        <sourceSystem>
          <name>Senate</name>
          <code>0</code>
        </sourceSystem>
        <text>Referred to the Committee on Commerce, Science, and Transportation. (text: CR S5711-5712)</text>
        <type>IntroReferral</type>
      </item>
      <item>
        <committee />
        <type>IntroReferral</type>
        <actionDate>2019-09-25</actionDate>
        <actionCode>10000</actionCode>
        <text>Introduced in Senate</text>
        <links />
        <sourceSystem>
          <name>Library of Congress</name>
          <code>9</code>
        </sourceSystem>
      </item>
      <actionTypeCounts>
        <referredToCommittee>1</referredToCommittee>
        <introducedInSenate>1</introducedInSenate>
      </actionTypeCounts>
    </actions>
    <createDate>2019-09-26T04:27:29Z</createDate>
    <policyArea>
      <name>Environmental Protection</name>
    </policyArea>
    <originChamber>Senate</originChamber>
    <committeeReports />
    <version>1.0.0</version>
    <textVersions>
      <item>
        <formats>
          <item>
            <url>https://www.govinfo.gov/content/pkg/BILLS-116sres342is/xml/BILLS-116sres342is.xml</url>
          </item>
        </formats>
        <type>Introduced in Senate</type>
        <date>2019-09-25T04:00:00Z</date>
      </item>
    </textVersions>
    <billNumber>342</billNumber>
    <notes />
    <sponsors>
      <item>
        <firstName>EDWARD</firstName>
        <middleName>J.</middleName>
        <lastName>MARKEY</lastName>
        <identifiers>
          <lisID>735</lisID>
          <gpoId>7972</gpoId>
          <bioguideId>M000133</bioguideId>
        </identifiers>
        <bioguideId>M000133</bioguideId>
        <byRequestType />
        <state>MA</state>
        <fullName>Sen. Markey, Edward J. [D-MA]</fullName>
        <party>D</party>
      </item>
    </sponsors>
    <calendarNumbers />
    <introducedDate>2019-09-25</introducedDate>
    <amendments />
    <subjects>
      <billSubjects>
        <legislativeSubjects />
        <policyArea>
          <name>Environmental Protection</name>
        </policyArea>
      </billSubjects>
    </subjects>
    <laws />
    <cosponsors>
      <item>
        <party>D</party>
        <state>RI</state>
        <identifiers>
          <bioguideId>W000802</bioguideId>
          <lisID>1823</lisID>
          <gpoId>8264</gpoId>
        </identifiers>
        <middleName />
        <sponsorshipWithdrawnDate />
        <bioguideId>W000802</bioguideId>
        <isOriginalCosponsor>True</isOriginalCosponsor>
        <firstName>Sheldon</firstName>
        <fullName>Sen. Whitehouse, Sheldon [D-RI]</fullName>
        <sponsorshipDate>2019-09-25</sponsorshipDate>
        <lastName>Whitehouse</lastName>
      </item>
      <item>
        <party>D</party>
        <state>CT</state>
        <identifiers>
          <lisID>2076</lisID>
          <gpoId>8332</gpoId>
          <bioguideId>B001277</bioguideId>
        </identifiers>
        <middleName />
        <sponsorshipWithdrawnDate />
        <bioguideId>B001277</bioguideId>
        <isOriginalCosponsor>True</isOriginalCosponsor>
        <firstName>Richard</firstName>
        <fullName>Sen. Blumenthal, Richard [D-CT]</fullName>
        <sponsorshipDate>2019-09-25</sponsorshipDate>
        <lastName>Blumenthal</lastName>
      </item>
      <item>
        <party>D</party>
        <state>NJ</state>
        <identifiers>
          <lisID>2194</lisID>
          <gpoId />
          <bioguideId>B001288</bioguideId>
        </identifiers>
        <middleName>A.</middleName>
        <sponsorshipWithdrawnDate />
        <bioguideId>B001288</bioguideId>
        <isOriginalCosponsor>True</isOriginalCosponsor>
        <firstName>Cory</firstName>
        <fullName>Sen. Booker, Cory A. [D-NJ]</fullName>
        <sponsorshipDate>2019-09-25</sponsorshipDate>
        <lastName>Booker</lastName>
      </item>
      <item>
        <party>D</party>
        <state>DE</state>
        <identifiers>
          <bioguideId>C000174</bioguideId>
          <lisID>179</lisID>
          <gpoId>8283</gpoId>
        </identifiers>
        <middleName>R.</middleName>
        <sponsorshipWithdrawnDate />
        <bioguideId>C000174</bioguideId>
        <isOriginalCosponsor>False</isOriginalCosponsor>
        <firstName>THOMAS</firstName>
        <fullName>Sen. Carper, Thomas R. [D-DE]</fullName>
        <sponsorshipDate>2019-10-15</sponsorshipDate>
        <lastName>CARPER</lastName>
      </item>
    </cosponsors>
    <relatedBills>
      <item>
        <latestAction>
          <text>Referred to the Subcommittee for Indigenous Peoples of the United States.</text>
          <actionDate>2019-09-27</actionDate>
        </latestAction>
        <type>HRES</type>
        <relationshipDetails>
          <item>
            <type>Related bill</type>
            <identifiedBy>CRS</identifiedBy>
          </item>
        </relationshipDetails>
        <congress>116</congress>
        <number>589</number>
        <latestTitle>Expressing the need for immediate climate action in response to the United Nations Intergovernmental Panel on Climate Change Special Report on the Ocean and Cryosphere in a Changing Climate.</latestTitle>
      </item>
    </relatedBills>
    <cboCostEstimates />
    <latestAction>
      <text>Referred to the Committee on Commerce, Science, and Transportation. (text: CR S5711-5712)</text>
      <links />
      <actionDate>2019-09-25</actionDate>
    </latestAction>
  </bill>
  <dublinCore xmlns:dc="http://purl.org/dc/elements/1.1/">
    <dc:format>text/xml</dc:format>
    <dc:language>EN</dc:language>
    <dc:rights>Pursuant to Title 17 Section 105 of the United States Code, this file is not subject to copyright protection and is in the public domain.</dc:rights>
    <dc:contributor>Congressional Research Service, Library of Congress</dc:contributor>
    <dc:description>This file contains bill summaries and statuses for federal legislation. A bill summary describes the most significant provisions of a piece of legislation and details the effects the legislative text may have on current law and federal programs. Bill summaries are authored by the Congressional Research Service (CRS) of the Library of Congress. As stated in Public Law 91-510 (2 USC 166 (d)(6)), one of the duties of CRS is "to prepare summaries and digests of bills and resolutions of a public general nature introduced in the Senate or House of Representatives". For more information, refer to the User Guide that accompanies this file.</dc:description>
  </dublinCore>
</billStatus>

