<?xml version="1.0" encoding="UTF-8"?>
<billStatus>
  <bill>
    <congress>116</congress>
    <cosponsors>
      <item>
        <party>R</party>
        <firstName>Marco</firstName>
        <bioguideId>R000595</bioguideId>
        <isOriginalCosponsor>True</isOriginalCosponsor>
        <fullName>Sen. Rubio, Marco [R-FL]</fullName>
        <sponsorshipWithdrawnDate />
        <sponsorshipDate>2019-09-25</sponsorshipDate>
        <state>FL</state>
        <lastName>Rubio</lastName>
        <middleName />
        <identifiers>
          <lisID>2084</lisID>
          <bioguideId>R000595</bioguideId>
          <gpoId>8242</gpoId>
        </identifiers>
      </item>
      <item>
        <party>D</party>
        <firstName>RICHARD</firstName>
        <bioguideId>D000563</bioguideId>
        <isOriginalCosponsor>True</isOriginalCosponsor>
        <fullName>Sen. Durbin, Richard J. [D-IL]</fullName>
        <sponsorshipWithdrawnDate />
        <sponsorshipDate>2019-09-25</sponsorshipDate>
        <state>IL</state>
        <lastName>DURBIN</lastName>
        <middleName>J.</middleName>
        <identifiers>
          <gpoId>8326</gpoId>
          <lisID>326</lisID>
          <bioguideId>D000563</bioguideId>
        </identifiers>
      </item>
      <item>
        <party>D</party>
        <firstName>Kamala</firstName>
        <bioguideId>H001075</bioguideId>
        <isOriginalCosponsor>True</isOriginalCosponsor>
        <fullName>Sen. Harris, Kamala D. [D-CA]</fullName>
        <sponsorshipWithdrawnDate />
        <sponsorshipDate>2019-09-25</sponsorshipDate>
        <state>CA</state>
        <lastName>Harris</lastName>
        <middleName>D.</middleName>
        <identifiers>
          <gpoId />
          <bioguideId>H001075</bioguideId>
          <lisID>2301</lisID>
        </identifiers>
      </item>
    </cosponsors>
    <policyArea>
      <name>Congress</name>
    </policyArea>
    <cboCostEstimates />
    <billType>SRES</billType>
    <billNumber>330</billNumber>
    <originChamber>Senate</originChamber>
    <createDate>2019-09-26T04:27:29Z</createDate>
    <version>1.0.0</version>
    <laws />
    <introducedDate>2019-09-25</introducedDate>
    <titles>
      <item>
        <title>A resolution instructing the managers on the part of the Senate on the bill S. 1790 (116th Congress) to require certain measures to address Federal election interference by foreign governments.</title>
        <chamberName />
        <chamberCode />
        <parentTitleType />
        <titleType>Official Title as Introduced</titleType>
      </item>
      <item>
        <title>A resolution instructing the managers on the part of the Senate on the bill S. 1790 (116th Congress) to require certain measures to address Federal election interference by foreign governments.</title>
        <chamberName />
        <chamberCode />
        <parentTitleType />
        <titleType>Display Title</titleType>
      </item>
    </titles>
    <latestAction>
      <text>Resolution agreed to in Senate without amendment by Voice Vote. (text: CR S5708)</text>
      <actionDate>2019-09-25</actionDate>
      <links />
    </latestAction>
    <textVersions>
      <item>
        <date>2019-09-25T04:00:00Z</date>
        <type>Agreed to Senate</type>
        <formats>
          <item>
            <url>https://www.govinfo.gov/content/pkg/BILLS-116sres330ats/xml/BILLS-116sres330ats.xml</url>
          </item>
        </formats>
      </item>
    </textVersions>
    <title>A resolution instructing the managers on the part of the Senate on the bill S. 1790 (116th Congress) to require certain measures to address Federal election interference by foreign governments.</title>
    <amendments />
    <committees>
      <billCommittees />
    </committees>
    <summaries>
      <billSummaries>
        <item>
          <lastSummaryUpdateDate>2019-10-29T16:51:17Z</lastSummaryUpdateDate>
          <text><![CDATA[<p>This resolution instructs Senate conferees on the conference committee for S. 1790 (National Defense Authorization Act for Fiscal Year 2020) to require certain measures to address federal election interference by foreign governments.</p> <p>Specifically, the conferees must require (1) after each election, submission to Congress of a determination as to whether a foreign government has interfered in the election, including a detailed assessment of any interference that identifies the individuals responsible for it; and (2) imposition of sanctions on such foreign government and responsible individuals and entities within its territory.</p>]]></text>
          <versionCode>00</versionCode>
          <updateDate>2019-09-25T04:00:00Z</updateDate>
          <actionDate>2019-09-25</actionDate>
          <actionDesc>Introduced in Senate</actionDesc>
          <name>Introduced in Senate</name>
        </item>
        <item>
          <lastSummaryUpdateDate>2019-10-29T16:50:57Z</lastSummaryUpdateDate>
          <text><![CDATA[<p>This resolution instructs Senate conferees on the conference committee for S. 1790 (National Defense Authorization Act for Fiscal Year 2020) to require certain measures to address federal election interference by foreign governments.</p> <p>Specifically, the conferees must require (1) after each election, submission to Congress of a determination as to whether a foreign government has interfered in the election, including a detailed assessment of any interference that identifies the individuals responsible for it; and (2) imposition of sanctions on such foreign government and responsible individuals and entities within its territory.</p>]]></text>
          <versionCode>55</versionCode>
          <updateDate>2019-09-25T18:24:21Z</updateDate>
          <actionDate>2019-09-25</actionDate>
          <actionDesc>Passed Senate</actionDesc>
          <name>Passed Senate</name>
        </item>
      </billSummaries>
    </summaries>
    <recordedVotes />
    <calendarNumbers />
    <notes />
    <sponsors>
      <item>
        <bioguideId>V000128</bioguideId>
        <party>D</party>
        <lastName>Van Hollen</lastName>
        <middleName />
        <firstName>Chris</firstName>
        <state>MD</state>
        <identifiers>
          <lisID>1729</lisID>
          <gpoId>7983</gpoId>
          <bioguideId>V000128</bioguideId>
        </identifiers>
        <fullName>Sen. Van Hollen, Chris [D-MD]</fullName>
        <byRequestType />
      </item>
    </sponsors>
    <subjects>
      <billSubjects>
        <legislativeSubjects />
        <policyArea>
          <name>Congress</name>
        </policyArea>
      </billSubjects>
    </subjects>
    <updateDate>2019-11-01T04:59:11Z</updateDate>
    <committeeReports />
    <actions>
      <actionTypeCounts>
        <introducedInSenate>2</introducedInSenate>
        <agreedToInSenate>1</agreedToInSenate>
        <measureLaidBeforeSenate>1</measureLaidBeforeSenate>
        <passedAgreedToInSenate>1</passedAgreedToInSenate>
      </actionTypeCounts>
      <actionByCounts>
        <senate>5</senate>
      </actionByCounts>
      <item>
        <actionDate>2019-09-25</actionDate>
        <committee />
        <links>
          <link>
            <url>https://www.congress.gov/congressional-record/volume-165/senate-section/page/S5708</url>
            <name>S5708</name>
          </link>
        </links>
        <sourceSystem>
          <name>Senate</name>
          <code>0</code>
        </sourceSystem>
        <text>Resolution agreed to in Senate without amendment by Voice Vote. (text: CR S5708)</text>
        <type>Floor</type>
      </item>
      <item>
        <sourceSystem>
          <name>Library of Congress</name>
          <code>9</code>
        </sourceSystem>
        <text>Passed/agreed to in Senate: Resolution agreed to in Senate without amendment by Voice Vote.(text: CR S5708)</text>
        <links>
          <link>
            <url>https://www.congress.gov/congressional-record/volume-165/senate-section/page/S5708</url>
            <name>S5708</name>
          </link>
        </links>
        <actionCode>17000</actionCode>
        <type>Floor</type>
        <committee />
        <actionDate>2019-09-25</actionDate>
      </item>
      <item>
        <actionDate>2019-09-25</actionDate>
        <committee />
        <links>
          <link>
            <url>https://www.congress.gov/congressional-record/volume-165/senate-section/page/S5681</url>
            <name>S5681</name>
          </link>
          <link>
            <url>https://www.congress.gov/congressional-record/volume-165/senate-section/page/S5692</url>
            <name>S5692</name>
          </link>
        </links>
        <sourceSystem>
          <name>Senate</name>
          <code>0</code>
        </sourceSystem>
        <text>Measure laid before Senate by unanimous consent. (consideration: CR S5681, S5692)</text>
        <type>Floor</type>
      </item>
      <item>
        <actionDate>2019-09-25</actionDate>
        <committee />
        <links />
        <sourceSystem>
          <name>Senate</name>
          <code>0</code>
        </sourceSystem>
        <text>Submitted in the Senate.</text>
        <type>IntroReferral</type>
      </item>
      <item>
        <sourceSystem>
          <name>Library of Congress</name>
          <code>9</code>
        </sourceSystem>
        <text>Introduced in Senate</text>
        <links />
        <actionCode>10000</actionCode>
        <type>IntroReferral</type>
        <committee />
        <actionDate>2019-09-25</actionDate>
      </item>
    </actions>
    <relatedBills />
  </bill>
  <dublinCore xmlns:dc="http://purl.org/dc/elements/1.1/">
    <dc:format>text/xml</dc:format>
    <dc:language>EN</dc:language>
    <dc:rights>Pursuant to Title 17 Section 105 of the United States Code, this file is not subject to copyright protection and is in the public domain.</dc:rights>
    <dc:contributor>Congressional Research Service, Library of Congress</dc:contributor>
    <dc:description>This file contains bill summaries and statuses for federal legislation. A bill summary describes the most significant provisions of a piece of legislation and details the effects the legislative text may have on current law and federal programs. Bill summaries are authored by the Congressional Research Service (CRS) of the Library of Congress. As stated in Public Law 91-510 (2 USC 166 (d)(6)), one of the duties of CRS is "to prepare summaries and digests of bills and resolutions of a public general nature introduced in the Senate or House of Representatives". For more information, refer to the User Guide that accompanies this file.</dc:description>
  </dublinCore>
</billStatus>

