<?xml version="1.0" encoding="UTF-8"?>
<billStatus>
  <bill>
    <billNumber>232</billNumber>
    <committeeReports />
    <cboCostEstimates />
    <summaries>
      <billSummaries />
    </summaries>
    <notes />
    <createDate>2019-06-06T04:57:11Z</createDate>
    <cosponsors>
      <item>
        <party>R</party>
        <state>FL</state>
        <identifiers>
          <lisID>2084</lisID>
          <gpoId>8242</gpoId>
          <bioguideId>R000595</bioguideId>
        </identifiers>
        <middleName />
        <sponsorshipWithdrawnDate />
        <bioguideId>R000595</bioguideId>
        <isOriginalCosponsor>True</isOriginalCosponsor>
        <firstName>Marco</firstName>
        <fullName>Sen. Rubio, Marco [R-FL]</fullName>
        <sponsorshipDate>2019-06-05</sponsorshipDate>
        <lastName>Rubio</lastName>
      </item>
    </cosponsors>
    <originChamber>Senate</originChamber>
    <amendments />
    <updateDate>2019-11-15T21:56:30Z</updateDate>
    <relatedBills>
      <item>
        <number>92</number>
        <congress>116</congress>
        <type>HRES</type>
        <latestAction>
          <actionDate>2019-01-30</actionDate>
          <text>Referred to the House Committee on Foreign Affairs.</text>
        </latestAction>
        <latestTitle>Calling for the immediate extradition or rendering to the United States of convicted felons William Morales, Joanne Chesimard, and all other fugitives from justice who are receiving safe harbor in Cuba in order to escape prosecution or confinement for criminal offenses committed in the United States.</latestTitle>
        <relationshipDetails>
          <item>
            <type>Related bill</type>
            <identifiedBy>CRS</identifiedBy>
          </item>
        </relationshipDetails>
      </item>
    </relatedBills>
    <latestAction>
      <text>Referred to the Committee on Foreign Relations. (text: CR S3261-3262)</text>
      <actionDate>2019-06-05</actionDate>
      <links />
    </latestAction>
    <introducedDate>2019-06-05</introducedDate>
    <laws />
    <subjects>
      <billSubjects>
        <legislativeSubjects>
          <item>
            <name>Caribbean area</name>
          </item>
          <item>
            <name>Criminal investigation, prosecution, interrogation</name>
          </item>
          <item>
            <name>Criminal procedure and sentencing</name>
          </item>
          <item>
            <name>Cuba</name>
          </item>
          <item>
            <name>Diplomacy, foreign officials, Americans abroad</name>
          </item>
          <item>
            <name>Latin America</name>
          </item>
        </legislativeSubjects>
        <policyArea>
          <name>International Affairs</name>
        </policyArea>
      </billSubjects>
    </subjects>
    <calendarNumbers />
    <textVersions>
      <item>
        <formats>
          <item>
            <url>https://www.govinfo.gov/content/pkg/BILLS-116sres232is/xml/BILLS-116sres232is.xml</url>
          </item>
        </formats>
        <date>2019-06-05T04:00:00Z</date>
        <type>Introduced in Senate</type>
      </item>
    </textVersions>
    <version>1.0.0</version>
    <policyArea>
      <name>International Affairs</name>
    </policyArea>
    <recordedVotes />
    <sponsors>
      <item>
        <bioguideId>M000639</bioguideId>
        <state>NJ</state>
        <party>D</party>
        <fullName>Sen. Menendez, Robert [D-NJ]</fullName>
        <firstName>Robert</firstName>
        <lastName>Menendez</lastName>
        <byRequestType />
        <middleName />
        <identifiers>
          <bioguideId>M000639</bioguideId>
          <lisID>791</lisID>
          <gpoId>8239</gpoId>
        </identifiers>
      </item>
    </sponsors>
    <billType>SRES</billType>
    <title>A resolution calling for the immediate extradition or expulsion to the United States of convicted felons Joanne Chesimard and William Morales and all other fugitives from justice who are receiving safe haven in Cuba in order to escape prosecution or confinement for criminal offenses committed in the United States.</title>
    <congress>116</congress>
    <committees>
      <billCommittees>
        <item>
          <type>Standing</type>
          <chamber>Senate</chamber>
          <systemCode>ssfr00</systemCode>
          <name>Foreign Relations Committee</name>
          <activities>
            <item>
              <name>Referred to</name>
              <date>2019-06-05T18:07:11Z</date>
            </item>
          </activities>
          <subcommittees />
        </item>
      </billCommittees>
    </committees>
    <actions>
      <actionByCounts>
        <senate>2</senate>
      </actionByCounts>
      <item>
        <actionDate>2019-06-05</actionDate>
        <committee>
          <name>Foreign Relations Committee</name>
          <systemCode>ssfr00</systemCode>
        </committee>
        <links>
          <link>
            <url>https://www.congress.gov/congressional-record/volume-165/senate-section/page/S3261-3262</url>
            <name>S3261-3262</name>
          </link>
        </links>
        <sourceSystem>
          <code>0</code>
          <name>Senate</name>
        </sourceSystem>
        <text>Referred to the Committee on Foreign Relations. (text: CR S3261-3262)</text>
        <type>IntroReferral</type>
      </item>
      <item>
        <actionDate>2019-06-05</actionDate>
        <committee />
        <type>IntroReferral</type>
        <actionCode>10000</actionCode>
        <links />
        <sourceSystem>
          <code>9</code>
          <name>Library of Congress</name>
        </sourceSystem>
        <text>Introduced in Senate</text>
      </item>
      <actionTypeCounts>
        <referredToCommittee>1</referredToCommittee>
        <introducedInSenate>1</introducedInSenate>
      </actionTypeCounts>
    </actions>
    <titles>
      <item>
        <parentTitleType />
        <chamberCode />
        <title>A resolution calling for the immediate extradition or expulsion to the United States of convicted felons Joanne Chesimard and William Morales and all other fugitives from justice who are receiving safe haven in Cuba in order to escape prosecution or confinement for criminal offenses committed in the United States.</title>
        <titleType>Official Title as Introduced</titleType>
        <chamberName />
      </item>
      <item>
        <parentTitleType />
        <chamberCode />
        <title>A resolution calling for the immediate extradition or expulsion to the United States of convicted felons Joanne Chesimard and William Morales and all other fugitives from justice who are receiving safe haven in Cuba in order to escape prosecution or confinement for criminal offenses committed in the United States.</title>
        <titleType>Display Title</titleType>
        <chamberName />
      </item>
    </titles>
  </bill>
  <dublinCore xmlns:dc="http://purl.org/dc/elements/1.1/">
    <dc:format>text/xml</dc:format>
    <dc:language>EN</dc:language>
    <dc:rights>Pursuant to Title 17 Section 105 of the United States Code, this file is not subject to copyright protection and is in the public domain.</dc:rights>
    <dc:contributor>Congressional Research Service, Library of Congress</dc:contributor>
    <dc:description>This file contains bill summaries and statuses for federal legislation. A bill summary describes the most significant provisions of a piece of legislation and details the effects the legislative text may have on current law and federal programs. Bill summaries are authored by the Congressional Research Service (CRS) of the Library of Congress. As stated in Public Law 91-510 (2 USC 166 (d)(6)), one of the duties of CRS is "to prepare summaries and digests of bills and resolutions of a public general nature introduced in the Senate or House of Representatives". For more information, refer to the User Guide that accompanies this file.</dc:description>
  </dublinCore>
</billStatus>

