<?xml version="1.0" encoding="UTF-8"?>
<billStatus>
  <bill>
    <latestAction>
      <text>Read twice and referred to the Committee on Energy and Natural Resources. (text: CR S2890)</text>
      <actionDate>2019-05-15</actionDate>
      <links />
    </latestAction>
    <updateDate>2019-10-24T04:16:11Z</updateDate>
    <version>1.0.0</version>
    <amendments />
    <policyArea>
      <name>Transportation and Public Works</name>
    </policyArea>
    <textVersions>
      <item>
        <formats>
          <item>
            <url>https://www.govinfo.gov/content/pkg/BILLS-116sres211is/xml/BILLS-116sres211is.xml</url>
          </item>
        </formats>
        <type>Introduced in Senate</type>
        <date>2019-05-15T04:00:00Z</date>
      </item>
    </textVersions>
    <committeeReports />
    <billType>SRES</billType>
    <relatedBills />
    <cosponsors>
      <item>
        <sponsorshipDate>2019-05-15</sponsorshipDate>
        <bioguideId>C001095</bioguideId>
        <middleName />
        <sponsorshipWithdrawnDate />
        <identifiers>
          <bioguideId>C001095</bioguideId>
          <gpoId />
          <lisID>2098</lisID>
        </identifiers>
        <isOriginalCosponsor>True</isOriginalCosponsor>
        <firstName>Tom</firstName>
        <party>R</party>
        <lastName>Cotton</lastName>
        <fullName>Sen. Cotton, Tom [R-AR]</fullName>
        <state>AR</state>
      </item>
    </cosponsors>
    <cboCostEstimates />
    <title>A resolution recognizing the Aviation Cadet Museum in Eureka Springs, Arkansas, as "America's National Aviation Cadet Museum".</title>
    <subjects>
      <billSubjects>
        <legislativeSubjects>
          <item>
            <name>Arkansas</name>
          </item>
          <item>
            <name>Armed Forces and National Security</name>
          </item>
          <item>
            <name>Aviation and airports</name>
          </item>
          <item>
            <name>Military education and training</name>
          </item>
          <item>
            <name>Military history</name>
          </item>
          <item>
            <name>Museums, exhibitions, cultural centers</name>
          </item>
        </legislativeSubjects>
        <policyArea>
          <name>Transportation and Public Works</name>
        </policyArea>
      </billSubjects>
    </subjects>
    <committees>
      <billCommittees>
        <item>
          <systemCode>sseg00</systemCode>
          <name>Energy and Natural Resources Committee</name>
          <type>Standing</type>
          <activities>
            <item>
              <date>2019-05-15T17:20:01Z</date>
              <name>Referred to</name>
            </item>
          </activities>
          <chamber>Senate</chamber>
          <subcommittees />
        </item>
      </billCommittees>
    </committees>
    <laws />
    <originChamber>Senate</originChamber>
    <sponsors>
      <item>
        <bioguideId>B001236</bioguideId>
        <fullName>Sen. Boozman, John [R-AR]</fullName>
        <identifiers>
          <bioguideId>B001236</bioguideId>
          <gpoId>8247</gpoId>
          <lisID>1687</lisID>
        </identifiers>
        <party>R</party>
        <state>AR</state>
        <byRequestType />
        <lastName>Boozman</lastName>
        <middleName />
        <firstName>John</firstName>
      </item>
    </sponsors>
    <introducedDate>2019-05-15</introducedDate>
    <summaries>
      <billSummaries>
        <item>
          <versionCode>00</versionCode>
          <updateDate>2019-05-15T04:00:00Z</updateDate>
          <lastSummaryUpdateDate>2019-10-16T19:22:16Z</lastSummaryUpdateDate>
          <name>Introduced in Senate</name>
          <text><![CDATA[<p>This resolution recognizes the Aviation Cadet Museum in Eureka Springs, Arkansas, as "America's National Aviation Cadet Museum".</p>]]></text>
          <actionDate>2019-05-15</actionDate>
          <actionDesc>Introduced in Senate</actionDesc>
        </item>
      </billSummaries>
    </summaries>
    <titles>
      <item>
        <titleType>Official Title as Introduced</titleType>
        <parentTitleType />
        <chamberName />
        <title>A resolution recognizing the Aviation Cadet Museum in Eureka Springs, Arkansas, as "America's National Aviation Cadet Museum".</title>
        <chamberCode />
      </item>
      <item>
        <titleType>Display Title</titleType>
        <parentTitleType />
        <chamberName />
        <title>A resolution recognizing the Aviation Cadet Museum in Eureka Springs, Arkansas, as "America's National Aviation Cadet Museum".</title>
        <chamberCode />
      </item>
    </titles>
    <actions>
      <actionTypeCounts>
        <referredToCommittee>1</referredToCommittee>
        <introducedInSenate>1</introducedInSenate>
      </actionTypeCounts>
      <item>
        <actionDate>2019-05-15</actionDate>
        <committee>
          <systemCode>sseg00</systemCode>
          <name>Energy and Natural Resources Committee</name>
        </committee>
        <links>
          <link>
            <url>https://www.congress.gov/congressional-record/volume-165/senate-section/page/S2890</url>
            <name>S2890</name>
          </link>
        </links>
        <sourceSystem>
          <code>0</code>
          <name>Senate</name>
        </sourceSystem>
        <text>Read twice and referred to the Committee on Energy and Natural Resources. (text: CR S2890)</text>
        <type>IntroReferral</type>
      </item>
      <item>
        <links />
        <text>Introduced in Senate</text>
        <actionDate>2019-05-15</actionDate>
        <actionCode>10000</actionCode>
        <type>IntroReferral</type>
        <committee />
        <sourceSystem>
          <code>9</code>
          <name>Library of Congress</name>
        </sourceSystem>
      </item>
      <actionByCounts>
        <senate>2</senate>
      </actionByCounts>
    </actions>
    <congress>116</congress>
    <billNumber>211</billNumber>
    <recordedVotes />
    <calendarNumbers />
    <notes />
    <createDate>2019-05-16T04:57:10Z</createDate>
  </bill>
  <dublinCore xmlns:dc="http://purl.org/dc/elements/1.1/">
    <dc:format>text/xml</dc:format>
    <dc:language>EN</dc:language>
    <dc:rights>Pursuant to Title 17 Section 105 of the United States Code, this file is not subject to copyright protection and is in the public domain.</dc:rights>
    <dc:contributor>Congressional Research Service, Library of Congress</dc:contributor>
    <dc:description>This file contains bill summaries and statuses for federal legislation. A bill summary describes the most significant provisions of a piece of legislation and details the effects the legislative text may have on current law and federal programs. Bill summaries are authored by the Congressional Research Service (CRS) of the Library of Congress. As stated in Public Law 91-510 (2 USC 166 (d)(6)), one of the duties of CRS is "to prepare summaries and digests of bills and resolutions of a public general nature introduced in the Senate or House of Representatives". For more information, refer to the User Guide that accompanies this file.</dc:description>
  </dublinCore>
</billStatus>

