<?xml version="1.0" encoding="UTF-8"?>
<billStatus>
  <bill>
    <introducedDate>2019-06-11</introducedDate>
    <latestAction>
      <text>Submitted in the Senate, considered, and agreed to without amendment and with a preamble by Unanimous Consent. (consideration: CR S3327-3328; text: CR S3325)</text>
      <actionDate>2019-06-11</actionDate>
      <links />
    </latestAction>
    <summaries>
      <billSummaries>
        <item>
          <updateDate>2019-06-11T04:00:00Z</updateDate>
          <versionCode>00</versionCode>
          <actionDesc>Introduced in Senate</actionDesc>
          <text><![CDATA[<p>This resolution designates July 17, 2019, as Glioblastoma Awareness Day.<br /></p>]]></text>
          <actionDate>2019-06-11</actionDate>
          <lastSummaryUpdateDate>2019-11-01T20:52:30Z</lastSummaryUpdateDate>
          <name>Introduced in Senate</name>
        </item>
      </billSummaries>
    </summaries>
    <subjects>
      <billSubjects>
        <policyArea>
          <name>Health</name>
        </policyArea>
        <legislativeSubjects>
          <item>
            <name>Cancer</name>
          </item>
          <item>
            <name>Commemorative events and holidays</name>
          </item>
          <item>
            <name>Congressional tributes</name>
          </item>
          <item>
            <name>Health promotion and preventive care</name>
          </item>
          <item>
            <name>Medical research</name>
          </item>
          <item>
            <name>Neurological disorders</name>
          </item>
        </legislativeSubjects>
      </billSubjects>
    </subjects>
    <relatedBills />
    <textVersions>
      <item>
        <date>2019-06-11T04:00:00Z</date>
        <formats>
          <item>
            <url>https://www.govinfo.gov/content/pkg/BILLS-116sres245ats/xml/BILLS-116sres245ats.xml</url>
          </item>
        </formats>
        <type>Agreed to Senate</type>
      </item>
    </textVersions>
    <notes />
    <billNumber>245</billNumber>
    <createDate>2019-06-12T04:57:11Z</createDate>
    <amendments />
    <originChamber>Senate</originChamber>
    <title>A resolution designating July 17, 2019, as "Glioblastoma Awareness Day".</title>
    <committeeReports />
    <calendarNumbers />
    <version>1.0.0</version>
    <titles>
      <item>
        <chamberCode />
        <titleType>Official Title as Introduced</titleType>
        <parentTitleType />
        <title>A resolution designating July 17, 2019, as "Glioblastoma Awareness Day".</title>
        <chamberName />
      </item>
      <item>
        <chamberCode />
        <titleType>Display Title</titleType>
        <parentTitleType />
        <title>A resolution designating July 17, 2019, as "Glioblastoma Awareness Day".</title>
        <chamberName />
      </item>
    </titles>
    <policyArea>
      <name>Health</name>
    </policyArea>
    <cboCostEstimates />
    <sponsors>
      <item>
        <lastName>GRAHAM</lastName>
        <fullName>Sen. Graham, Lindsey [R-SC]</fullName>
        <party>R</party>
        <byRequestType />
        <firstName>LINDSEY</firstName>
        <state>SC</state>
        <identifiers>
          <lisID>452</lisID>
          <bioguideId>G000359</bioguideId>
          <gpoId>8335</gpoId>
        </identifiers>
        <bioguideId>G000359</bioguideId>
        <middleName>O.</middleName>
      </item>
    </sponsors>
    <cosponsors>
      <item>
        <fullName>Sen. McSally, Martha [R-AZ]</fullName>
        <isOriginalCosponsor>True</isOriginalCosponsor>
        <lastName>McSally</lastName>
        <middleName />
        <state>AZ</state>
        <bioguideId>M001197</bioguideId>
        <identifiers>
          <lisID>2225</lisID>
          <bioguideId>M001197</bioguideId>
          <gpoId />
        </identifiers>
        <sponsorshipDate>2019-06-11</sponsorshipDate>
        <firstName>Martha</firstName>
        <sponsorshipWithdrawnDate />
        <party>R</party>
      </item>
      <item>
        <fullName>Sen. Sinema, Kyrsten [D-AZ]</fullName>
        <isOriginalCosponsor>True</isOriginalCosponsor>
        <lastName>Sinema</lastName>
        <middleName />
        <state>AZ</state>
        <bioguideId>S001191</bioguideId>
        <identifiers>
          <lisID>2099</lisID>
          <bioguideId>S001191</bioguideId>
          <gpoId />
        </identifiers>
        <sponsorshipDate>2019-06-11</sponsorshipDate>
        <firstName>Kyrsten</firstName>
        <sponsorshipWithdrawnDate />
        <party>D</party>
      </item>
      <item>
        <fullName>Sen. Warren, Elizabeth [D-MA]</fullName>
        <isOriginalCosponsor>True</isOriginalCosponsor>
        <lastName>Warren</lastName>
        <middleName>A.</middleName>
        <state>MA</state>
        <bioguideId>W000817</bioguideId>
        <identifiers>
          <lisID>2182</lisID>
          <bioguideId>W000817</bioguideId>
          <gpoId />
        </identifiers>
        <sponsorshipDate>2019-06-11</sponsorshipDate>
        <firstName>Elizabeth</firstName>
        <sponsorshipWithdrawnDate />
        <party>D</party>
      </item>
      <item>
        <fullName>Sen. McConnell, Mitch [R-KY]</fullName>
        <isOriginalCosponsor>True</isOriginalCosponsor>
        <lastName>MCCONNELL</lastName>
        <middleName />
        <state>KY</state>
        <bioguideId>M000355</bioguideId>
        <identifiers>
          <lisID>1395</lisID>
          <bioguideId>M000355</bioguideId>
          <gpoId>8254</gpoId>
        </identifiers>
        <sponsorshipDate>2019-06-11</sponsorshipDate>
        <firstName>MITCH</firstName>
        <sponsorshipWithdrawnDate />
        <party>R</party>
      </item>
      <item>
        <fullName>Sen. Markey, Edward J. [D-MA]</fullName>
        <isOriginalCosponsor>True</isOriginalCosponsor>
        <lastName>MARKEY</lastName>
        <middleName>J.</middleName>
        <state>MA</state>
        <bioguideId>M000133</bioguideId>
        <identifiers>
          <lisID>735</lisID>
          <bioguideId>M000133</bioguideId>
          <gpoId>7972</gpoId>
        </identifiers>
        <sponsorshipDate>2019-06-11</sponsorshipDate>
        <firstName>EDWARD</firstName>
        <sponsorshipWithdrawnDate />
        <party>D</party>
      </item>
    </cosponsors>
    <recordedVotes />
    <committees>
      <billCommittees />
    </committees>
    <actions>
      <actionTypeCounts>
        <passedOrAgreedToInSenateDayOf>1</passedOrAgreedToInSenateDayOf>
        <passedAgreedToInSenate>1</passedAgreedToInSenate>
        <introducedInSenate>1</introducedInSenate>
      </actionTypeCounts>
      <item>
        <actionDate>2019-06-11</actionDate>
        <committee />
        <links>
          <link>
            <url>https://www.congress.gov/congressional-record/volume-165/senate-section/page/S3325</url>
            <name>S3325</name>
          </link>
          <link>
            <url>https://www.congress.gov/congressional-record/volume-165/senate-section/page/S3327-3328</url>
            <name>S3327-3328</name>
          </link>
        </links>
        <sourceSystem>
          <code>0</code>
          <name>Senate</name>
        </sourceSystem>
        <text>Submitted in the Senate, considered, and agreed to without amendment and with a preamble by Unanimous Consent. (consideration: CR S3327-3328; text: CR S3325)</text>
        <type>Floor</type>
      </item>
      <item>
        <sourceSystem>
          <code>9</code>
          <name>Library of Congress</name>
        </sourceSystem>
        <links>
          <link>
            <url>https://www.congress.gov/congressional-record/volume-165/senate-section/page/S3325</url>
            <name>S3325</name>
          </link>
          <link>
            <url>https://www.congress.gov/congressional-record/volume-165/senate-section/page/S3327-3328</url>
            <name>S3327-3328</name>
          </link>
        </links>
        <text>Passed/agreed to in Senate: Submitted in the Senate, considered, and agreed to without amendment and with a preamble by Unanimous Consent.(consideration: CR S3327-3328; text: CR S3325)</text>
        <actionDate>2019-06-11</actionDate>
        <actionCode>17000</actionCode>
        <type>Floor</type>
        <committee />
      </item>
      <item>
        <sourceSystem>
          <code>9</code>
          <name>Library of Congress</name>
        </sourceSystem>
        <links />
        <text>Introduced in Senate</text>
        <actionDate>2019-06-11</actionDate>
        <actionCode>10000</actionCode>
        <type>IntroReferral</type>
        <committee />
      </item>
      <actionByCounts>
        <senate>3</senate>
      </actionByCounts>
    </actions>
    <billType>SRES</billType>
    <laws />
    <congress>116</congress>
    <updateDate>2019-11-06T10:59:23Z</updateDate>
  </bill>
  <dublinCore xmlns:dc="http://purl.org/dc/elements/1.1/">
    <dc:format>text/xml</dc:format>
    <dc:language>EN</dc:language>
    <dc:rights>Pursuant to Title 17 Section 105 of the United States Code, this file is not subject to copyright protection and is in the public domain.</dc:rights>
    <dc:contributor>Congressional Research Service, Library of Congress</dc:contributor>
    <dc:description>This file contains bill summaries and statuses for federal legislation. A bill summary describes the most significant provisions of a piece of legislation and details the effects the legislative text may have on current law and federal programs. Bill summaries are authored by the Congressional Research Service (CRS) of the Library of Congress. As stated in Public Law 91-510 (2 USC 166 (d)(6)), one of the duties of CRS is "to prepare summaries and digests of bills and resolutions of a public general nature introduced in the Senate or House of Representatives". For more information, refer to the User Guide that accompanies this file.</dc:description>
  </dublinCore>
</billStatus>

