<?xml version="1.0" encoding="UTF-8"?>
<billStatus>
  <bill>
    <relatedBills />
    <calendarNumbers />
    <createDate>2019-09-26T04:27:29Z</createDate>
    <cosponsors>
      <item>
        <sponsorshipWithdrawnDate />
        <identifiers>
          <bioguideId>D000563</bioguideId>
          <lisID>326</lisID>
          <gpoId>8326</gpoId>
        </identifiers>
        <sponsorshipDate>2019-09-25</sponsorshipDate>
        <isOriginalCosponsor>True</isOriginalCosponsor>
        <lastName>DURBIN</lastName>
        <firstName>RICHARD</firstName>
        <middleName>J.</middleName>
        <fullName>Sen. Durbin, Richard J. [D-IL]</fullName>
        <party>D</party>
        <bioguideId>D000563</bioguideId>
        <state>IL</state>
      </item>
      <item>
        <sponsorshipWithdrawnDate />
        <identifiers>
          <bioguideId>V000128</bioguideId>
          <gpoId>7983</gpoId>
          <lisID>1729</lisID>
        </identifiers>
        <sponsorshipDate>2019-09-25</sponsorshipDate>
        <isOriginalCosponsor>True</isOriginalCosponsor>
        <lastName>Van Hollen</lastName>
        <firstName>Chris</firstName>
        <middleName />
        <fullName>Sen. Van Hollen, Chris [D-MD]</fullName>
        <party>D</party>
        <bioguideId>V000128</bioguideId>
        <state>MD</state>
      </item>
      <item>
        <sponsorshipWithdrawnDate />
        <identifiers>
          <bioguideId>G000555</bioguideId>
          <gpoId>8336</gpoId>
          <lisID>1866</lisID>
        </identifiers>
        <sponsorshipDate>2019-09-25</sponsorshipDate>
        <isOriginalCosponsor>True</isOriginalCosponsor>
        <lastName>Gillibrand</lastName>
        <firstName>Kirsten</firstName>
        <middleName>E.</middleName>
        <fullName>Sen. Gillibrand, Kirsten E. [D-NY]</fullName>
        <party>D</party>
        <bioguideId>G000555</bioguideId>
        <state>NY</state>
      </item>
      <item>
        <sponsorshipWithdrawnDate />
        <identifiers>
          <lisID>2076</lisID>
          <gpoId>8332</gpoId>
          <bioguideId>B001277</bioguideId>
        </identifiers>
        <sponsorshipDate>2019-09-25</sponsorshipDate>
        <isOriginalCosponsor>True</isOriginalCosponsor>
        <lastName>Blumenthal</lastName>
        <firstName>Richard</firstName>
        <middleName />
        <fullName>Sen. Blumenthal, Richard [D-CT]</fullName>
        <party>D</party>
        <bioguideId>B001277</bioguideId>
        <state>CT</state>
      </item>
      <item>
        <sponsorshipWithdrawnDate />
        <identifiers>
          <bioguideId>B001267</bioguideId>
          <gpoId>8302</gpoId>
          <lisID>1965</lisID>
        </identifiers>
        <sponsorshipDate>2019-09-25</sponsorshipDate>
        <isOriginalCosponsor>True</isOriginalCosponsor>
        <lastName>Bennet</lastName>
        <firstName>Michael</firstName>
        <middleName>F.</middleName>
        <fullName>Sen. Bennet, Michael F. [D-CO]</fullName>
        <party>D</party>
        <bioguideId>B001267</bioguideId>
        <state>CO</state>
      </item>
      <item>
        <sponsorshipWithdrawnDate />
        <identifiers>
          <gpoId />
          <lisID>2123</lisID>
          <bioguideId>D000622</bioguideId>
        </identifiers>
        <sponsorshipDate>2019-09-25</sponsorshipDate>
        <isOriginalCosponsor>True</isOriginalCosponsor>
        <lastName>Duckworth</lastName>
        <firstName>Tammy</firstName>
        <middleName />
        <fullName>Sen. Duckworth, Tammy [D-IL]</fullName>
        <party>D</party>
        <bioguideId>D000622</bioguideId>
        <state>IL</state>
      </item>
      <item>
        <sponsorshipWithdrawnDate />
        <identifiers>
          <gpoId>8270</gpoId>
          <lisID>1010</lisID>
          <bioguideId>S000033</bioguideId>
        </identifiers>
        <sponsorshipDate>2019-09-25</sponsorshipDate>
        <isOriginalCosponsor>True</isOriginalCosponsor>
        <lastName>Sanders</lastName>
        <firstName>Bernard</firstName>
        <middleName />
        <fullName>Sen. Sanders, Bernard [I-VT]</fullName>
        <party>I</party>
        <bioguideId>S000033</bioguideId>
        <state>VT</state>
      </item>
      <item>
        <sponsorshipWithdrawnDate />
        <identifiers>
          <bioguideId>H001076</bioguideId>
          <gpoId />
          <lisID>2302</lisID>
        </identifiers>
        <sponsorshipDate>2019-09-25</sponsorshipDate>
        <isOriginalCosponsor>True</isOriginalCosponsor>
        <lastName>Hassan</lastName>
        <firstName>Margaret</firstName>
        <middleName>Wood</middleName>
        <fullName>Sen. Hassan, Margaret Wood [D-NH]</fullName>
        <party>D</party>
        <bioguideId>H001076</bioguideId>
        <state>NH</state>
      </item>
      <item>
        <sponsorshipWithdrawnDate />
        <identifiers>
          <bioguideId>H001075</bioguideId>
          <gpoId />
          <lisID>2301</lisID>
        </identifiers>
        <sponsorshipDate>2019-09-25</sponsorshipDate>
        <isOriginalCosponsor>True</isOriginalCosponsor>
        <lastName>Harris</lastName>
        <firstName>Kamala</firstName>
        <middleName>D.</middleName>
        <fullName>Sen. Harris, Kamala D. [D-CA]</fullName>
        <party>D</party>
        <bioguideId>H001075</bioguideId>
        <state>CA</state>
      </item>
      <item>
        <sponsorshipWithdrawnDate />
        <identifiers>
          <lisID>2182</lisID>
          <gpoId />
          <bioguideId>W000817</bioguideId>
        </identifiers>
        <sponsorshipDate>2019-09-25</sponsorshipDate>
        <isOriginalCosponsor>True</isOriginalCosponsor>
        <lastName>Warren</lastName>
        <firstName>Elizabeth</firstName>
        <middleName>A.</middleName>
        <fullName>Sen. Warren, Elizabeth [D-MA]</fullName>
        <party>D</party>
        <bioguideId>W000817</bioguideId>
        <state>MA</state>
      </item>
      <item>
        <sponsorshipWithdrawnDate />
        <identifiers>
          <bioguideId>B001288</bioguideId>
          <lisID>2194</lisID>
          <gpoId />
        </identifiers>
        <sponsorshipDate>2019-09-25</sponsorshipDate>
        <isOriginalCosponsor>True</isOriginalCosponsor>
        <lastName>Booker</lastName>
        <firstName>Cory</firstName>
        <middleName>A.</middleName>
        <fullName>Sen. Booker, Cory A. [D-NJ]</fullName>
        <party>D</party>
        <bioguideId>B001288</bioguideId>
        <state>NJ</state>
      </item>
    </cosponsors>
    <originChamber>Senate</originChamber>
    <amendments />
    <committeeReports />
    <latestAction>
      <links />
      <text>Disagreed to in Senate by Yea-Nay Vote. 47 - 48. Record Vote Number: 305.</text>
      <actionDate>2019-09-25</actionDate>
    </latestAction>
    <billType>SRES</billType>
    <actions>
      <item>
        <actionDate>2019-09-25</actionDate>
        <committee />
        <links />
        <sourceSystem>
          <code>0</code>
          <name>Senate</name>
        </sourceSystem>
        <text>Disagreed to in Senate by Yea-Nay Vote. 47 - 48. Record Vote Number: 305.</text>
        <type>Floor</type>
      </item>
      <item>
        <sourceSystem>
          <code>9</code>
          <name>Library of Congress</name>
        </sourceSystem>
        <actionDate>2019-09-25</actionDate>
        <type>Floor</type>
        <links />
        <committee />
        <text>Failed of passage/not agreed to in Senate: Disagreed to in Senate by Yea-Nay Vote. 47 - 48. Record Vote Number: 305.</text>
        <actionCode>18000</actionCode>
      </item>
      <item>
        <actionDate>2019-09-25</actionDate>
        <committee />
        <links />
        <sourceSystem>
          <code>0</code>
          <name>Senate</name>
        </sourceSystem>
        <text>Measure laid before Senate by unanimous consent. (consideration: CR S5681, S5693; text: CR S5709)</text>
        <type>Floor</type>
      </item>
      <item>
        <actionDate>2019-09-25</actionDate>
        <committee />
        <links />
        <sourceSystem>
          <code>0</code>
          <name>Senate</name>
        </sourceSystem>
        <text>Submitted in the Senate.</text>
        <type>IntroReferral</type>
      </item>
      <item>
        <sourceSystem>
          <code>9</code>
          <name>Library of Congress</name>
        </sourceSystem>
        <actionDate>2019-09-25</actionDate>
        <type>IntroReferral</type>
        <links />
        <committee />
        <text>Introduced in Senate</text>
        <actionCode>10000</actionCode>
      </item>
      <actionByCounts>
        <senate>5</senate>
      </actionByCounts>
      <actionTypeCounts>
        <failedPassage>1</failedPassage>
        <failedOfPassageNotAgreedToInSenate>1</failedOfPassageNotAgreedToInSenate>
        <measureLaidBeforeSenate>1</measureLaidBeforeSenate>
        <introducedInSenate>2</introducedInSenate>
      </actionTypeCounts>
    </actions>
    <policyArea>
      <name>Congress</name>
    </policyArea>
    <titles>
      <item>
        <parentTitleType />
        <title>A resolution instructing the managers on the part of the Senate on the bill S. 1790 (116th Congress) to insist upon the provisions contained in subtitle B of title XI of the House amendment (relating to paid family leave for Federal personnel).</title>
        <titleType>Official Title as Introduced</titleType>
        <chamberCode />
        <chamberName />
      </item>
      <item>
        <parentTitleType />
        <title>A resolution instructing the managers on the part of the Senate on the bill S. 1790 (116th Congress) to insist upon the provisions contained in subtitle B of title XI of the House amendment (relating to paid family leave for Federal personnel).</title>
        <titleType>Display Title</titleType>
        <chamberCode />
        <chamberName />
      </item>
    </titles>
    <congress>116</congress>
    <subjects>
      <billSubjects>
        <legislativeSubjects />
        <policyArea>
          <name>Congress</name>
        </policyArea>
      </billSubjects>
    </subjects>
    <summaries>
      <billSummaries />
    </summaries>
    <updateDate>2019-10-03T04:28:07Z</updateDate>
    <sponsors>
      <item>
        <state>HI</state>
        <fullName>Sen. Schatz, Brian [D-HI]</fullName>
        <bioguideId>S001194</bioguideId>
        <party>D</party>
        <lastName>Schatz</lastName>
        <middleName />
        <identifiers>
          <bioguideId>S001194</bioguideId>
          <lisID>2173</lisID>
          <gpoId />
        </identifiers>
        <firstName>Brian</firstName>
        <byRequestType />
      </item>
    </sponsors>
    <committees>
      <billCommittees />
    </committees>
    <title>A resolution instructing the managers on the part of the Senate on the bill S. 1790 (116th Congress) to insist upon the provisions contained in subtitle B of title XI of the House amendment (relating to paid family leave for Federal personnel).</title>
    <version>1.0.0</version>
    <introducedDate>2019-09-25</introducedDate>
    <notes />
    <cboCostEstimates />
    <billNumber>333</billNumber>
    <laws />
    <recordedVotes>
      <recordedVote>
        <sessionNumber>1</sessionNumber>
        <date>2019-09-25T21:11:25Z</date>
        <rollNumber>305</rollNumber>
        <chamber>Senate</chamber>
        <congress>116</congress>
        <fullActionName>FAILED PASSAGE</fullActionName>
        <url>http://www.senate.gov/legislative/LIS/roll_call_lists/roll_call_vote_cfm.cfm?&amp;congress=116&amp;session=1&amp;vote=00305</url>
      </recordedVote>
    </recordedVotes>
    <textVersions>
      <item>
        <formats>
          <item>
            <url>https://www.govinfo.gov/content/pkg/BILLS-116sres333is/xml/BILLS-116sres333is.xml</url>
          </item>
        </formats>
        <type>Introduced in Senate</type>
        <date>2019-09-25T04:00:00Z</date>
      </item>
    </textVersions>
  </bill>
  <dublinCore xmlns:dc="http://purl.org/dc/elements/1.1/">
    <dc:format>text/xml</dc:format>
    <dc:language>EN</dc:language>
    <dc:rights>Pursuant to Title 17 Section 105 of the United States Code, this file is not subject to copyright protection and is in the public domain.</dc:rights>
    <dc:contributor>Congressional Research Service, Library of Congress</dc:contributor>
    <dc:description>This file contains bill summaries and statuses for federal legislation. A bill summary describes the most significant provisions of a piece of legislation and details the effects the legislative text may have on current law and federal programs. Bill summaries are authored by the Congressional Research Service (CRS) of the Library of Congress. As stated in Public Law 91-510 (2 USC 166 (d)(6)), one of the duties of CRS is "to prepare summaries and digests of bills and resolutions of a public general nature introduced in the Senate or House of Representatives". For more information, refer to the User Guide that accompanies this file.</dc:description>
  </dublinCore>
</billStatus>

