<?xml version="1.0" encoding="UTF-8"?>
<billStatus>
  <bill>
    <createDate>2019-02-07T06:10:14Z</createDate>
    <actions>
      <actionTypeCounts>
        <referredToCommittee>1</referredToCommittee>
        <orderedReported>1</orderedReported>
        <motionToReconsider>1</motionToReconsider>
        <motionToProceedConsidered>1</motionToProceedConsidered>
        <reportedToSenate>2</reportedToSenate>
        <placedOnCalendarGeneralOrders>1</placedOnCalendarGeneralOrders>
        <clotureMotionPresented>1</clotureMotionPresented>
        <motionToConsider>1</motionToConsider>
        <introducedInSenate>1</introducedInSenate>
        <clotureMotion>1</clotureMotion>
      </actionTypeCounts>
      <actionByCounts>
        <senate>11</senate>
      </actionByCounts>
      <item>
        <actionDate>2019-04-02</actionDate>
        <committee />
        <links>
          <link>
            <url>http://www.senate.gov/legislative/LIS/roll_call_lists/roll_call_vote_cfm.cfm?congress=116&amp;session=1&amp;vote=00057</url>
            <name>Record Vote No. 57</name>
          </link>
          <link>
            <url>https://www.congress.gov/bill/116th-congress/senate-resolution/50</url>
            <name>S. Res. 50</name>
          </link>
        </links>
        <sourceSystem>
          <code>0</code>
          <name>Senate</name>
        </sourceSystem>
        <text>Motion by Senator McConnell to reconsider the vote by which cloture on the motion to proceed to S. Res. 50 was not invoked (Record Vote No. 57) entered in Senate.</text>
        <type>Floor</type>
      </item>
      <item>
        <actionDate>2019-04-02</actionDate>
        <committee />
        <links>
          <link>
            <url>http://www.senate.gov/legislative/LIS/roll_call_lists/roll_call_vote_cfm.cfm?congress=116&amp;session=1&amp;vote=00057</url>
            <name>Record Vote Number: 57</name>
          </link>
          <link>
            <url>https://www.congress.gov/congressional-record/volume-165/senate-section/page/S2177</url>
            <name>S2177</name>
          </link>
        </links>
        <sourceSystem>
          <code>0</code>
          <name>Senate</name>
        </sourceSystem>
        <text>Cloture on the motion to proceed to the measure not invoked in Senate by Yea-Nay Vote. 51 - 48. Record Vote Number: 57. (CR S2177)</text>
        <type>Floor</type>
      </item>
      <item>
        <actionDate>2019-04-02</actionDate>
        <committee />
        <links>
          <link>
            <url>https://www.congress.gov/congressional-record/volume-165/senate-section/page/S2163</url>
            <name>S2163</name>
          </link>
        </links>
        <sourceSystem>
          <code>0</code>
          <name>Senate</name>
        </sourceSystem>
        <text>Motion to proceed to measure considered in Senate. (CR S2163)</text>
        <type>Floor</type>
      </item>
      <item>
        <actionDate>2019-03-28</actionDate>
        <committee />
        <links>
          <link>
            <url>https://www.congress.gov/congressional-record/volume-165/senate-section/page/S2082</url>
            <name>S2082</name>
          </link>
        </links>
        <sourceSystem>
          <code>0</code>
          <name>Senate</name>
        </sourceSystem>
        <text>Cloture motion on the motion to proceed presented in Senate. (CR S2082)</text>
        <type>Floor</type>
      </item>
      <item>
        <actionDate>2019-03-28</actionDate>
        <committee />
        <links>
          <link>
            <url>https://www.congress.gov/congressional-record/volume-165/senate-section/page/S2082</url>
            <name>S2082</name>
          </link>
        </links>
        <sourceSystem>
          <code>0</code>
          <name>Senate</name>
        </sourceSystem>
        <text>Motion to proceed to consideration of measure made in Senate. (CR S2082)</text>
        <type>Floor</type>
      </item>
      <item>
        <actionDate>2019-02-13</actionDate>
        <committee />
        <links />
        <sourceSystem>
          <code>0</code>
          <name>Senate</name>
        </sourceSystem>
        <text>Placed on Senate Legislative Calendar under General Orders. Calendar No. 24.</text>
        <type>Calendars</type>
      </item>
      <item>
        <actionDate>2019-02-13</actionDate>
        <committee>
          <systemCode>ssra00</systemCode>
          <name>Rules and Administration Committee</name>
        </committee>
        <links />
        <sourceSystem>
          <code>0</code>
          <name>Senate</name>
        </sourceSystem>
        <text>Committee on Rules and Administration. Reported by Senator Blunt without amendment. Without written report.</text>
        <type>Committee</type>
      </item>
      <item>
        <type>Committee</type>
        <actionCode>14000</actionCode>
        <sourceSystem>
          <code>9</code>
          <name>Library of Congress</name>
        </sourceSystem>
        <actionDate>2019-02-13</actionDate>
        <committee>
          <systemCode>ssra00</systemCode>
          <name>Rules and Administration Committee</name>
        </committee>
        <text>Committee on Rules and Administration. Reported by Senator Blunt without amendment. Without written report.</text>
        <links />
      </item>
      <item>
        <actionDate>2019-02-13</actionDate>
        <committee>
          <systemCode>ssra00</systemCode>
          <name>Rules and Administration Committee</name>
        </committee>
        <links />
        <sourceSystem>
          <code>0</code>
          <name>Senate</name>
        </sourceSystem>
        <text>Committee on Rules and Administration. Ordered to be reported without amendment favorably.</text>
        <type>Committee</type>
      </item>
      <item>
        <actionDate>2019-02-06</actionDate>
        <committee>
          <systemCode>ssra00</systemCode>
          <name>Rules and Administration Committee</name>
        </committee>
        <links>
          <link>
            <url>https://www.congress.gov/congressional-record/volume-165/senate-section/page/S924</url>
            <name>S924</name>
          </link>
        </links>
        <sourceSystem>
          <code>0</code>
          <name>Senate</name>
        </sourceSystem>
        <text>Referred to the Committee on Rules and Administration. (text: CR S924)</text>
        <type>IntroReferral</type>
      </item>
      <item>
        <type>IntroReferral</type>
        <actionCode>10000</actionCode>
        <sourceSystem>
          <code>9</code>
          <name>Library of Congress</name>
        </sourceSystem>
        <actionDate>2019-02-06</actionDate>
        <committee />
        <text>Introduced in Senate</text>
        <links />
      </item>
    </actions>
    <originChamber>Senate</originChamber>
    <billNumber>50</billNumber>
    <notes />
    <committees>
      <billCommittees>
        <item>
          <chamber>Senate</chamber>
          <name>Rules and Administration Committee</name>
          <systemCode>ssra00</systemCode>
          <subcommittees />
          <type>Standing</type>
          <activities>
            <item>
              <date>2019-02-13T19:56:03Z</date>
              <name>Reported by</name>
            </item>
            <item>
              <date>2019-02-13T19:26:27Z</date>
              <name>Markup by</name>
            </item>
            <item>
              <date>2019-02-06T19:35:23Z</date>
              <name>Referred to</name>
            </item>
          </activities>
        </item>
      </billCommittees>
    </committees>
    <cosponsors>
      <item>
        <isOriginalCosponsor>True</isOriginalCosponsor>
        <sponsorshipDate>2019-02-06</sponsorshipDate>
        <sponsorshipWithdrawnDate />
        <identifiers>
          <lisID>1464</lisID>
          <gpoId>8313</gpoId>
          <bioguideId>B000575</bioguideId>
        </identifiers>
        <fullName>Sen. Blunt, Roy [R-MO]</fullName>
        <lastName>Blunt</lastName>
        <firstName>Roy</firstName>
        <party>R</party>
        <state>MO</state>
        <middleName />
        <bioguideId>B000575</bioguideId>
      </item>
    </cosponsors>
    <latestAction>
      <actionDate>2019-04-02</actionDate>
      <text>Motion by Senator McConnell to reconsider the vote by which cloture on the motion to proceed to S. Res. 50 was not invoked (Record Vote No. 57) entered in Senate.</text>
      <links />
    </latestAction>
    <committeeReports />
    <summaries>
      <billSummaries>
        <item>
          <updateDate>2019-02-06T05:00:00Z</updateDate>
          <lastSummaryUpdateDate>2019-04-02T16:27:20Z</lastSummaryUpdateDate>
          <actionDesc>Introduced in Senate</actionDesc>
          <text><![CDATA[<p>This resolution limits Senate post-cloture consideration to two hours for certain nominations. This limitation applies to a nomination to U.S. district courts, to the U.S. Court of Federal Claims, or to an executive branch position that is not </p> <ul> <li> at level I of the Executive Schedule; or</li> <li>as a member of the Equal Employment Opportunity Commission, the Securities and Exchange Commission, the Federal Election Commission, the Federal Energy Regulatory Commission, the Federal Trade Commission, the National Labor Relations Board, the Commodity Futures Trading Commission, the Consumer Product Safety Commission, the Federal Communications Commission, the Surface Transportation Board, the Nuclear Regulatory Commission, the Federal Deposit Insurance Corporation, or the Board of Governors of the Federal Reserve System.</li> </ul> <p>Senate post-cloture consideration of all nominations shall be equally divided between the majority and the minority leaders.</p>]]></text>
          <actionDate>2019-02-06</actionDate>
          <name>Introduced in Senate</name>
          <versionCode>00</versionCode>
        </item>
        <item>
          <updateDate>2019-02-13T18:09:14Z</updateDate>
          <lastSummaryUpdateDate>2019-04-02T16:34:06Z</lastSummaryUpdateDate>
          <actionDesc>Reported to Senate</actionDesc>
          <text><![CDATA[<p>This resolution limits Senate post-cloture consideration to two hours for certain nominations. This limitation applies to a nomination to U.S. district courts, to the U.S. Court of Federal Claims, or to an executive branch position that is not </p> <ul> <li> at level I of the Executive Schedule; or</li> <li>as a member of the Equal Employment Opportunity Commission, the Securities and Exchange Commission, the Federal Election Commission, the Federal Energy Regulatory Commission, the Federal Trade Commission, the National Labor Relations Board, the Commodity Futures Trading Commission, the Consumer Product Safety Commission, the Federal Communications Commission, the Surface Transportation Board, the Nuclear Regulatory Commission, the Federal Deposit Insurance Corporation, or the Board of Governors of the Federal Reserve System.</li> </ul> <p>Senate post-cloture consideration of all nominations shall be equally divided between the majority and the minority leaders.</p>]]></text>
          <actionDate>2019-02-13</actionDate>
          <name>Reported to Senate</name>
          <versionCode>25</versionCode>
        </item>
      </billSummaries>
    </summaries>
    <recordedVotes>
      <recordedVote>
        <sessionNumber>1</sessionNumber>
        <rollNumber>57</rollNumber>
        <date>2019-04-02T18:43:24Z</date>
        <fullActionName>CLOTURE MOTION</fullActionName>
        <congress>116</congress>
        <chamber>Senate</chamber>
        <url>http://www.senate.gov/legislative/LIS/roll_call_lists/roll_call_vote_cfm.cfm?&amp;congress=116&amp;session=1&amp;vote=00057</url>
      </recordedVote>
    </recordedVotes>
    <calendarNumbers>
      <item>
        <number>0024</number>
        <calendar>Senate Calendar of Business</calendar>
      </item>
    </calendarNumbers>
    <cboCostEstimates />
    <laws />
    <billType>SRES</billType>
    <policyArea>
      <name>Congress</name>
    </policyArea>
    <relatedBills />
    <updateDate>2019-04-11T15:42:27Z</updateDate>
    <subjects>
      <billSubjects>
        <legislativeSubjects>
          <item>
            <name>Federal district courts</name>
          </item>
          <item>
            <name>Federal officials</name>
          </item>
          <item>
            <name>Judges</name>
          </item>
          <item>
            <name>Legislative rules and procedure</name>
          </item>
          <item>
            <name>Senate</name>
          </item>
        </legislativeSubjects>
        <policyArea>
          <name>Congress</name>
        </policyArea>
      </billSubjects>
    </subjects>
    <titles>
      <item>
        <titleType>Official Title as Introduced</titleType>
        <title>A resolution improving procedures for the consideration of nominations in the Senate.</title>
        <parentTitleType />
        <chamberCode />
        <chamberName />
      </item>
      <item>
        <titleType>Display Title</titleType>
        <title>A resolution improving procedures for the consideration of nominations in the Senate.</title>
        <parentTitleType />
        <chamberCode />
        <chamberName />
      </item>
    </titles>
    <congress>116</congress>
    <introducedDate>2019-02-06</introducedDate>
    <amendments />
    <version>1.0.0</version>
    <textVersions>
      <item>
        <type>Reported to Senate</type>
        <formats>
          <item>
            <url>https://www.govinfo.gov/content/pkg/BILLS-116sres50rs/xml/BILLS-116sres50rs.xml</url>
          </item>
        </formats>
        <date>2019-02-13T05:00:00Z</date>
      </item>
      <item>
        <type>Introduced in Senate</type>
        <formats>
          <item>
            <url>https://www.govinfo.gov/content/pkg/BILLS-116sres50is/xml/BILLS-116sres50is.xml</url>
          </item>
        </formats>
        <date>2019-02-06T05:00:00Z</date>
      </item>
    </textVersions>
    <sponsors>
      <item>
        <lastName>Lankford</lastName>
        <state>OK</state>
        <party>R</party>
        <byRequestType />
        <firstName>James</firstName>
        <bioguideId>L000575</bioguideId>
        <middleName />
        <fullName>Sen. Lankford, James [R-OK]</fullName>
        <identifiers>
          <lisID>2050</lisID>
          <bioguideId>L000575</bioguideId>
          <gpoId>8113</gpoId>
        </identifiers>
      </item>
    </sponsors>
    <title>A resolution improving procedures for the consideration of nominations in the Senate.</title>
  </bill>
  <dublinCore xmlns:dc="http://purl.org/dc/elements/1.1/">
    <dc:format>text/xml</dc:format>
    <dc:language>EN</dc:language>
    <dc:rights>Pursuant to Title 17 Section 105 of the United States Code, this file is not subject to copyright protection and is in the public domain.</dc:rights>
    <dc:contributor>Congressional Research Service, Library of Congress</dc:contributor>
    <dc:description>This file contains bill summaries and statuses for federal legislation. A bill summary describes the most significant provisions of a piece of legislation and details the effects the legislative text may have on current law and federal programs. Bill summaries are authored by the Congressional Research Service (CRS) of the Library of Congress. As stated in Public Law 91-510 (2 USC 166 (d)(6)), one of the duties of CRS is "to prepare summaries and digests of bills and resolutions of a public general nature introduced in the Senate or House of Representatives". For more information, refer to the User Guide that accompanies this file.</dc:description>
  </dublinCore>
</billStatus>

