<?xml version="1.0" encoding="UTF-8"?>
<billStatus>
  <bill>
    <committees>
      <billCommittees />
    </committees>
    <textVersions>
      <item>
        <type>Agreed to Senate</type>
        <date>2019-02-28T05:00:00Z</date>
        <formats>
          <item>
            <url>https://www.govinfo.gov/content/pkg/BILLS-116sres89ats/xml/BILLS-116sres89ats.xml</url>
          </item>
        </formats>
      </item>
    </textVersions>
    <introducedDate>2019-02-28</introducedDate>
    <updateDate>2019-07-31T07:34:04Z</updateDate>
    <recordedVotes />
    <title>A resolution expressing the condolences of the Senate and honoring the memory of the victims of the mass shooting in Aurora, Illinois, on February 15, 2019.</title>
    <billType>SRES</billType>
    <subjects>
      <billSubjects>
        <legislativeSubjects>
          <item>
            <name>Congressional tributes</name>
          </item>
          <item>
            <name>Crime victims</name>
          </item>
          <item>
            <name>Emergency medical services and trauma care</name>
          </item>
          <item>
            <name>Firearms and explosives</name>
          </item>
          <item>
            <name>First responders and emergency personnel</name>
          </item>
          <item>
            <name>Health personnel</name>
          </item>
          <item>
            <name>Illinois</name>
          </item>
          <item>
            <name>Law enforcement officers</name>
          </item>
          <item>
            <name>Violent crime</name>
          </item>
        </legislativeSubjects>
        <policyArea>
          <name>Crime and Law Enforcement</name>
        </policyArea>
      </billSubjects>
    </subjects>
    <actions>
      <actionTypeCounts>
        <passedOrAgreedToInSenateDayOf>1</passedOrAgreedToInSenateDayOf>
        <passedAgreedToInSenate>1</passedAgreedToInSenate>
        <introducedInSenate>1</introducedInSenate>
      </actionTypeCounts>
      <actionByCounts>
        <senate>3</senate>
      </actionByCounts>
      <item>
        <actionDate>2019-02-28</actionDate>
        <committee />
        <links>
          <link>
            <name>S1603</name>
            <url>https://www.congress.gov/congressional-record/volume-165/senate-section/page/S1603</url>
          </link>
          <link>
            <name>S1606</name>
            <url>https://www.congress.gov/congressional-record/volume-165/senate-section/page/S1606</url>
          </link>
        </links>
        <sourceSystem>
          <code>0</code>
          <name>Senate</name>
        </sourceSystem>
        <text>Submitted in the Senate, considered, and agreed to without amendment and with a preamble by Unanimous Consent. (consideration: CR S1606; text: CR S1603)</text>
        <type>Floor</type>
      </item>
      <item>
        <actionDate>2019-02-28</actionDate>
        <text>Passed/agreed to in Senate: Submitted in the Senate, considered, and agreed to without amendment and with a preamble by Unanimous Consent.(consideration: CR S1606; text: CR S1603)</text>
        <actionCode>17000</actionCode>
        <committee />
        <sourceSystem>
          <code>9</code>
          <name>Library of Congress</name>
        </sourceSystem>
        <type>Floor</type>
        <links>
          <link>
            <name>S1603</name>
            <url>https://www.congress.gov/congressional-record/volume-165/senate-section/page/S1603</url>
          </link>
          <link>
            <name>S1606</name>
            <url>https://www.congress.gov/congressional-record/volume-165/senate-section/page/S1606</url>
          </link>
        </links>
      </item>
      <item>
        <actionDate>2019-02-28</actionDate>
        <text>Introduced in Senate</text>
        <actionCode>10000</actionCode>
        <committee />
        <sourceSystem>
          <code>9</code>
          <name>Library of Congress</name>
        </sourceSystem>
        <type>IntroReferral</type>
        <links />
      </item>
    </actions>
    <policyArea>
      <name>Crime and Law Enforcement</name>
    </policyArea>
    <laws />
    <originChamber>Senate</originChamber>
    <summaries>
      <billSummaries>
        <item>
          <actionDate>2019-02-28</actionDate>
          <actionDesc>Introduced in Senate</actionDesc>
          <text><![CDATA[<p>This resolution expresses condolences to the families, friends, and loved ones of the individuals who were killed in the shooting in Aurora, Illinois, on February 15, 2019.</p>]]></text>
          <name>Introduced in Senate</name>
          <lastSummaryUpdateDate>2019-03-18T14:54:57Z</lastSummaryUpdateDate>
          <updateDate>2019-02-28T05:00:00Z</updateDate>
          <versionCode>00</versionCode>
        </item>
        <item>
          <actionDate>2019-02-28</actionDate>
          <actionDesc>Passed Senate</actionDesc>
          <text><![CDATA[<p>This resolution expresses condolences to the families, friends, and loved ones of the individuals who were killed in the shooting in Aurora, Illinois, on February 15, 2019.</p>]]></text>
          <name>Passed Senate</name>
          <lastSummaryUpdateDate>2019-07-24T16:25:22Z</lastSummaryUpdateDate>
          <updateDate>2019-02-28T20:12:58Z</updateDate>
          <versionCode>55</versionCode>
        </item>
      </billSummaries>
    </summaries>
    <notes />
    <committeeReports />
    <version>1.0.0</version>
    <titles>
      <item>
        <title>A resolution expressing the condolences of the Senate and honoring the memory of the victims of the mass shooting in Aurora, Illinois, on February 15, 2019.</title>
        <chamberCode />
        <titleType>Official Title as Introduced</titleType>
        <parentTitleType />
        <chamberName />
      </item>
      <item>
        <title>A resolution expressing the condolences of the Senate and honoring the memory of the victims of the mass shooting in Aurora, Illinois, on February 15, 2019.</title>
        <chamberCode />
        <titleType>Display Title</titleType>
        <parentTitleType />
        <chamberName />
      </item>
    </titles>
    <cosponsors>
      <item>
        <party>D</party>
        <middleName />
        <firstName>Tammy</firstName>
        <lastName>Duckworth</lastName>
        <sponsorshipWithdrawnDate />
        <bioguideId>D000622</bioguideId>
        <sponsorshipDate>2019-02-28</sponsorshipDate>
        <state>IL</state>
        <identifiers>
          <bioguideId>D000622</bioguideId>
          <gpoId />
          <lisID>2123</lisID>
        </identifiers>
        <isOriginalCosponsor>True</isOriginalCosponsor>
        <fullName>Sen. Duckworth, Tammy [D-IL]</fullName>
      </item>
    </cosponsors>
    <congress>116</congress>
    <createDate>2019-03-01T05:40:08Z</createDate>
    <billNumber>89</billNumber>
    <cboCostEstimates />
    <latestAction>
      <text>Submitted in the Senate, considered, and agreed to without amendment and with a preamble by Unanimous Consent. (consideration: CR S1606; text: CR S1603)</text>
      <links />
      <actionDate>2019-02-28</actionDate>
    </latestAction>
    <calendarNumbers />
    <relatedBills>
      <item>
        <relationshipDetails>
          <item>
            <type>Identical bill</type>
            <identifiedBy>CRS</identifiedBy>
          </item>
        </relationshipDetails>
        <congress>116</congress>
        <type>HRES</type>
        <latestTitle>Expressing the condolences of the House of Representatives and honoring the memory of the victims of the mass shooting in Aurora, Illinois, on February 15, 2019.</latestTitle>
        <latestAction>
          <text>Referred to the House Committee on Oversight and Reform.</text>
          <actionDate>2019-02-28</actionDate>
        </latestAction>
        <number>162</number>
      </item>
    </relatedBills>
    <sponsors>
      <item>
        <bioguideId>D000563</bioguideId>
        <firstName>RICHARD</firstName>
        <fullName>Sen. Durbin, Richard J. [D-IL]</fullName>
        <party>D</party>
        <middleName>J.</middleName>
        <identifiers>
          <gpoId>8326</gpoId>
          <bioguideId>D000563</bioguideId>
          <lisID>326</lisID>
        </identifiers>
        <byRequestType />
        <lastName>DURBIN</lastName>
        <state>IL</state>
      </item>
    </sponsors>
    <amendments />
  </bill>
  <dublinCore xmlns:dc="http://purl.org/dc/elements/1.1/">
    <dc:format>text/xml</dc:format>
    <dc:language>EN</dc:language>
    <dc:rights>Pursuant to Title 17 Section 105 of the United States Code, this file is not subject to copyright protection and is in the public domain.</dc:rights>
    <dc:contributor>Congressional Research Service, Library of Congress</dc:contributor>
    <dc:description>This file contains bill summaries and statuses for federal legislation. A bill summary describes the most significant provisions of a piece of legislation and details the effects the legislative text may have on current law and federal programs. Bill summaries are authored by the Congressional Research Service (CRS) of the Library of Congress. As stated in Public Law 91-510 (2 USC 166 (d)(6)), one of the duties of CRS is "to prepare summaries and digests of bills and resolutions of a public general nature introduced in the Senate or House of Representatives". For more information, refer to the User Guide that accompanies this file.</dc:description>
  </dublinCore>
</billStatus>

