<?xml version="1.0" encoding="UTF-8"?>
<billStatus>
  <bill>
    <title>A resolution recognizing the contributions of defense laboratories to the technological dominance of the United States Armed Forces and supporting the designation of April 25, 2019, as "Department of Defense Laboratory Day 2019".</title>
    <titles>
      <item>
        <parentTitleType />
        <chamberCode />
        <title>A resolution recognizing the contributions of defense laboratories to the technological dominance of the United States Armed Forces and supporting the designation of April 25, 2019, as "Department of Defense Laboratory Day 2019".</title>
        <chamberName />
        <titleType>Official Title as Introduced</titleType>
      </item>
      <item>
        <parentTitleType />
        <chamberCode />
        <title>A resolution recognizing the contributions of defense laboratories to the technological dominance of the United States Armed Forces and supporting the designation of April 25, 2019, as "Department of Defense Laboratory Day 2019".</title>
        <chamberName />
        <titleType>Display Title</titleType>
      </item>
    </titles>
    <originChamber>Senate</originChamber>
    <laws />
    <committeeReports />
    <cboCostEstimates />
    <calendarNumbers />
    <recordedVotes />
    <updateDate>2019-07-31T07:34:08Z</updateDate>
    <latestAction>
      <actionDate>2019-05-02</actionDate>
      <text>Resolution agreed to in Senate without amendment and with a preamble by Unanimous Consent. (text: CR 4/11/2019 S2439-2440)</text>
      <links />
    </latestAction>
    <committees>
      <billCommittees>
        <item>
          <type>Standing</type>
          <subcommittees />
          <activities>
            <item>
              <date>2019-05-02T20:38:32Z</date>
              <name>Discharged from</name>
            </item>
            <item>
              <date>2019-04-11T18:08:24Z</date>
              <name>Referred to</name>
            </item>
          </activities>
          <chamber>Senate</chamber>
          <name>Armed Services Committee</name>
          <systemCode>ssas00</systemCode>
        </item>
      </billCommittees>
    </committees>
    <amendments />
    <textVersions>
      <item>
        <type>Agreed to Senate</type>
        <date>2019-05-02T04:00:00Z</date>
        <formats>
          <item>
            <url>https://www.govinfo.gov/content/pkg/BILLS-116sres160ats/xml/BILLS-116sres160ats.xml</url>
          </item>
        </formats>
      </item>
      <item>
        <type>Introduced in Senate</type>
        <date>2019-04-11T04:00:00Z</date>
        <formats>
          <item>
            <url>https://www.govinfo.gov/content/pkg/BILLS-116sres160is/xml/BILLS-116sres160is.xml</url>
          </item>
        </formats>
      </item>
    </textVersions>
    <notes />
    <sponsors>
      <item>
        <party>D</party>
        <bioguideId>J000300</bioguideId>
        <firstName>Doug</firstName>
        <lastName>Jones</lastName>
        <middleName />
        <state>AL</state>
        <identifiers>
          <gpoId />
          <lisID>2364</lisID>
          <bioguideId>J000300</bioguideId>
        </identifiers>
        <fullName>Sen. Jones, Doug  [D-AL]</fullName>
        <byRequestType />
      </item>
    </sponsors>
    <cosponsors>
      <item>
        <fullName>Sen. Shaheen, Jeanne [D-NH]</fullName>
        <party>D</party>
        <bioguideId>S001181</bioguideId>
        <lastName>Shaheen</lastName>
        <middleName />
        <state>NH</state>
        <isOriginalCosponsor>True</isOriginalCosponsor>
        <sponsorshipWithdrawnDate />
        <sponsorshipDate>2019-04-11</sponsorshipDate>
        <identifiers>
          <lisID>1901</lisID>
          <bioguideId>S001181</bioguideId>
          <gpoId>8276</gpoId>
        </identifiers>
        <firstName>Jeanne</firstName>
      </item>
      <item>
        <fullName>Sen. Schumer, Charles E. [D-NY]</fullName>
        <party>D</party>
        <bioguideId>S000148</bioguideId>
        <lastName>SCHUMER</lastName>
        <middleName>E.</middleName>
        <state>NY</state>
        <isOriginalCosponsor>True</isOriginalCosponsor>
        <sponsorshipWithdrawnDate />
        <sponsorshipDate>2019-04-11</sponsorshipDate>
        <identifiers>
          <gpoId>8279</gpoId>
          <lisID>1036</lisID>
          <bioguideId>S000148</bioguideId>
        </identifiers>
        <firstName>CHARLES</firstName>
      </item>
      <item>
        <fullName>Sen. Reed, Jack [D-RI]</fullName>
        <party>D</party>
        <bioguideId>R000122</bioguideId>
        <lastName>REED</lastName>
        <middleName>F.</middleName>
        <state>RI</state>
        <isOriginalCosponsor>True</isOriginalCosponsor>
        <sponsorshipWithdrawnDate />
        <sponsorshipDate>2019-04-11</sponsorshipDate>
        <identifiers>
          <lisID>949</lisID>
          <gpoId>8272</gpoId>
          <bioguideId>R000122</bioguideId>
        </identifiers>
        <firstName>JOHN</firstName>
      </item>
      <item>
        <fullName>Sen. Duckworth, Tammy [D-IL]</fullName>
        <party>D</party>
        <bioguideId>D000622</bioguideId>
        <lastName>Duckworth</lastName>
        <middleName />
        <state>IL</state>
        <isOriginalCosponsor>True</isOriginalCosponsor>
        <sponsorshipWithdrawnDate />
        <sponsorshipDate>2019-04-11</sponsorshipDate>
        <identifiers>
          <bioguideId>D000622</bioguideId>
          <gpoId />
          <lisID>2123</lisID>
        </identifiers>
        <firstName>Tammy</firstName>
      </item>
      <item>
        <fullName>Sen. Wicker, Roger F. [R-MS]</fullName>
        <party>R</party>
        <bioguideId>W000437</bioguideId>
        <lastName>WICKER</lastName>
        <middleName>F.</middleName>
        <state>MS</state>
        <isOriginalCosponsor>True</isOriginalCosponsor>
        <sponsorshipWithdrawnDate />
        <sponsorshipDate>2019-04-11</sponsorshipDate>
        <identifiers>
          <gpoId>8263</gpoId>
          <lisID>1226</lisID>
          <bioguideId>W000437</bioguideId>
        </identifiers>
        <firstName>ROGER</firstName>
      </item>
      <item>
        <fullName>Sen. Hyde-Smith, Cindy [R-MS]</fullName>
        <party>R</party>
        <bioguideId>H001079</bioguideId>
        <lastName>Hyde-Smith</lastName>
        <middleName />
        <state>MS</state>
        <isOriginalCosponsor>True</isOriginalCosponsor>
        <sponsorshipWithdrawnDate />
        <sponsorshipDate>2019-04-11</sponsorshipDate>
        <identifiers>
          <gpoId />
          <bioguideId>H001079</bioguideId>
          <lisID>2366</lisID>
        </identifiers>
        <firstName>Cindy</firstName>
      </item>
      <item>
        <fullName>Sen. Peters, Gary C. [D-MI]</fullName>
        <party>D</party>
        <bioguideId>P000595</bioguideId>
        <lastName>Peters</lastName>
        <middleName>C.</middleName>
        <state>MI</state>
        <isOriginalCosponsor>True</isOriginalCosponsor>
        <sponsorshipWithdrawnDate />
        <sponsorshipDate>2019-04-11</sponsorshipDate>
        <identifiers>
          <bioguideId>P000595</bioguideId>
          <lisID>1929</lisID>
          <gpoId>7994</gpoId>
        </identifiers>
        <firstName>Gary</firstName>
      </item>
      <item>
        <fullName>Sen. Tillis, Thom [R-NC]</fullName>
        <party>R</party>
        <bioguideId>T000476</bioguideId>
        <lastName>Tillis</lastName>
        <middleName>Roland</middleName>
        <state>NC</state>
        <isOriginalCosponsor>True</isOriginalCosponsor>
        <sponsorshipWithdrawnDate />
        <sponsorshipDate>2019-04-11</sponsorshipDate>
        <identifiers>
          <lisID>2291</lisID>
          <gpoId />
          <bioguideId>T000476</bioguideId>
        </identifiers>
        <firstName>Thomas</firstName>
      </item>
      <item>
        <fullName>Sen. Brown, Sherrod [D-OH]</fullName>
        <party>D</party>
        <bioguideId>B000944</bioguideId>
        <lastName>Brown</lastName>
        <middleName />
        <state>OH</state>
        <isOriginalCosponsor>True</isOriginalCosponsor>
        <sponsorshipWithdrawnDate />
        <sponsorshipDate>2019-04-11</sponsorshipDate>
        <identifiers>
          <gpoId>8309</gpoId>
          <lisID>136</lisID>
          <bioguideId>B000944</bioguideId>
        </identifiers>
        <firstName>Sherrod</firstName>
      </item>
      <item>
        <fullName>Sen. Sullivan, Dan  [R-AK]</fullName>
        <party>R</party>
        <bioguideId>S001198</bioguideId>
        <lastName>Sullivan</lastName>
        <middleName />
        <state>AK</state>
        <isOriginalCosponsor>False</isOriginalCosponsor>
        <sponsorshipWithdrawnDate />
        <sponsorshipDate>2019-04-30</sponsorshipDate>
        <identifiers>
          <bioguideId>S001198</bioguideId>
          <gpoId />
          <lisID>2290</lisID>
        </identifiers>
        <firstName>Dan</firstName>
      </item>
    </cosponsors>
    <actions>
      <actionByCounts>
        <senate>6</senate>
      </actionByCounts>
      <item>
        <actionDate>2019-05-02</actionDate>
        <committee />
        <links>
          <link>
            <url>https://www.congress.gov/congressional-record/volume-165/senate-section/page/S2439</url>
            <name>CR 4/11/2019 S2439</name>
          </link>
        </links>
        <sourceSystem>
          <code>0</code>
          <name>Senate</name>
        </sourceSystem>
        <text>Resolution agreed to in Senate without amendment and with a preamble by Unanimous Consent. (text: CR 4/11/2019 S2439-2440)</text>
        <type>Floor</type>
      </item>
      <item>
        <actionDate>2019-05-02</actionDate>
        <committee />
        <links />
        <sourceSystem>
          <code>9</code>
          <name>Library of Congress</name>
        </sourceSystem>
        <type>Floor</type>
        <actionCode>17000</actionCode>
        <text>Passed/agreed to in Senate: Resolution agreed to in Senate without amendment and with a preamble by Unanimous Consent.(text: CR 4/11/2019 S2439-2440)</text>
      </item>
      <item>
        <actionDate>2019-05-02</actionDate>
        <committee>
          <systemCode>ssas00</systemCode>
          <name>Armed Services Committee</name>
        </committee>
        <links>
          <link>
            <url>https://www.congress.gov/congressional-record/volume-165/senate-section/page/S2623</url>
            <name>S2623</name>
          </link>
        </links>
        <sourceSystem>
          <name>Senate</name>
          <code>0</code>
        </sourceSystem>
        <text>Senate Committee on Armed Services discharged by Unanimous Consent. (consideration: CR S2623)</text>
        <type>Discharge</type>
      </item>
      <item>
        <actionDate>2019-05-02</actionDate>
        <committee>
          <systemCode>ssas00</systemCode>
          <name>Armed Services Committee</name>
        </committee>
        <links>
          <link>
            <url>https://www.congress.gov/congressional-record/volume-165/senate-section/page/S2623</url>
            <name>S2623</name>
          </link>
        </links>
        <text>Senate Committee on Armed Services discharged by Unanimous Consent.(consideration: CR S2623)</text>
        <type>Committee</type>
        <actionCode>14500</actionCode>
        <sourceSystem>
          <name>Library of Congress</name>
          <code>9</code>
        </sourceSystem>
      </item>
      <item>
        <actionDate>2019-04-11</actionDate>
        <committee>
          <systemCode>ssas00</systemCode>
          <name>Armed Services Committee</name>
        </committee>
        <links />
        <sourceSystem>
          <name>Senate</name>
          <code>0</code>
        </sourceSystem>
        <text>Referred to the Committee on Armed Services.</text>
        <type>IntroReferral</type>
      </item>
      <item>
        <actionDate>2019-04-11</actionDate>
        <committee />
        <links />
        <sourceSystem>
          <code>9</code>
          <name>Library of Congress</name>
        </sourceSystem>
        <type>IntroReferral</type>
        <actionCode>10000</actionCode>
        <text>Introduced in Senate</text>
      </item>
      <actionTypeCounts>
        <agreedToInSenate>1</agreedToInSenate>
        <introducedInSenate>1</introducedInSenate>
        <passedAgreedToInSenate>1</passedAgreedToInSenate>
        <committeeDischarged>1</committeeDischarged>
        <senateCommitteeDischarged>1</senateCommitteeDischarged>
        <referredToCommittee>1</referredToCommittee>
      </actionTypeCounts>
    </actions>
    <congress>116</congress>
    <createDate>2019-04-12T04:57:08Z</createDate>
    <policyArea>
      <name>Armed Forces and National Security</name>
    </policyArea>
    <summaries>
      <billSummaries>
        <item>
          <versionCode>00</versionCode>
          <actionDate>2019-04-11</actionDate>
          <lastSummaryUpdateDate>2019-07-25T21:24:45Z</lastSummaryUpdateDate>
          <actionDesc>Introduced in Senate</actionDesc>
          <updateDate>2019-04-11T04:00:00Z</updateDate>
          <name>Introduced in Senate</name>
          <text><![CDATA[<p>This resolution supports the designation of April 25, 2019, as Department of Defense Laboratory Day 2019 and recognizes the contributions of the Department of Defense laboratories.</p>]]></text>
        </item>
        <item>
          <versionCode>55</versionCode>
          <actionDate>2019-05-02</actionDate>
          <lastSummaryUpdateDate>2019-07-25T21:26:27Z</lastSummaryUpdateDate>
          <actionDesc>Passed Senate</actionDesc>
          <updateDate>2019-05-02T13:55:24Z</updateDate>
          <name>Passed Senate</name>
          <text><![CDATA[<p>This resolution supports the designation of April 25, 2019, as Department of Defense Laboratory Day 2019 and recognizes the contributions of the Department of Defense laboratories.</p>]]></text>
        </item>
      </billSummaries>
    </summaries>
    <subjects>
      <billSubjects>
        <legislativeSubjects>
          <item>
            <name>Advanced technology and technological innovations</name>
          </item>
          <item>
            <name>Commemorative events and holidays</name>
          </item>
          <item>
            <name>Competitiveness, trade promotion, trade deficits</name>
          </item>
          <item>
            <name>Congressional tributes</name>
          </item>
          <item>
            <name>Department of Defense</name>
          </item>
          <item>
            <name>Government buildings, facilities, and property</name>
          </item>
          <item>
            <name>Military procurement, research, weapons development</name>
          </item>
          <item>
            <name>Research administration and funding</name>
          </item>
          <item>
            <name>Research and development</name>
          </item>
          <item>
            <name>Science and engineering education</name>
          </item>
        </legislativeSubjects>
        <policyArea>
          <name>Armed Forces and National Security</name>
        </policyArea>
      </billSubjects>
    </subjects>
    <introducedDate>2019-04-11</introducedDate>
    <billType>SRES</billType>
    <version>1.0.0</version>
    <relatedBills />
    <billNumber>160</billNumber>
  </bill>
  <dublinCore xmlns:dc="http://purl.org/dc/elements/1.1/">
    <dc:format>text/xml</dc:format>
    <dc:language>EN</dc:language>
    <dc:rights>Pursuant to Title 17 Section 105 of the United States Code, this file is not subject to copyright protection and is in the public domain.</dc:rights>
    <dc:contributor>Congressional Research Service, Library of Congress</dc:contributor>
    <dc:description>This file contains bill summaries and statuses for federal legislation. A bill summary describes the most significant provisions of a piece of legislation and details the effects the legislative text may have on current law and federal programs. Bill summaries are authored by the Congressional Research Service (CRS) of the Library of Congress. As stated in Public Law 91-510 (2 USC 166 (d)(6)), one of the duties of CRS is "to prepare summaries and digests of bills and resolutions of a public general nature introduced in the Senate or House of Representatives". For more information, refer to the User Guide that accompanies this file.</dc:description>
  </dublinCore>
</billStatus>

