<?xml version="1.0" encoding="UTF-8"?>
<billStatus>
  <bill>
    <latestAction>
      <text>Resolution agreed to in Senate without amendment by Unanimous Consent. (consideration: CR S1519 text: CR 2/13/2019 S1329-1335)</text>
      <actionDate>2019-02-27</actionDate>
      <links />
    </latestAction>
    <updateDate>2019-10-25T15:36:57Z</updateDate>
    <version>1.0.0</version>
    <amendments />
    <policyArea>
      <name>Congress</name>
    </policyArea>
    <textVersions>
      <item>
        <formats>
          <item>
            <url>https://www.govinfo.gov/content/pkg/BILLS-116sres70ats/xml/BILLS-116sres70ats.xml</url>
          </item>
        </formats>
        <type>Agreed to Senate</type>
        <date>2019-02-27T05:00:00Z</date>
      </item>
      <item>
        <formats>
          <item>
            <url>https://www.govinfo.gov/content/pkg/BILLS-116sres70rs/xml/BILLS-116sres70rs.xml</url>
          </item>
        </formats>
        <type>Reported to Senate</type>
        <date>2019-02-13T05:00:00Z</date>
      </item>
    </textVersions>
    <committeeReports />
    <billType>SRES</billType>
    <relatedBills />
    <cosponsors />
    <cboCostEstimates />
    <title>An original resolution authorizing expenditures by committees of the Senate for the periods March 1, 2019 through September 30, 2019, October 1, 2019 through September 30, 2020, and October 1, 2020 through February 28, 2021.</title>
    <subjects>
      <billSubjects>
        <policyArea>
          <name>Congress</name>
        </policyArea>
        <legislativeSubjects>
          <item>
            <name>Congressional committees</name>
          </item>
          <item>
            <name>Senate Committee on Agriculture, Nutrition, and Forestry</name>
          </item>
          <item>
            <name>Senate Committee on Armed Services</name>
          </item>
          <item>
            <name>Senate Committee on Banking, Housing, and Urban Affairs</name>
          </item>
          <item>
            <name>Senate Committee on Commerce, Science, and Transportation</name>
          </item>
          <item>
            <name>Senate Committee on Energy and Natural Resources</name>
          </item>
          <item>
            <name>Senate Committee on Environment and Public Works</name>
          </item>
          <item>
            <name>Senate Committee on Finance</name>
          </item>
          <item>
            <name>Senate Committee on Foreign Relations</name>
          </item>
          <item>
            <name>Senate Committee on Health, Education, Labor, and Pensions</name>
          </item>
          <item>
            <name>Senate Committee on Homeland Security and Governmental Affairs</name>
          </item>
          <item>
            <name>Senate Committee on Indian Affairs</name>
          </item>
          <item>
            <name>Senate Committee on Rules and Administration</name>
          </item>
          <item>
            <name>Senate Committee on Small Business and Entrepreneurship</name>
          </item>
          <item>
            <name>Senate Committee on Veterans' Affairs</name>
          </item>
          <item>
            <name>Senate Committee on the Budget</name>
          </item>
          <item>
            <name>Senate Committee on the Judiciary</name>
          </item>
          <item>
            <name>Senate Select Committee on Intelligence</name>
          </item>
          <item>
            <name>Senate Special Committee on Aging</name>
          </item>
        </legislativeSubjects>
      </billSubjects>
    </subjects>
    <committees>
      <billCommittees>
        <item>
          <systemCode>ssra00</systemCode>
          <subcommittees />
          <type>Standing</type>
          <activities>
            <item>
              <name>Reported original measure</name>
              <date>2019-02-13T20:01:09Z</date>
            </item>
          </activities>
          <chamber>Senate</chamber>
          <name>Rules and Administration Committee</name>
        </item>
      </billCommittees>
    </committees>
    <laws />
    <originChamber>Senate</originChamber>
    <sponsors>
      <item>
        <bioguideId>B000575</bioguideId>
        <fullName>Sen. Blunt, Roy [R-MO]</fullName>
        <identifiers>
          <bioguideId>B000575</bioguideId>
          <gpoId>8313</gpoId>
          <lisID>1464</lisID>
        </identifiers>
        <party>R</party>
        <state>MO</state>
        <byRequestType />
        <lastName>Blunt</lastName>
        <middleName />
        <firstName>Roy</firstName>
      </item>
    </sponsors>
    <introducedDate>2019-02-13</introducedDate>
    <summaries>
      <billSummaries>
        <item>
          <actionDate>2019-02-13</actionDate>
          <lastSummaryUpdateDate>2019-03-01T20:10:35Z</lastSummaryUpdateDate>
          <versionCode>00</versionCode>
          <actionDesc>Introduced in Senate</actionDesc>
          <text><![CDATA[<p>This resolution authorizes expenditures by the following Senate committees for March 1, 2019-September 30, 2019, for FY2020, and for October 1, 2020-February 28, 2021: (1) Agriculture, Nutrition, and Forestry; (2) Armed Services; (3) Banking, Housing, and Urban Affairs; (4) Budget; (5) Commerce, Science, and Transportation; (6) Energy and Natural Resources; (7) Environment and Public Works; (8) Finance; (9) Foreign Relations; (10) Health, Education, Labor, and Pensions; (11) Homeland Security and Governmental Affairs; (12) Judiciary; (13) Rules and Administration; (14) Small Business and Entrepreneurship; (15) Veterans' Affairs; (16) Special Committee on Aging; (17) Select Committee on Intelligence; and (18) Indian Affairs. The resolution requires committee expenses, with specified exceptions, to be paid from the contingent fund of the Senate upon vouchers approved by the chair of the applicable committee. </p> <p> The resolution authorizes establishment of a special reserve within funds in the Expenses of Inquiries and Investigations account, to be available to any committee to meet specified unpaid obligations or expenses.</p>]]></text>
          <name>Introduced in Senate</name>
          <updateDate>2019-02-13T05:00:00Z</updateDate>
        </item>
        <item>
          <actionDate>2019-02-13</actionDate>
          <lastSummaryUpdateDate>2019-03-01T20:10:28Z</lastSummaryUpdateDate>
          <versionCode>25</versionCode>
          <actionDesc>Reported to Senate</actionDesc>
          <text><![CDATA[<p>This resolution authorizes expenditures by the following Senate committees for March 1, 2019-September 30, 2019, for FY2020, and for October 1, 2020-February 28, 2021: (1) Agriculture, Nutrition, and Forestry; (2) Armed Services; (3) Banking, Housing, and Urban Affairs; (4) Budget; (5) Commerce, Science, and Transportation; (6) Energy and Natural Resources; (7) Environment and Public Works; (8) Finance; (9) Foreign Relations; (10) Health, Education, Labor, and Pensions; (11) Homeland Security and Governmental Affairs; (12) Judiciary; (13) Rules and Administration; (14) Small Business and Entrepreneurship; (15) Veterans' Affairs; (16) Special Committee on Aging; (17) Select Committee on Intelligence; and (18) Indian Affairs. The resolution requires committee expenses, with specified exceptions, to be paid from the contingent fund of the Senate upon vouchers approved by the chair of the applicable committee. </p> <p> The resolution authorizes establishment of a special reserve within funds in the Expenses of Inquiries and Investigations account, to be available to any committee to meet specified unpaid obligations or expenses.</p>]]></text>
          <name>Reported to Senate</name>
          <updateDate>2019-02-13T18:09:43Z</updateDate>
        </item>
        <item>
          <actionDate>2019-02-27</actionDate>
          <lastSummaryUpdateDate>2019-03-01T20:10:21Z</lastSummaryUpdateDate>
          <versionCode>55</versionCode>
          <actionDesc>Passed Senate</actionDesc>
          <text><![CDATA[<p>This resolution authorizes expenditures by the following Senate committees for March 1, 2019-September 30, 2019, for FY2020, and for October 1, 2020-February 28, 2021: (1) Agriculture, Nutrition, and Forestry; (2) Armed Services; (3) Banking, Housing, and Urban Affairs; (4) Budget; (5) Commerce, Science, and Transportation; (6) Energy and Natural Resources; (7) Environment and Public Works; (8) Finance; (9) Foreign Relations; (10) Health, Education, Labor, and Pensions; (11) Homeland Security and Governmental Affairs; (12) Judiciary; (13) Rules and Administration; (14) Small Business and Entrepreneurship; (15) Veterans' Affairs; (16) Special Committee on Aging; (17) Select Committee on Intelligence; and (18) Indian Affairs. The resolution requires committee expenses, with specified exceptions, to be paid from the contingent fund of the Senate upon vouchers approved by the chair of the applicable committee. </p> <p> The resolution authorizes establishment of a special reserve within funds in the Expenses of Inquiries and Investigations account, to be available to any committee to meet specified unpaid obligations or expenses.</p>]]></text>
          <name>Passed Senate</name>
          <updateDate>2019-02-27T13:39:16Z</updateDate>
        </item>
      </billSummaries>
    </summaries>
    <titles>
      <item>
        <titleType>Official Title as Introduced</titleType>
        <parentTitleType />
        <chamberName />
        <title>An original resolution authorizing expenditures by committees of the Senate for the periods March 1, 2019 through September 30, 2019, October 1, 2019 through September 30, 2020, and October 1, 2020 through February 28, 2021.</title>
        <chamberCode />
      </item>
      <item>
        <titleType>Display Title</titleType>
        <parentTitleType />
        <chamberName />
        <title>An original resolution authorizing expenditures by committees of the Senate for the periods March 1, 2019 through September 30, 2019, October 1, 2019 through September 30, 2020, and October 1, 2020 through February 28, 2021.</title>
        <chamberCode />
      </item>
    </titles>
    <actions>
      <actionTypeCounts>
        <passedAgreedToInSenate>1</passedAgreedToInSenate>
        <placedOnCalendarGeneralOrders>1</placedOnCalendarGeneralOrders>
        <introducedInSenate>1</introducedInSenate>
        <originalBillReported>1</originalBillReported>
        <agreedToInSenate>1</agreedToInSenate>
        <reportedToSenate>1</reportedToSenate>
      </actionTypeCounts>
      <item>
        <actionDate>2019-02-27</actionDate>
        <committee />
        <links>
          <link>
            <url>https://www.congress.gov/congressional-record/volume-165/senate-section/page/S1329</url>
            <name>CR 2/13/2019 S1329</name>
          </link>
          <link>
            <url>https://www.congress.gov/congressional-record/volume-165/senate-section/page/S1519</url>
            <name>S1519</name>
          </link>
        </links>
        <sourceSystem>
          <code>0</code>
          <name>Senate</name>
        </sourceSystem>
        <text>Resolution agreed to in Senate without amendment by Unanimous Consent. (consideration: CR S1519 text: CR 2/13/2019 S1329-1335)</text>
        <type>Floor</type>
      </item>
      <item>
        <text>Passed/agreed to in Senate: Resolution agreed to in Senate without amendment by Unanimous Consent.(consideration: CR S1519 text: CR 2/13/2019 S1329-1335)</text>
        <actionDate>2019-02-27</actionDate>
        <links>
          <link>
            <url>https://www.congress.gov/congressional-record/volume-165/senate-section/page/S1329</url>
            <name>CR 2/13/2019 S1329</name>
          </link>
          <link>
            <url>https://www.congress.gov/congressional-record/volume-165/senate-section/page/S1519</url>
            <name>S1519</name>
          </link>
        </links>
        <type>Floor</type>
        <actionCode>17000</actionCode>
        <sourceSystem>
          <code>9</code>
          <name>Library of Congress</name>
        </sourceSystem>
        <committee />
      </item>
      <item>
        <actionDate>2019-02-13</actionDate>
        <committee />
        <links />
        <sourceSystem>
          <code>0</code>
          <name>Senate</name>
        </sourceSystem>
        <text>Placed on Senate Legislative Calendar under General Orders. Calendar No. 25.</text>
        <type>Calendars</type>
      </item>
      <item>
        <actionDate>2019-02-13</actionDate>
        <committee>
          <systemCode>ssra00</systemCode>
          <name>Rules and Administration Committee</name>
        </committee>
        <links>
          <link>
            <url>https://www.congress.gov/congressional-record/volume-165/senate-section/page/S1329-1335</url>
            <name>S1329-1335</name>
          </link>
        </links>
        <sourceSystem>
          <code>0</code>
          <name>Senate</name>
        </sourceSystem>
        <text>Committee on Rules and Administration. Original measure reported to Senate by Senator Blunt. Without written report. (text: CR S1329-1335)</text>
        <type>Committee</type>
      </item>
      <item>
        <text>Committee on Rules and Administration. Original measure reported to Senate by Senator Blunt. Without written report.(text: CR S1329-1335)</text>
        <sourceSystem>
          <code>9</code>
          <name>Library of Congress</name>
        </sourceSystem>
        <links>
          <link>
            <url>https://www.congress.gov/congressional-record/volume-165/senate-section/page/S1329-1335</url>
            <name>S1329-1335</name>
          </link>
        </links>
        <type>Committee</type>
        <actionCode>14000</actionCode>
        <actionDate>2019-02-13</actionDate>
        <committee>
          <systemCode>ssra00</systemCode>
          <name>Rules and Administration Committee</name>
        </committee>
      </item>
      <item>
        <text>Introduced in Senate</text>
        <actionDate>2019-02-13</actionDate>
        <links />
        <type>IntroReferral</type>
        <actionCode>10000</actionCode>
        <sourceSystem>
          <code>9</code>
          <name>Library of Congress</name>
        </sourceSystem>
        <committee />
      </item>
      <actionByCounts>
        <senate>6</senate>
      </actionByCounts>
    </actions>
    <congress>116</congress>
    <billNumber>70</billNumber>
    <recordedVotes />
    <calendarNumbers>
      <item>
        <number>0025</number>
        <calendar>Senate Calendar of Business</calendar>
      </item>
    </calendarNumbers>
    <notes />
    <createDate>2019-02-14T05:40:17Z</createDate>
  </bill>
  <dublinCore xmlns:dc="http://purl.org/dc/elements/1.1/">
    <dc:format>text/xml</dc:format>
    <dc:language>EN</dc:language>
    <dc:rights>Pursuant to Title 17 Section 105 of the United States Code, this file is not subject to copyright protection and is in the public domain.</dc:rights>
    <dc:contributor>Congressional Research Service, Library of Congress</dc:contributor>
    <dc:description>This file contains bill summaries and statuses for federal legislation. A bill summary describes the most significant provisions of a piece of legislation and details the effects the legislative text may have on current law and federal programs. Bill summaries are authored by the Congressional Research Service (CRS) of the Library of Congress. As stated in Public Law 91-510 (2 USC 166 (d)(6)), one of the duties of CRS is "to prepare summaries and digests of bills and resolutions of a public general nature introduced in the Senate or House of Representatives". For more information, refer to the User Guide that accompanies this file.</dc:description>
  </dublinCore>
</billStatus>

