<?xml version="1.0" encoding="UTF-8"?>
<billStatus>
  <bill>
    <updateDate>2019-02-21T17:35:04Z</updateDate>
    <version>1.0.0</version>
    <titles>
      <item>
        <chamberName />
        <title>A resolution expressing the sense of the Senate that disqualifying a nominee to Federal office on the basis of membership in the Knights of Columbus violates the Constitution of the United States</title>
        <parentTitleType />
        <chamberCode />
        <titleType>Official Title as Introduced</titleType>
      </item>
      <item>
        <chamberName />
        <title>A resolution expressing the sense of the Senate that disqualifying a nominee to Federal office on the basis of membership in the Knights of Columbus violates the Constitution of the United States</title>
        <parentTitleType />
        <chamberCode />
        <titleType>Display Title</titleType>
      </item>
    </titles>
    <laws />
    <committeeReports />
    <billType>SRES</billType>
    <introducedDate>2019-01-16</introducedDate>
    <policyArea>
      <name>Congress</name>
    </policyArea>
    <textVersions>
      <item>
        <date>2019-01-16T05:00:00Z</date>
        <formats>
          <item>
            <url>https://www.govinfo.gov/content/pkg/BILLS-116sres19ats/xml/BILLS-116sres19ats.xml</url>
          </item>
        </formats>
        <type>Agreed to Senate</type>
      </item>
    </textVersions>
    <cboCostEstimates />
    <recordedVotes />
    <actions>
      <actionByCounts>
        <senate>3</senate>
      </actionByCounts>
      <item>
        <actionDate>2019-01-16</actionDate>
        <committee />
        <links>
          <link>
            <url>https://www.congress.gov/congressional-record/volume-165/senate-section/page/S265-266</url>
            <name>S265-266</name>
          </link>
        </links>
        <sourceSystem>
          <code>0</code>
          <name>Senate</name>
        </sourceSystem>
        <text>Submitted in the Senate, considered, and agreed to without amendment and with a preamble by Unanimous Consent. (Sponsor introductory remarks on measure: CR S265-266; consideration: CR S265-266)</text>
        <type>Floor</type>
      </item>
      <item>
        <text>Passed/agreed to in Senate: Submitted in the Senate, considered, and agreed to without amendment and with a preamble by Unanimous Consent.(Sponsor introductory remarks on measure: CR S265-266; consideration: CR S265-266)</text>
        <committee />
        <sourceSystem>
          <code>9</code>
          <name>Library of Congress</name>
        </sourceSystem>
        <actionDate>2019-01-16</actionDate>
        <type>Floor</type>
        <actionCode>17000</actionCode>
        <links>
          <link>
            <url>https://www.congress.gov/congressional-record/volume-165/senate-section/page/S265-266</url>
            <name>S265-266</name>
          </link>
        </links>
      </item>
      <item>
        <text>Introduced in Senate</text>
        <committee />
        <sourceSystem>
          <code>9</code>
          <name>Library of Congress</name>
        </sourceSystem>
        <actionDate>2019-01-16</actionDate>
        <type>IntroReferral</type>
        <actionCode>10000</actionCode>
        <links />
      </item>
      <actionTypeCounts>
        <passedAgreedToInSenate>1</passedAgreedToInSenate>
        <introducedInSenate>1</introducedInSenate>
        <passedOrAgreedToInSenateDayOf>1</passedOrAgreedToInSenateDayOf>
      </actionTypeCounts>
    </actions>
    <title>A resolution expressing the sense of the Senate that disqualifying a nominee to Federal office on the basis of membership in the Knights of Columbus violates the Constitution of the United States</title>
    <subjects>
      <billSubjects>
        <legislativeSubjects>
          <item>
            <name>Congressional oversight</name>
          </item>
          <item>
            <name>Federal officials</name>
          </item>
          <item>
            <name>Religion</name>
          </item>
          <item>
            <name>Senate</name>
          </item>
          <item>
            <name>Social work, volunteer service, charitable organizations</name>
          </item>
        </legislativeSubjects>
        <policyArea>
          <name>Congress</name>
        </policyArea>
      </billSubjects>
    </subjects>
    <relatedBills />
    <committees>
      <billCommittees />
    </committees>
    <billNumber>19</billNumber>
    <originChamber>Senate</originChamber>
    <amendments />
    <notes />
    <latestAction>
      <actionDate>2019-01-16</actionDate>
      <text>Submitted in the Senate, considered, and agreed to without amendment and with a preamble by Unanimous Consent. (Sponsor introductory remarks on measure: CR S265-266; consideration: CR S265-266)</text>
      <links />
    </latestAction>
    <cosponsors />
    <sponsors>
      <item>
        <fullName>Sen. Sasse, Ben  [R-NE]</fullName>
        <identifiers>
          <gpoId />
          <lisID>2289</lisID>
          <bioguideId>S001197</bioguideId>
        </identifiers>
        <bioguideId>S001197</bioguideId>
        <middleName />
        <state>NE</state>
        <lastName>Sasse</lastName>
        <party>R</party>
        <byRequestType />
        <firstName>Ben</firstName>
      </item>
    </sponsors>
    <summaries>
      <billSummaries>
        <item>
          <lastSummaryUpdateDate>2019-02-11T22:13:12Z</lastSummaryUpdateDate>
          <versionCode>00</versionCode>
          <actionDesc>Introduced in Senate</actionDesc>
          <text><![CDATA[<p>This resolution expresses the sense of the Senate that disqualifying a nominee to federal office on the basis of membership in the Knights of Columbus violates Article VI of the Constitution. The article establishes that Members of Congress and others &quot;shall be bound by Oath or Affirmation, to support this Constitution; but no religious Test shall ever be required as a Qualification to any Office or public Trust.&quot;</p>]]></text>
          <actionDate>2019-01-16</actionDate>
          <updateDate>2019-01-16T05:00:00Z</updateDate>
          <name>Introduced in Senate</name>
        </item>
        <item>
          <lastSummaryUpdateDate>2019-02-11T22:13:03Z</lastSummaryUpdateDate>
          <versionCode>55</versionCode>
          <actionDesc>Passed Senate</actionDesc>
          <text><![CDATA[<p>This resolution expresses the sense of the Senate that disqualifying a nominee to federal office on the basis of membership in the Knights of Columbus violates Article VI of the Constitution. The article establishes that Members of Congress and others &quot;shall be bound by Oath or Affirmation, to support this Constitution; but no religious Test shall ever be required as a Qualification to any Office or public Trust.&quot;</p>]]></text>
          <actionDate>2019-01-16</actionDate>
          <updateDate>2019-01-16T20:28:10Z</updateDate>
          <name>Passed Senate</name>
        </item>
      </billSummaries>
    </summaries>
    <createDate>2019-01-17T05:40:10Z</createDate>
    <calendarNumbers />
    <congress>116</congress>
  </bill>
  <dublinCore xmlns:dc="http://purl.org/dc/elements/1.1/">
    <dc:format>text/xml</dc:format>
    <dc:language>EN</dc:language>
    <dc:rights>Pursuant to Title 17 Section 105 of the United States Code, this file is not subject to copyright protection and is in the public domain.</dc:rights>
    <dc:contributor>Congressional Research Service, Library of Congress</dc:contributor>
    <dc:description>This file contains bill summaries and statuses for federal legislation. A bill summary describes the most significant provisions of a piece of legislation and details the effects the legislative text may have on current law and federal programs. Bill summaries are authored by the Congressional Research Service (CRS) of the Library of Congress. As stated in Public Law 91-510 (2 USC 166 (d)(6)), one of the duties of CRS is "to prepare summaries and digests of bills and resolutions of a public general nature introduced in the Senate or House of Representatives". For more information, refer to the User Guide that accompanies this file.</dc:description>
  </dublinCore>
</billStatus>

