<?xml version="1.0" encoding="UTF-8"?>
<billStatus>
  <bill>
    <subjects>
      <billSubjects>
        <legislativeSubjects>
          <item>
            <name>Congressional tributes</name>
          </item>
          <item>
            <name>Federal appellate courts</name>
          </item>
          <item>
            <name>Judges</name>
          </item>
          <item>
            <name>Michigan</name>
          </item>
        </legislativeSubjects>
        <policyArea>
          <name>Law</name>
        </policyArea>
      </billSubjects>
    </subjects>
    <committeeReports />
    <createDate>2019-05-10T04:42:09Z</createDate>
    <calendarNumbers />
    <relatedBills />
    <committees>
      <billCommittees />
    </committees>
    <amendments />
    <title>A resolution honoring the life and legacy of Judge Damon Jerome Keith.</title>
    <notes />
    <cboCostEstimates />
    <billNumber>199</billNumber>
    <updateDate>2019-05-25T04:42:12Z</updateDate>
    <congress>116</congress>
    <actions>
      <item>
        <actionDate>2019-05-09</actionDate>
        <committee />
        <links>
          <link>
            <name>S2773</name>
            <url>https://www.congress.gov/congressional-record/volume-165/senate-section/page/S2773</url>
          </link>
          <link>
            <name>S2774</name>
            <url>https://www.congress.gov/congressional-record/volume-165/senate-section/page/S2774</url>
          </link>
        </links>
        <sourceSystem>
          <code>0</code>
          <name>Senate</name>
        </sourceSystem>
        <text>Submitted in the Senate, considered, and agreed to without amendment and with a preamble by Unanimous Consent. (consideration: CR S2774; text: CR S2773)</text>
        <type>Floor</type>
      </item>
      <item>
        <links>
          <link>
            <name>S2773</name>
            <url>https://www.congress.gov/congressional-record/volume-165/senate-section/page/S2773</url>
          </link>
          <link>
            <name>S2774</name>
            <url>https://www.congress.gov/congressional-record/volume-165/senate-section/page/S2774</url>
          </link>
        </links>
        <sourceSystem>
          <code>9</code>
          <name>Library of Congress</name>
        </sourceSystem>
        <text>Passed/agreed to in Senate: Submitted in the Senate, considered, and agreed to without amendment and with a preamble by Unanimous Consent.(consideration: CR S2774; text: CR S2773)</text>
        <actionCode>17000</actionCode>
        <committee />
        <type>Floor</type>
        <actionDate>2019-05-09</actionDate>
      </item>
      <item>
        <links />
        <sourceSystem>
          <code>9</code>
          <name>Library of Congress</name>
        </sourceSystem>
        <text>Introduced in Senate</text>
        <actionCode>10000</actionCode>
        <committee />
        <type>IntroReferral</type>
        <actionDate>2019-05-09</actionDate>
      </item>
      <actionTypeCounts>
        <passedOrAgreedToInSenateDayOf>1</passedOrAgreedToInSenateDayOf>
        <introducedInSenate>1</introducedInSenate>
        <passedAgreedToInSenate>1</passedAgreedToInSenate>
      </actionTypeCounts>
      <actionByCounts>
        <senate>3</senate>
      </actionByCounts>
    </actions>
    <version>1.0.0</version>
    <introducedDate>2019-05-09</introducedDate>
    <recordedVotes />
    <summaries>
      <billSummaries>
        <item>
          <text><![CDATA[<p>This resolution honors the life and legacy of Judge Damon Jerome Keith, senior judge of the U.S. Court of Appeals for the Sixth Circuit.</p>]]></text>
          <updateDate>2019-05-09T04:00:00Z</updateDate>
          <actionDate>2019-05-09</actionDate>
          <versionCode>00</versionCode>
          <actionDesc>Introduced in Senate</actionDesc>
          <lastSummaryUpdateDate>2019-05-20T20:28:09Z</lastSummaryUpdateDate>
          <name>Introduced in Senate</name>
        </item>
        <item>
          <text><![CDATA[<p>This resolution honors the life and legacy of Judge Damon Jerome Keith, senior judge of the U.S. Court of Appeals for the Sixth Circuit.</p>]]></text>
          <updateDate>2019-05-09T12:49:12Z</updateDate>
          <actionDate>2019-05-09</actionDate>
          <versionCode>55</versionCode>
          <actionDesc>Passed Senate</actionDesc>
          <lastSummaryUpdateDate>2019-05-22T14:51:06Z</lastSummaryUpdateDate>
          <name>Passed Senate</name>
        </item>
      </billSummaries>
    </summaries>
    <titles>
      <item>
        <titleType>Official Title as Introduced</titleType>
        <title>A resolution honoring the life and legacy of Judge Damon Jerome Keith.</title>
        <chamberName />
        <chamberCode />
        <parentTitleType />
      </item>
      <item>
        <titleType>Display Title</titleType>
        <title>A resolution honoring the life and legacy of Judge Damon Jerome Keith.</title>
        <chamberName />
        <chamberCode />
        <parentTitleType />
      </item>
    </titles>
    <latestAction>
      <links />
      <text>Submitted in the Senate, considered, and agreed to without amendment and with a preamble by Unanimous Consent. (consideration: CR S2774; text: CR S2773)</text>
      <actionDate>2019-05-09</actionDate>
    </latestAction>
    <billType>SRES</billType>
    <textVersions>
      <item>
        <formats>
          <item>
            <url>https://www.govinfo.gov/content/pkg/BILLS-116sres199ats/xml/BILLS-116sres199ats.xml</url>
          </item>
        </formats>
        <date>2019-05-09T04:00:00Z</date>
        <type>Agreed to Senate</type>
      </item>
    </textVersions>
    <cosponsors>
      <item>
        <lastName>STABENOW</lastName>
        <fullName>Sen. Stabenow, Debbie [D-MI]</fullName>
        <middleName>ANN</middleName>
        <state>MI</state>
        <isOriginalCosponsor>True</isOriginalCosponsor>
        <sponsorshipDate>2019-05-09</sponsorshipDate>
        <party>D</party>
        <firstName>DEBORAH</firstName>
        <bioguideId>S000770</bioguideId>
        <sponsorshipWithdrawnDate />
        <identifiers>
          <gpoId>8261</gpoId>
          <bioguideId>S000770</bioguideId>
          <lisID>1531</lisID>
        </identifiers>
      </item>
    </cosponsors>
    <originChamber>Senate</originChamber>
    <laws />
    <sponsors>
      <item>
        <lastName>Peters</lastName>
        <fullName>Sen. Peters, Gary C. [D-MI]</fullName>
        <byRequestType />
        <identifiers>
          <bioguideId>P000595</bioguideId>
          <lisID>1929</lisID>
          <gpoId>7994</gpoId>
        </identifiers>
        <bioguideId>P000595</bioguideId>
        <party>D</party>
        <state>MI</state>
        <firstName>Gary</firstName>
        <middleName>C.</middleName>
      </item>
    </sponsors>
    <policyArea>
      <name>Law</name>
    </policyArea>
  </bill>
  <dublinCore xmlns:dc="http://purl.org/dc/elements/1.1/">
    <dc:format>text/xml</dc:format>
    <dc:language>EN</dc:language>
    <dc:rights>Pursuant to Title 17 Section 105 of the United States Code, this file is not subject to copyright protection and is in the public domain.</dc:rights>
    <dc:contributor>Congressional Research Service, Library of Congress</dc:contributor>
    <dc:description>This file contains bill summaries and statuses for federal legislation. A bill summary describes the most significant provisions of a piece of legislation and details the effects the legislative text may have on current law and federal programs. Bill summaries are authored by the Congressional Research Service (CRS) of the Library of Congress. As stated in Public Law 91-510 (2 USC 166 (d)(6)), one of the duties of CRS is "to prepare summaries and digests of bills and resolutions of a public general nature introduced in the Senate or House of Representatives". For more information, refer to the User Guide that accompanies this file.</dc:description>
  </dublinCore>
</billStatus>

