<?xml version="1.0" encoding="UTF-8"?>
<billStatus>
  <bill>
    <createDate>2019-03-14T04:42:06Z</createDate>
    <introducedDate>2019-03-13</introducedDate>
    <originChamber>Senate</originChamber>
    <textVersions>
      <item>
        <type>Agreed to Senate</type>
        <date>2019-03-13T04:00:00Z</date>
        <formats>
          <item>
            <url>https://www.govinfo.gov/content/pkg/BILLS-116sres108ats/xml/BILLS-116sres108ats.xml</url>
          </item>
        </formats>
      </item>
    </textVersions>
    <committees>
      <billCommittees />
    </committees>
    <subjects>
      <billSubjects>
        <legislativeSubjects>
          <item>
            <name>Congressional tributes</name>
          </item>
          <item>
            <name>House of Representatives</name>
          </item>
          <item>
            <name>Members of Congress</name>
          </item>
          <item>
            <name>North Carolina</name>
          </item>
        </legislativeSubjects>
        <policyArea>
          <name>Congress</name>
        </policyArea>
      </billSubjects>
    </subjects>
    <cosponsors>
      <item>
        <fullName>Sen. Tillis, Thom [R-NC]</fullName>
        <sponsorshipWithdrawnDate />
        <middleName>Roland</middleName>
        <firstName>Thomas</firstName>
        <identifiers>
          <bioguideId>T000476</bioguideId>
          <lisID>2291</lisID>
          <gpoId />
        </identifiers>
        <lastName>Tillis</lastName>
        <isOriginalCosponsor>True</isOriginalCosponsor>
        <bioguideId>T000476</bioguideId>
        <sponsorshipDate>2019-03-13</sponsorshipDate>
        <state>NC</state>
        <party>R</party>
      </item>
      <item>
        <fullName>Sen. Paul, Rand [R-KY]</fullName>
        <sponsorshipWithdrawnDate />
        <middleName />
        <firstName>Rand</firstName>
        <identifiers>
          <gpoId>8308</gpoId>
          <lisID>2082</lisID>
          <bioguideId>P000603</bioguideId>
        </identifiers>
        <lastName>Paul</lastName>
        <isOriginalCosponsor>True</isOriginalCosponsor>
        <bioguideId>P000603</bioguideId>
        <sponsorshipDate>2019-03-13</sponsorshipDate>
        <state>KY</state>
        <party>R</party>
      </item>
    </cosponsors>
    <notes />
    <sponsors>
      <item>
        <firstName>RICHARD</firstName>
        <byRequestType />
        <middleName />
        <fullName>Sen. Burr, Richard [R-NC]</fullName>
        <state>NC</state>
        <party>R</party>
        <bioguideId>B001135</bioguideId>
        <identifiers>
          <bioguideId>B001135</bioguideId>
          <lisID>153</lisID>
          <gpoId>8286</gpoId>
        </identifiers>
        <lastName>BURR</lastName>
      </item>
    </sponsors>
    <policyArea>
      <name>Congress</name>
    </policyArea>
    <laws />
    <latestAction>
      <links />
      <actionDate>2019-03-13</actionDate>
      <text>Submitted in the Senate, considered, and agreed to without amendment and with a preamble by Unanimous Consent. (consideration: CR S1853; text: CR S1850)</text>
    </latestAction>
    <actions>
      <actionByCounts>
        <senate>3</senate>
      </actionByCounts>
      <actionTypeCounts>
        <passedAgreedToInSenate>1</passedAgreedToInSenate>
        <passedOrAgreedToInSenateDayOf>1</passedOrAgreedToInSenateDayOf>
        <introducedInSenate>1</introducedInSenate>
      </actionTypeCounts>
      <item>
        <actionDate>2019-03-13</actionDate>
        <committee />
        <links>
          <link>
            <url>https://www.congress.gov/congressional-record/volume-165/senate-section/page/S1850</url>
            <name>S1850</name>
          </link>
          <link>
            <url>https://www.congress.gov/congressional-record/volume-165/senate-section/page/S1853</url>
            <name>S1853</name>
          </link>
        </links>
        <sourceSystem>
          <code>0</code>
          <name>Senate</name>
        </sourceSystem>
        <text>Submitted in the Senate, considered, and agreed to without amendment and with a preamble by Unanimous Consent. (consideration: CR S1853; text: CR S1850)</text>
        <type>Floor</type>
      </item>
      <item>
        <links>
          <link>
            <url>https://www.congress.gov/congressional-record/volume-165/senate-section/page/S1850</url>
            <name>S1850</name>
          </link>
          <link>
            <url>https://www.congress.gov/congressional-record/volume-165/senate-section/page/S1853</url>
            <name>S1853</name>
          </link>
        </links>
        <text>Passed/agreed to in Senate: Submitted in the Senate, considered, and agreed to without amendment and with a preamble by Unanimous Consent.(consideration: CR S1853; text: CR S1850)</text>
        <committee />
        <actionCode>17000</actionCode>
        <type>Floor</type>
        <sourceSystem>
          <code>9</code>
          <name>Library of Congress</name>
        </sourceSystem>
        <actionDate>2019-03-13</actionDate>
      </item>
      <item>
        <links />
        <text>Introduced in Senate</text>
        <committee />
        <actionCode>10000</actionCode>
        <type>IntroReferral</type>
        <sourceSystem>
          <code>9</code>
          <name>Library of Congress</name>
        </sourceSystem>
        <actionDate>2019-03-13</actionDate>
      </item>
    </actions>
    <summaries>
      <billSummaries />
    </summaries>
    <amendments />
    <titles>
      <item>
        <chamberName />
        <titleType>Official Title as Introduced</titleType>
        <parentTitleType />
        <chamberCode />
        <title>A resolution honoring the life, accomplishments, and legacy of Representative Walter Beamon Jones, Jr.</title>
      </item>
      <item>
        <chamberName />
        <titleType>Display Title</titleType>
        <parentTitleType />
        <chamberCode />
        <title>A resolution honoring the life, accomplishments, and legacy of Representative Walter Beamon Jones, Jr.</title>
      </item>
    </titles>
    <version>1.0.0</version>
    <recordedVotes />
    <committeeReports />
    <title>A resolution honoring the life, accomplishments, and legacy of Representative Walter Beamon Jones, Jr.</title>
    <congress>116</congress>
    <updateDate>2019-04-02T17:41:08Z</updateDate>
    <billNumber>108</billNumber>
    <relatedBills />
    <billType>SRES</billType>
    <calendarNumbers />
    <cboCostEstimates />
  </bill>
  <dublinCore xmlns:dc="http://purl.org/dc/elements/1.1/">
    <dc:format>text/xml</dc:format>
    <dc:language>EN</dc:language>
    <dc:rights>Pursuant to Title 17 Section 105 of the United States Code, this file is not subject to copyright protection and is in the public domain.</dc:rights>
    <dc:contributor>Congressional Research Service, Library of Congress</dc:contributor>
    <dc:description>This file contains bill summaries and statuses for federal legislation. A bill summary describes the most significant provisions of a piece of legislation and details the effects the legislative text may have on current law and federal programs. Bill summaries are authored by the Congressional Research Service (CRS) of the Library of Congress. As stated in Public Law 91-510 (2 USC 166 (d)(6)), one of the duties of CRS is "to prepare summaries and digests of bills and resolutions of a public general nature introduced in the Senate or House of Representatives". For more information, refer to the User Guide that accompanies this file.</dc:description>
  </dublinCore>
</billStatus>

