<?xml version="1.0" encoding="UTF-8"?>
<billStatus>
  <bill>
    <summaries>
      <billSummaries>
        <item>
          <actionDate>2019-09-24</actionDate>
          <versionCode>00</versionCode>
          <actionDesc>Introduced in Senate</actionDesc>
          <text><![CDATA[<p>This resolution demands immediate transmittal to the congressional intelligence committees of the whistle-blower complaint received by the Office of the Inspector General of the Intelligence Community on August 12, 2019.</p>]]></text>
          <updateDate>2019-09-24T04:00:00Z</updateDate>
          <lastSummaryUpdateDate>2019-09-26T14:58:38Z</lastSummaryUpdateDate>
          <name>Introduced in Senate</name>
        </item>
        <item>
          <actionDate>2019-09-24</actionDate>
          <versionCode>55</versionCode>
          <actionDesc>Passed Senate</actionDesc>
          <text><![CDATA[<p>This resolution demands immediate transmittal to the congressional intelligence committees of the whistle-blower complaint received by the Office of the Inspector General of the Intelligence Community on August 12, 2019.</p>]]></text>
          <updateDate>2019-09-24T16:10:59Z</updateDate>
          <lastSummaryUpdateDate>2019-09-27T17:00:08Z</lastSummaryUpdateDate>
          <name>Passed Senate</name>
        </item>
      </billSummaries>
    </summaries>
    <updateDate>2019-10-03T04:42:29Z</updateDate>
    <subjects>
      <billSubjects>
        <legislativeSubjects>
          <item>
            <name>Congress</name>
          </item>
          <item>
            <name>Congressional committees</name>
          </item>
          <item>
            <name>Congressional oversight</name>
          </item>
          <item>
            <name>Diplomacy, foreign officials, Americans abroad</name>
          </item>
          <item>
            <name>Employment discrimination and employee rights</name>
          </item>
          <item>
            <name>Europe</name>
          </item>
          <item>
            <name>Government ethics and transparency, public corruption</name>
          </item>
          <item>
            <name>Government studies and investigations</name>
          </item>
          <item>
            <name>House Permanent Select Committee on Intelligence</name>
          </item>
          <item>
            <name>Intelligence activities, surveillance, classified information</name>
          </item>
          <item>
            <name>Presidents and presidential powers, Vice Presidents</name>
          </item>
          <item>
            <name>Senate Select Committee on Intelligence</name>
          </item>
          <item>
            <name>Ukraine</name>
          </item>
        </legislativeSubjects>
        <policyArea>
          <name>Armed Forces and National Security</name>
        </policyArea>
      </billSubjects>
    </subjects>
    <committeeReports />
    <createDate>2019-09-25T04:27:23Z</createDate>
    <sponsors>
      <item>
        <bioguideId>S000148</bioguideId>
        <byRequestType />
        <fullName>Sen. Schumer, Charles E. [D-NY]</fullName>
        <party>D</party>
        <state>NY</state>
        <middleName>E.</middleName>
        <identifiers>
          <bioguideId>S000148</bioguideId>
          <gpoId>8279</gpoId>
          <lisID>1036</lisID>
        </identifiers>
        <lastName>SCHUMER</lastName>
        <firstName>CHARLES</firstName>
      </item>
    </sponsors>
    <policyArea>
      <name>Armed Forces and National Security</name>
    </policyArea>
    <billType>SRES</billType>
    <latestAction>
      <actionDate>2019-09-24</actionDate>
      <text>Submitted in the Senate, considered, and agreed to without amendment by Unanimous Consent. (consideration: CR S5649; text: CR S5666)</text>
      <links />
    </latestAction>
    <notes />
    <cosponsors />
    <originChamber>Senate</originChamber>
    <billNumber>325</billNumber>
    <calendarNumbers />
    <amendments />
    <introducedDate>2019-09-24</introducedDate>
    <version>1.0.0</version>
    <cboCostEstimates />
    <relatedBills>
      <item>
        <latestAction>
          <actionDate>2019-09-25</actionDate>
          <actionTime>18:26:51</actionTime>
          <text>Motion to reconsider laid on the table Agreed to without objection.</text>
        </latestAction>
        <type>HRES</type>
        <congress>116</congress>
        <number>576</number>
        <relationshipDetails>
          <item>
            <identifiedBy>CRS</identifiedBy>
            <type>Related bill</type>
          </item>
        </relationshipDetails>
        <latestTitle>Expressing the sense of the House of Representatives with respect to the whistleblower complaint of August 12, 2019, made to the Inspector General of the Intelligence Community.</latestTitle>
      </item>
      <item>
        <latestAction>
          <actionDate>2019-09-25</actionDate>
          <text>Referred to the House Committee on Intelligence (Permanent Select).</text>
        </latestAction>
        <type>HRES</type>
        <congress>116</congress>
        <number>593</number>
        <relationshipDetails>
          <item>
            <identifiedBy>CRS</identifiedBy>
            <type>Identical bill</type>
          </item>
        </relationshipDetails>
        <latestTitle>Expressing the sense of the House of Representatives that the whistleblower complaint received on August 12, 2019, by the Inspector General of the Intelligence Community should be transmitted immediately to the Select Committee on Intelligence of the Senate and the Permanent Select Committee on Intelligence of the House of Representatives.</latestTitle>
      </item>
    </relatedBills>
    <textVersions>
      <item>
        <type>Agreed to Senate</type>
        <date>2019-09-24T04:00:00Z</date>
        <formats>
          <item>
            <url>https://www.govinfo.gov/content/pkg/BILLS-116sres325ats/xml/BILLS-116sres325ats.xml</url>
          </item>
        </formats>
      </item>
    </textVersions>
    <recordedVotes />
    <congress>116</congress>
    <title>A resolution expressing the sense of the Senate that the whistleblower complaint received on August 12, 2019, by the Inspector General of the Intelligence Community should be transmitted immediately to the Select Committee on Intelligence of the Senate and the Permanent Select Committee on Intelligence of the House of Representatives.</title>
    <titles>
      <item>
        <title>A resolution expressing the sense of the Senate that the whistleblower complaint received on August 12, 2019, by the Inspector General of the Intelligence Community should be transmitted immediately to the Select Committee on Intelligence of the Senate and the Permanent Select Committee on Intelligence of the House of Representatives.</title>
        <chamberCode />
        <titleType>Official Title as Introduced</titleType>
        <parentTitleType />
        <chamberName />
      </item>
      <item>
        <title>A resolution expressing the sense of the Senate that the whistleblower complaint received on August 12, 2019, by the Inspector General of the Intelligence Community should be transmitted immediately to the Select Committee on Intelligence of the Senate and the Permanent Select Committee on Intelligence of the House of Representatives.</title>
        <chamberCode />
        <titleType>Display Title</titleType>
        <parentTitleType />
        <chamberName />
      </item>
    </titles>
    <committees>
      <billCommittees />
    </committees>
    <actions>
      <item>
        <actionDate>2019-09-24</actionDate>
        <committee />
        <links />
        <sourceSystem>
          <name>Senate</name>
          <code>0</code>
        </sourceSystem>
        <text>Submitted in the Senate, considered, and agreed to without amendment by Unanimous Consent. (consideration: CR S5649; text: CR S5666)</text>
        <type>Floor</type>
      </item>
      <item>
        <actionCode>17000</actionCode>
        <text>Passed/agreed to in Senate: Submitted in the Senate, considered, and agreed to without amendment by Unanimous Consent.(consideration: CR S5649; text: CR S5666)</text>
        <type>Floor</type>
        <actionDate>2019-09-24</actionDate>
        <sourceSystem>
          <name>Library of Congress</name>
          <code>9</code>
        </sourceSystem>
        <links />
        <committee />
      </item>
      <item>
        <actionCode>10000</actionCode>
        <text>Introduced in Senate</text>
        <type>IntroReferral</type>
        <actionDate>2019-09-24</actionDate>
        <sourceSystem>
          <name>Library of Congress</name>
          <code>9</code>
        </sourceSystem>
        <links />
        <committee />
      </item>
      <actionTypeCounts>
        <passedAgreedToInSenate>1</passedAgreedToInSenate>
        <passedOrAgreedToInSenateDayOf>1</passedOrAgreedToInSenateDayOf>
        <introducedInSenate>1</introducedInSenate>
      </actionTypeCounts>
      <actionByCounts>
        <senate>3</senate>
      </actionByCounts>
    </actions>
    <laws />
  </bill>
  <dublinCore xmlns:dc="http://purl.org/dc/elements/1.1/">
    <dc:format>text/xml</dc:format>
    <dc:language>EN</dc:language>
    <dc:rights>Pursuant to Title 17 Section 105 of the United States Code, this file is not subject to copyright protection and is in the public domain.</dc:rights>
    <dc:contributor>Congressional Research Service, Library of Congress</dc:contributor>
    <dc:description>This file contains bill summaries and statuses for federal legislation. A bill summary describes the most significant provisions of a piece of legislation and details the effects the legislative text may have on current law and federal programs. Bill summaries are authored by the Congressional Research Service (CRS) of the Library of Congress. As stated in Public Law 91-510 (2 USC 166 (d)(6)), one of the duties of CRS is "to prepare summaries and digests of bills and resolutions of a public general nature introduced in the Senate or House of Representatives". For more information, refer to the User Guide that accompanies this file.</dc:description>
  </dublinCore>
</billStatus>

