<?xml version="1.0" encoding="UTF-8"?>
<billStatus>
  <bill>
    <originChamber>Senate</originChamber>
    <latestAction>
      <actionDate>2019-01-03</actionDate>
      <links />
      <text>Submitted in the Senate, considered, and agreed to without amendment by Unanimous Consent. (consideration: CR S6; text: CR S6)</text>
    </latestAction>
    <committees>
      <billCommittees />
    </committees>
    <committeeReports />
    <cosponsors />
    <updateDate>2019-01-11T14:56:22Z</updateDate>
    <policyArea>
      <name>Congress</name>
    </policyArea>
    <calendarNumbers />
    <congress>116</congress>
    <billNumber>2</billNumber>
    <titles>
      <item>
        <parentTitleType />
        <titleType>Official Title as Introduced</titleType>
        <chamberName />
        <chamberCode />
        <title>A resolution informing the House of Representatives that a quorum of the Senate is assembled.</title>
      </item>
      <item>
        <parentTitleType />
        <titleType>Display Title</titleType>
        <chamberName />
        <chamberCode />
        <title>A resolution informing the House of Representatives that a quorum of the Senate is assembled.</title>
      </item>
    </titles>
    <introducedDate>2019-01-03</introducedDate>
    <version>1.0.0</version>
    <notes />
    <textVersions>
      <item>
        <type>Agreed to Senate</type>
        <date>2019-01-03T05:00:00Z</date>
        <formats>
          <item>
            <url>https://www.govinfo.gov/content/pkg/BILLS-116sres2ats/xml/BILLS-116sres2ats.xml</url>
          </item>
        </formats>
      </item>
    </textVersions>
    <sponsors>
      <item>
        <middleName />
        <firstName>MITCH</firstName>
        <lastName>MCCONNELL</lastName>
        <party>R</party>
        <state>KY</state>
        <bioguideId>M000355</bioguideId>
        <fullName>Sen. McConnell, Mitch [R-KY]</fullName>
        <byRequestType />
        <identifiers>
          <gpoId>8254</gpoId>
          <bioguideId>M000355</bioguideId>
          <lisID>1395</lisID>
        </identifiers>
      </item>
    </sponsors>
    <createDate>2019-01-04T13:32:58Z</createDate>
    <subjects>
      <billSubjects>
        <legislativeSubjects>
          <item>
            <name>Congressional operations and organization</name>
          </item>
          <item>
            <name>House of Representatives</name>
          </item>
          <item>
            <name>Senate</name>
          </item>
        </legislativeSubjects>
        <policyArea>
          <name>Congress</name>
        </policyArea>
      </billSubjects>
    </subjects>
    <amendments />
    <cboCostEstimates />
    <billType>SRES</billType>
    <title>A resolution informing the House of Representatives that a quorum of the Senate is assembled.</title>
    <actions>
      <actionByCounts>
        <senate>3</senate>
      </actionByCounts>
      <actionTypeCounts>
        <passedOrAgreedToInSenateDayOf>1</passedOrAgreedToInSenateDayOf>
        <introducedInSenate>1</introducedInSenate>
        <passedAgreedToInSenate>1</passedAgreedToInSenate>
      </actionTypeCounts>
      <item>
        <actionDate>2019-01-03</actionDate>
        <committee />
        <links>
          <link>
            <name>S6</name>
            <url>https://www.congress.gov/congressional-record/volume-164/senate-section/page/S6</url>
          </link>
        </links>
        <sourceSystem>
          <code>0</code>
          <name>Senate</name>
        </sourceSystem>
        <text>Submitted in the Senate, considered, and agreed to without amendment by Unanimous Consent. (consideration: CR S6; text: CR S6)</text>
        <type>Floor</type>
      </item>
      <item>
        <text>Passed/agreed to in Senate: Submitted in the Senate, considered, and agreed to without amendment by Unanimous Consent.(consideration: CR S6; text: CR S6)</text>
        <actionCode>17000</actionCode>
        <sourceSystem>
          <code>9</code>
          <name>Library of Congress</name>
        </sourceSystem>
        <committee />
        <type>Floor</type>
        <actionDate>2019-01-03</actionDate>
        <links>
          <link>
            <name>S6</name>
            <url>https://www.congress.gov/congressional-record/volume-164/senate-section/page/S6</url>
          </link>
        </links>
      </item>
      <item>
        <text>Introduced in Senate</text>
        <actionCode>10000</actionCode>
        <sourceSystem>
          <code>9</code>
          <name>Library of Congress</name>
        </sourceSystem>
        <committee />
        <type>IntroReferral</type>
        <actionDate>2019-01-03</actionDate>
        <links />
      </item>
    </actions>
    <laws />
    <recordedVotes />
    <summaries>
      <billSummaries>
        <item>
          <lastSummaryUpdateDate>2019-01-07T22:46:57Z</lastSummaryUpdateDate>
          <actionDate>2019-01-03</actionDate>
          <versionCode>00</versionCode>
          <text><![CDATA[<p>This resolution informs the House of Representatives that a quorum of the Senate is assembled.</p>]]></text>
          <name>Introduced in Senate</name>
          <updateDate>2019-01-03T05:00:00Z</updateDate>
          <actionDesc>Introduced in Senate</actionDesc>
        </item>
        <item>
          <lastSummaryUpdateDate>2019-01-07T22:49:04Z</lastSummaryUpdateDate>
          <actionDate>2019-01-03</actionDate>
          <versionCode>55</versionCode>
          <text><![CDATA[<p>This resolution informs the House of Representatives that a quorum of the Senate is assembled.</p>]]></text>
          <name>Passed Senate</name>
          <updateDate>2019-01-03T18:49:43Z</updateDate>
          <actionDesc>Passed Senate</actionDesc>
        </item>
      </billSummaries>
    </summaries>
    <relatedBills />
  </bill>
  <dublinCore xmlns:dc="http://purl.org/dc/elements/1.1/">
    <dc:format>text/xml</dc:format>
    <dc:language>EN</dc:language>
    <dc:rights>Pursuant to Title 17 Section 105 of the United States Code, this file is not subject to copyright protection and is in the public domain.</dc:rights>
    <dc:contributor>Congressional Research Service, Library of Congress</dc:contributor>
    <dc:description>This file contains bill summaries and statuses for federal legislation. A bill summary describes the most significant provisions of a piece of legislation and details the effects the legislative text may have on current law and federal programs. Bill summaries are authored by the Congressional Research Service (CRS) of the Library of Congress. As stated in Public Law 91-510 (2 USC 166 (d)(6)), one of the duties of CRS is "to prepare summaries and digests of bills and resolutions of a public general nature introduced in the Senate or House of Representatives". For more information, refer to the User Guide that accompanies this file.</dc:description>
  </dublinCore>
</billStatus>

