<?xml version="1.0" encoding="UTF-8"?>
<billStatus>
  <bill>
    <billNumber>66</billNumber>
    <committeeReports />
    <cboCostEstimates />
    <summaries>
      <billSummaries>
        <item>
          <versionCode>00</versionCode>
          <actionDesc>Introduced in Senate</actionDesc>
          <updateDate>2019-02-11T05:00:00Z</updateDate>
          <name>Introduced in Senate</name>
          <lastSummaryUpdateDate>2019-07-19T21:46:27Z</lastSummaryUpdateDate>
          <actionDate>2019-02-11</actionDate>
          <text><![CDATA[<p>This resolution rejects the use of government shutdowns as a negotiating tactic. It also affirms that government shutdowns (1) cause unnecessary pain to federal workers and the people of the United States, and (2) should never be resorted to again. </p>]]></text>
        </item>
      </billSummaries>
    </summaries>
    <notes />
    <createDate>2019-02-12T05:25:14Z</createDate>
    <cosponsors>
      <item>
        <party>R</party>
        <lastName>COLLINS</lastName>
        <firstName>SUSAN</firstName>
        <bioguideId>C001035</bioguideId>
        <state>ME</state>
        <sponsorshipDate>2019-02-11</sponsorshipDate>
        <fullName>Sen. Collins, Susan M. [R-ME]</fullName>
        <identifiers>
          <bioguideId>C001035</bioguideId>
          <gpoId>8291</gpoId>
          <lisID>1541</lisID>
        </identifiers>
        <middleName>MARGARET</middleName>
        <sponsorshipWithdrawnDate />
        <isOriginalCosponsor>True</isOriginalCosponsor>
      </item>
      <item>
        <party>D</party>
        <lastName>Klobuchar</lastName>
        <firstName>Amy</firstName>
        <bioguideId>K000367</bioguideId>
        <state>MN</state>
        <sponsorshipDate>2019-02-11</sponsorshipDate>
        <fullName>Sen. Klobuchar, Amy [D-MN]</fullName>
        <identifiers>
          <lisID>1826</lisID>
          <gpoId>8249</gpoId>
          <bioguideId>K000367</bioguideId>
        </identifiers>
        <middleName />
        <sponsorshipWithdrawnDate />
        <isOriginalCosponsor>True</isOriginalCosponsor>
      </item>
      <item>
        <party>D</party>
        <lastName>Smith</lastName>
        <firstName>Tina</firstName>
        <bioguideId>S001203</bioguideId>
        <state>MN</state>
        <sponsorshipDate>2019-02-11</sponsorshipDate>
        <fullName>Sen. Smith, Tina  [D-MN]</fullName>
        <identifiers>
          <lisID>2365</lisID>
          <gpoId />
          <bioguideId>S001203</bioguideId>
        </identifiers>
        <middleName />
        <sponsorshipWithdrawnDate />
        <isOriginalCosponsor>True</isOriginalCosponsor>
      </item>
      <item>
        <party>D</party>
        <lastName>CARDIN</lastName>
        <firstName>BENJAMIN</firstName>
        <bioguideId>C000141</bioguideId>
        <state>MD</state>
        <sponsorshipDate>2019-02-11</sponsorshipDate>
        <fullName>Sen. Cardin, Benjamin L. [D-MD]</fullName>
        <identifiers>
          <bioguideId>C000141</bioguideId>
          <gpoId>8287</gpoId>
          <lisID>174</lisID>
        </identifiers>
        <middleName>L.</middleName>
        <sponsorshipWithdrawnDate />
        <isOriginalCosponsor>True</isOriginalCosponsor>
      </item>
      <item>
        <party>D</party>
        <lastName>Blumenthal</lastName>
        <firstName>Richard</firstName>
        <bioguideId>B001277</bioguideId>
        <state>CT</state>
        <sponsorshipDate>2019-02-11</sponsorshipDate>
        <fullName>Sen. Blumenthal, Richard [D-CT]</fullName>
        <identifiers>
          <lisID>2076</lisID>
          <gpoId>8332</gpoId>
          <bioguideId>B001277</bioguideId>
        </identifiers>
        <middleName />
        <sponsorshipWithdrawnDate />
        <isOriginalCosponsor>True</isOriginalCosponsor>
      </item>
      <item>
        <party>D</party>
        <lastName>Van Hollen</lastName>
        <firstName>Chris</firstName>
        <bioguideId>V000128</bioguideId>
        <state>MD</state>
        <sponsorshipDate>2019-02-13</sponsorshipDate>
        <fullName>Sen. Van Hollen, Chris [D-MD]</fullName>
        <identifiers>
          <lisID>1729</lisID>
          <gpoId>7983</gpoId>
          <bioguideId>V000128</bioguideId>
        </identifiers>
        <middleName />
        <sponsorshipWithdrawnDate />
        <isOriginalCosponsor>False</isOriginalCosponsor>
      </item>
    </cosponsors>
    <originChamber>Senate</originChamber>
    <amendments />
    <updateDate>2019-11-15T21:50:17Z</updateDate>
    <relatedBills />
    <latestAction>
      <text>Referred to the Committee on Appropriations. (text: CR S1169)</text>
      <actionDate>2019-02-11</actionDate>
      <links />
    </latestAction>
    <introducedDate>2019-02-11</introducedDate>
    <laws />
    <subjects>
      <billSubjects>
        <legislativeSubjects>
          <item>
            <name>Appropriations</name>
          </item>
          <item>
            <name>Executive agency funding and structure</name>
          </item>
          <item>
            <name>Government employee pay, benefits, personnel management</name>
          </item>
        </legislativeSubjects>
        <policyArea>
          <name>Economics and Public Finance</name>
        </policyArea>
      </billSubjects>
    </subjects>
    <calendarNumbers />
    <textVersions>
      <item>
        <formats>
          <item>
            <url>https://www.govinfo.gov/content/pkg/BILLS-116sres66is/xml/BILLS-116sres66is.xml</url>
          </item>
        </formats>
        <type>Introduced in Senate</type>
        <date>2019-02-11T05:00:00Z</date>
      </item>
    </textVersions>
    <version>1.0.0</version>
    <policyArea>
      <name>Economics and Public Finance</name>
    </policyArea>
    <recordedVotes />
    <sponsors>
      <item>
        <bioguideId>F000062</bioguideId>
        <state>CA</state>
        <party>D</party>
        <fullName>Sen. Feinstein, Dianne [D-CA]</fullName>
        <firstName>DIANNE</firstName>
        <lastName>FEINSTEIN</lastName>
        <byRequestType />
        <middleName />
        <identifiers>
          <bioguideId>F000062</bioguideId>
          <lisID>1332</lisID>
          <gpoId>8338</gpoId>
        </identifiers>
      </item>
    </sponsors>
    <billType>SRES</billType>
    <title>A resolution rejecting the use of Government shutdowns.</title>
    <congress>116</congress>
    <committees>
      <billCommittees>
        <item>
          <type>Standing</type>
          <subcommittees />
          <systemCode>ssap00</systemCode>
          <name>Appropriations Committee</name>
          <chamber>Senate</chamber>
          <activities>
            <item>
              <name>Referred to</name>
              <date>2019-02-11T22:57:46Z</date>
            </item>
          </activities>
        </item>
      </billCommittees>
    </committees>
    <actions>
      <actionByCounts>
        <senate>2</senate>
      </actionByCounts>
      <item>
        <actionDate>2019-02-11</actionDate>
        <committee>
          <systemCode>ssap00</systemCode>
          <name>Appropriations Committee</name>
        </committee>
        <links>
          <link>
            <name>S1169</name>
            <url>https://www.congress.gov/congressional-record/volume-165/senate-section/page/S1169</url>
          </link>
        </links>
        <sourceSystem>
          <name>Senate</name>
          <code>0</code>
        </sourceSystem>
        <text>Referred to the Committee on Appropriations. (text: CR S1169)</text>
        <type>IntroReferral</type>
      </item>
      <item>
        <committee />
        <type>IntroReferral</type>
        <actionDate>2019-02-11</actionDate>
        <actionCode>10000</actionCode>
        <text>Introduced in Senate</text>
        <links />
        <sourceSystem>
          <name>Library of Congress</name>
          <code>9</code>
        </sourceSystem>
      </item>
      <actionTypeCounts>
        <referredToCommittee>1</referredToCommittee>
        <introducedInSenate>1</introducedInSenate>
      </actionTypeCounts>
    </actions>
    <titles>
      <item>
        <title>A resolution rejecting the use of Government shutdowns.</title>
        <parentTitleType />
        <titleType>Official Title as Introduced</titleType>
        <chamberName />
        <chamberCode />
      </item>
      <item>
        <title>A resolution rejecting the use of Government shutdowns.</title>
        <parentTitleType />
        <titleType>Display Title</titleType>
        <chamberName />
        <chamberCode />
      </item>
    </titles>
  </bill>
  <dublinCore xmlns:dc="http://purl.org/dc/elements/1.1/">
    <dc:format>text/xml</dc:format>
    <dc:language>EN</dc:language>
    <dc:rights>Pursuant to Title 17 Section 105 of the United States Code, this file is not subject to copyright protection and is in the public domain.</dc:rights>
    <dc:contributor>Congressional Research Service, Library of Congress</dc:contributor>
    <dc:description>This file contains bill summaries and statuses for federal legislation. A bill summary describes the most significant provisions of a piece of legislation and details the effects the legislative text may have on current law and federal programs. Bill summaries are authored by the Congressional Research Service (CRS) of the Library of Congress. As stated in Public Law 91-510 (2 USC 166 (d)(6)), one of the duties of CRS is "to prepare summaries and digests of bills and resolutions of a public general nature introduced in the Senate or House of Representatives". For more information, refer to the User Guide that accompanies this file.</dc:description>
  </dublinCore>
</billStatus>

