<?xml version="1.0" encoding="UTF-8"?>
<billStatus>
  <bill>
    <originChamber>Senate</originChamber>
    <laws />
    <amendments />
    <textVersions>
      <item>
        <type>Agreed to Senate</type>
        <date>2019-04-08T04:00:00Z</date>
        <formats>
          <item>
            <url>https://www.govinfo.gov/content/pkg/BILLS-116sres147ats/xml/BILLS-116sres147ats.xml</url>
          </item>
        </formats>
      </item>
    </textVersions>
    <version>1.0.0</version>
    <summaries>
      <billSummaries>
        <item>
          <text><![CDATA[<p> This resolution honors the life and memory of Jereima &quot;Jeri&quot; Bustamante and encourages the recipients of the Jereima Bustamante Memorial Scholarship to carry on her legacy.</p>]]></text>
          <lastSummaryUpdateDate>2019-04-22T14:12:50Z</lastSummaryUpdateDate>
          <name>Introduced in Senate</name>
          <actionDate>2019-04-08</actionDate>
          <actionDesc>Introduced in Senate</actionDesc>
          <versionCode>00</versionCode>
          <updateDate>2019-04-08T04:00:00Z</updateDate>
        </item>
      </billSummaries>
    </summaries>
    <title>A resolution honoring the memory of Jereima "Jeri" Bustamante on the 1-year anniversary of her passing.</title>
    <updateDate>2019-04-24T09:17:39Z</updateDate>
    <titles>
      <item>
        <parentTitleType />
        <chamberName />
        <title>A resolution honoring the memory of Jereima "Jeri" Bustamante on the 1-year anniversary of her passing.</title>
        <titleType>Official Title as Introduced</titleType>
        <chamberCode />
      </item>
      <item>
        <parentTitleType />
        <chamberName />
        <title>A resolution honoring the memory of Jereima "Jeri" Bustamante on the 1-year anniversary of her passing.</title>
        <titleType>Display Title</titleType>
        <chamberCode />
      </item>
    </titles>
    <policyArea>
      <name>Education</name>
    </policyArea>
    <sponsors>
      <item>
        <identifiers>
          <gpoId />
          <lisID>2470</lisID>
          <bioguideId>S001217</bioguideId>
        </identifiers>
        <firstName>Rick</firstName>
        <lastName>Scott</lastName>
        <middleName />
        <state>FL</state>
        <byRequestType />
        <bioguideId>S001217</bioguideId>
        <party>R</party>
        <fullName>Sen. Scott, Rick  [R-FL]</fullName>
      </item>
    </sponsors>
    <committees>
      <billCommittees />
    </committees>
    <recordedVotes />
    <cboCostEstimates />
    <committeeReports />
    <calendarNumbers />
    <notes />
    <billType>SRES</billType>
    <congress>116</congress>
    <billNumber>147</billNumber>
    <relatedBills />
    <introducedDate>2019-04-08</introducedDate>
    <cosponsors>
      <item>
        <identifiers>
          <lisID>2084</lisID>
          <gpoId>8242</gpoId>
          <bioguideId>R000595</bioguideId>
        </identifiers>
        <bioguideId>R000595</bioguideId>
        <middleName />
        <party>R</party>
        <isOriginalCosponsor>True</isOriginalCosponsor>
        <fullName>Sen. Rubio, Marco [R-FL]</fullName>
        <lastName>Rubio</lastName>
        <state>FL</state>
        <firstName>Marco</firstName>
        <sponsorshipWithdrawnDate />
        <sponsorshipDate>2019-04-08</sponsorshipDate>
      </item>
    </cosponsors>
    <actions>
      <actionByCounts>
        <senate>3</senate>
      </actionByCounts>
      <item>
        <actionDate>2019-04-08</actionDate>
        <committee />
        <links>
          <link>
            <name>S2291</name>
            <url>https://www.congress.gov/congressional-record/volume-165/senate-section/page/S2291</url>
          </link>
          <link>
            <name>S2296</name>
            <url>https://www.congress.gov/congressional-record/volume-165/senate-section/page/S2296</url>
          </link>
        </links>
        <sourceSystem>
          <name>Senate</name>
          <code>0</code>
        </sourceSystem>
        <text>Submitted in the Senate, considered, and agreed to without amendment and with a preamble by Unanimous Consent. (consideration: CR S2291; text: CR S2296)</text>
        <type>Floor</type>
      </item>
      <item>
        <actionCode>17000</actionCode>
        <links>
          <link>
            <name>S2291</name>
            <url>https://www.congress.gov/congressional-record/volume-165/senate-section/page/S2291</url>
          </link>
          <link>
            <name>S2296</name>
            <url>https://www.congress.gov/congressional-record/volume-165/senate-section/page/S2296</url>
          </link>
        </links>
        <committee />
        <text>Passed/agreed to in Senate: Submitted in the Senate, considered, and agreed to without amendment and with a preamble by Unanimous Consent.(consideration: CR S2291; text: CR S2296)</text>
        <type>Floor</type>
        <sourceSystem>
          <name>Library of Congress</name>
          <code>9</code>
        </sourceSystem>
        <actionDate>2019-04-08</actionDate>
      </item>
      <item>
        <actionCode>10000</actionCode>
        <links />
        <committee />
        <text>Introduced in Senate</text>
        <type>IntroReferral</type>
        <sourceSystem>
          <name>Library of Congress</name>
          <code>9</code>
        </sourceSystem>
        <actionDate>2019-04-08</actionDate>
      </item>
      <actionTypeCounts>
        <introducedInSenate>1</introducedInSenate>
        <passedOrAgreedToInSenateDayOf>1</passedOrAgreedToInSenateDayOf>
        <passedAgreedToInSenate>1</passedAgreedToInSenate>
      </actionTypeCounts>
    </actions>
    <subjects>
      <billSubjects>
        <legislativeSubjects>
          <item>
            <name>Congressional tributes</name>
          </item>
          <item>
            <name>Florida</name>
          </item>
          <item>
            <name>Higher education</name>
          </item>
          <item>
            <name>Student aid and college costs</name>
          </item>
        </legislativeSubjects>
        <policyArea>
          <name>Education</name>
        </policyArea>
      </billSubjects>
    </subjects>
    <createDate>2019-04-09T04:27:06Z</createDate>
    <latestAction>
      <links />
      <actionDate>2019-04-08</actionDate>
      <text>Submitted in the Senate, considered, and agreed to without amendment and with a preamble by Unanimous Consent. (consideration: CR S2291; text: CR S2296)</text>
    </latestAction>
  </bill>
  <dublinCore xmlns:dc="http://purl.org/dc/elements/1.1/">
    <dc:format>text/xml</dc:format>
    <dc:language>EN</dc:language>
    <dc:rights>Pursuant to Title 17 Section 105 of the United States Code, this file is not subject to copyright protection and is in the public domain.</dc:rights>
    <dc:contributor>Congressional Research Service, Library of Congress</dc:contributor>
    <dc:description>This file contains bill summaries and statuses for federal legislation. A bill summary describes the most significant provisions of a piece of legislation and details the effects the legislative text may have on current law and federal programs. Bill summaries are authored by the Congressional Research Service (CRS) of the Library of Congress. As stated in Public Law 91-510 (2 USC 166 (d)(6)), one of the duties of CRS is "to prepare summaries and digests of bills and resolutions of a public general nature introduced in the Senate or House of Representatives". For more information, refer to the User Guide that accompanies this file.</dc:description>
  </dublinCore>
</billStatus>

