<?xml version="1.0" encoding="UTF-8"?>
<billStatus>
  <bill>
    <version>1.0.0</version>
    <cboCostEstimates />
    <relatedBills>
      <item>
        <number>669</number>
        <congress>116</congress>
        <type>HRES</type>
        <latestAction>
          <actionDate>2019-10-31</actionDate>
          <text>Referred to the House Committee on Education and Labor.</text>
        </latestAction>
        <latestTitle>Expressing support for designation of the week of November 3 through 9, 2019, as National Family Service Learning Week.</latestTitle>
        <relationshipDetails>
          <item>
            <type>Related bill</type>
            <identifiedBy>CRS</identifiedBy>
          </item>
        </relationshipDetails>
      </item>
    </relatedBills>
    <amendments />
    <summaries>
      <billSummaries />
    </summaries>
    <policyArea>
      <name>Families</name>
    </policyArea>
    <sponsors>
      <item>
        <firstName>John</firstName>
        <middleName />
        <state>TX</state>
        <bioguideId>C001056</bioguideId>
        <identifiers>
          <bioguideId>C001056</bioguideId>
          <lisID>1692</lisID>
          <gpoId>8295</gpoId>
        </identifiers>
        <fullName>Sen. Cornyn, John [R-TX]</fullName>
        <party>R</party>
        <lastName>Cornyn</lastName>
        <byRequestType />
      </item>
    </sponsors>
    <notes />
    <billNumber>412</billNumber>
    <updateDate>2019-11-19T11:04:21Z</updateDate>
    <titles>
      <item>
        <chamberName />
        <title>A resolution expressing support for the designation of the week of November 4 through November 8, 2019, as "National Family Service Learning Week".</title>
        <parentTitleType />
        <titleType>Official Title as Introduced</titleType>
        <chamberCode />
      </item>
      <item>
        <chamberName />
        <title>A resolution expressing support for the designation of the week of November 4 through November 8, 2019, as "National Family Service Learning Week".</title>
        <parentTitleType />
        <titleType>Display Title</titleType>
        <chamberCode />
      </item>
    </titles>
    <createDate>2019-11-08T06:12:26Z</createDate>
    <title>A resolution expressing support for the designation of the week of November 4 through November 8, 2019, as "National Family Service Learning Week".</title>
    <textVersions>
      <item>
        <formats>
          <item>
            <url>https://www.govinfo.gov/content/pkg/BILLS-116sres412ats/xml/BILLS-116sres412ats.xml</url>
          </item>
        </formats>
        <type>Agreed to Senate</type>
        <date>2019-11-07T05:00:00Z</date>
      </item>
    </textVersions>
    <recordedVotes />
    <calendarNumbers />
    <committeeReports />
    <congress>116</congress>
    <latestAction>
      <actionDate>2019-11-07</actionDate>
      <links />
      <text>Submitted in the Senate, considered, and agreed to without amendment and with a preamble by Voice Vote. (consideration: CR S6485; text: CR S6480-6481)</text>
    </latestAction>
    <actions>
      <actionByCounts>
        <senate>3</senate>
      </actionByCounts>
      <item>
        <actionDate>2019-11-07</actionDate>
        <committee />
        <links>
          <link>
            <name>S6480-6481</name>
            <url>https://www.congress.gov/congressional-record/volume-165/senate-section/page/S6480-6481</url>
          </link>
          <link>
            <name>S6485</name>
            <url>https://www.congress.gov/congressional-record/volume-165/senate-section/page/S6485</url>
          </link>
        </links>
        <sourceSystem>
          <name>Senate</name>
          <code>0</code>
        </sourceSystem>
        <text>Submitted in the Senate, considered, and agreed to without amendment and with a preamble by Voice Vote. (consideration: CR S6485; text: CR S6480-6481)</text>
        <type>Floor</type>
      </item>
      <item>
        <committee />
        <type>Floor</type>
        <actionDate>2019-11-07</actionDate>
        <actionCode>17000</actionCode>
        <text>Passed/agreed to in Senate: Submitted in the Senate, considered, and agreed to without amendment and with a preamble by Voice Vote.(consideration: CR S6485; text: CR S6480-6481)</text>
        <links>
          <link>
            <name>S6480-6481</name>
            <url>https://www.congress.gov/congressional-record/volume-165/senate-section/page/S6480-6481</url>
          </link>
          <link>
            <name>S6485</name>
            <url>https://www.congress.gov/congressional-record/volume-165/senate-section/page/S6485</url>
          </link>
        </links>
        <sourceSystem>
          <name>Library of Congress</name>
          <code>9</code>
        </sourceSystem>
      </item>
      <item>
        <committee />
        <type>IntroReferral</type>
        <actionDate>2019-11-07</actionDate>
        <actionCode>10000</actionCode>
        <text>Introduced in Senate</text>
        <links />
        <sourceSystem>
          <name>Library of Congress</name>
          <code>9</code>
        </sourceSystem>
      </item>
      <actionTypeCounts>
        <passedAgreedToInSenate>1</passedAgreedToInSenate>
        <passedOrAgreedToInSenateDayOf>1</passedOrAgreedToInSenateDayOf>
        <introducedInSenate>1</introducedInSenate>
      </actionTypeCounts>
    </actions>
    <originChamber>Senate</originChamber>
    <committees>
      <billCommittees />
    </committees>
    <introducedDate>2019-11-07</introducedDate>
    <subjects>
      <billSubjects>
        <policyArea>
          <name>Families</name>
        </policyArea>
        <legislativeSubjects />
      </billSubjects>
    </subjects>
    <cosponsors>
      <item>
        <party>D</party>
        <lastName>Booker</lastName>
        <firstName>Cory</firstName>
        <bioguideId>B001288</bioguideId>
        <state>NJ</state>
        <sponsorshipDate>2019-11-07</sponsorshipDate>
        <fullName>Sen. Booker, Cory A. [D-NJ]</fullName>
        <identifiers>
          <bioguideId>B001288</bioguideId>
          <lisID>2194</lisID>
          <gpoId />
        </identifiers>
        <middleName>A.</middleName>
        <sponsorshipWithdrawnDate />
        <isOriginalCosponsor>True</isOriginalCosponsor>
      </item>
      <item>
        <party>R</party>
        <lastName>PORTMAN</lastName>
        <firstName>ROB</firstName>
        <bioguideId>P000449</bioguideId>
        <state>OH</state>
        <sponsorshipDate>2019-11-07</sponsorshipDate>
        <fullName>Sen. Portman, Rob [R-OH]</fullName>
        <identifiers>
          <lisID>924</lisID>
          <gpoId>8266</gpoId>
          <bioguideId>P000449</bioguideId>
        </identifiers>
        <middleName />
        <sponsorshipWithdrawnDate />
        <isOriginalCosponsor>True</isOriginalCosponsor>
      </item>
      <item>
        <party>D</party>
        <lastName>REED</lastName>
        <firstName>JOHN</firstName>
        <bioguideId>R000122</bioguideId>
        <state>RI</state>
        <sponsorshipDate>2019-11-07</sponsorshipDate>
        <fullName>Sen. Reed, Jack [D-RI]</fullName>
        <identifiers>
          <bioguideId>R000122</bioguideId>
          <lisID>949</lisID>
          <gpoId>8272</gpoId>
        </identifiers>
        <middleName>F.</middleName>
        <sponsorshipWithdrawnDate />
        <isOriginalCosponsor>True</isOriginalCosponsor>
      </item>
      <item>
        <party>R</party>
        <lastName>Rubio</lastName>
        <firstName>Marco</firstName>
        <bioguideId>R000595</bioguideId>
        <state>FL</state>
        <sponsorshipDate>2019-11-07</sponsorshipDate>
        <fullName>Sen. Rubio, Marco [R-FL]</fullName>
        <identifiers>
          <lisID>2084</lisID>
          <gpoId>8242</gpoId>
          <bioguideId>R000595</bioguideId>
        </identifiers>
        <middleName />
        <sponsorshipWithdrawnDate />
        <isOriginalCosponsor>True</isOriginalCosponsor>
      </item>
      <item>
        <party>D</party>
        <lastName>Whitehouse</lastName>
        <firstName>Sheldon</firstName>
        <bioguideId>W000802</bioguideId>
        <state>RI</state>
        <sponsorshipDate>2019-11-07</sponsorshipDate>
        <fullName>Sen. Whitehouse, Sheldon [D-RI]</fullName>
        <identifiers>
          <bioguideId>W000802</bioguideId>
          <lisID>1823</lisID>
          <gpoId>8264</gpoId>
        </identifiers>
        <middleName />
        <sponsorshipWithdrawnDate />
        <isOriginalCosponsor>True</isOriginalCosponsor>
      </item>
      <item>
        <party>R</party>
        <lastName>Braun</lastName>
        <firstName>Mike</firstName>
        <bioguideId>B001310</bioguideId>
        <state>IN</state>
        <sponsorshipDate>2019-11-07</sponsorshipDate>
        <fullName>Sen. Braun, Mike  [R-IN]</fullName>
        <identifiers>
          <bioguideId>B001310</bioguideId>
          <gpoId />
          <lisID>2462</lisID>
        </identifiers>
        <middleName />
        <sponsorshipWithdrawnDate />
        <isOriginalCosponsor>True</isOriginalCosponsor>
      </item>
      <item>
        <party>D</party>
        <lastName>Klobuchar</lastName>
        <firstName>Amy</firstName>
        <bioguideId>K000367</bioguideId>
        <state>MN</state>
        <sponsorshipDate>2019-11-07</sponsorshipDate>
        <fullName>Sen. Klobuchar, Amy [D-MN]</fullName>
        <identifiers>
          <lisID>1826</lisID>
          <gpoId>8249</gpoId>
          <bioguideId>K000367</bioguideId>
        </identifiers>
        <middleName />
        <sponsorshipWithdrawnDate />
        <isOriginalCosponsor>True</isOriginalCosponsor>
      </item>
      <item>
        <party>R</party>
        <lastName>WICKER</lastName>
        <firstName>ROGER</firstName>
        <bioguideId>W000437</bioguideId>
        <state>MS</state>
        <sponsorshipDate>2019-11-07</sponsorshipDate>
        <fullName>Sen. Wicker, Roger F. [R-MS]</fullName>
        <identifiers>
          <lisID>1226</lisID>
          <gpoId>8263</gpoId>
          <bioguideId>W000437</bioguideId>
        </identifiers>
        <middleName>F.</middleName>
        <sponsorshipWithdrawnDate />
        <isOriginalCosponsor>True</isOriginalCosponsor>
      </item>
      <item>
        <party>D</party>
        <lastName>Warren</lastName>
        <firstName>Elizabeth</firstName>
        <bioguideId>W000817</bioguideId>
        <state>MA</state>
        <sponsorshipDate>2019-11-07</sponsorshipDate>
        <fullName>Sen. Warren, Elizabeth [D-MA]</fullName>
        <identifiers>
          <lisID>2182</lisID>
          <gpoId />
          <bioguideId>W000817</bioguideId>
        </identifiers>
        <middleName>A.</middleName>
        <sponsorshipWithdrawnDate />
        <isOriginalCosponsor>True</isOriginalCosponsor>
      </item>
    </cosponsors>
    <billType>SRES</billType>
    <laws />
  </bill>
  <dublinCore xmlns:dc="http://purl.org/dc/elements/1.1/">
    <dc:format>text/xml</dc:format>
    <dc:language>EN</dc:language>
    <dc:rights>Pursuant to Title 17 Section 105 of the United States Code, this file is not subject to copyright protection and is in the public domain.</dc:rights>
    <dc:contributor>Congressional Research Service, Library of Congress</dc:contributor>
    <dc:description>This file contains bill summaries and statuses for federal legislation. A bill summary describes the most significant provisions of a piece of legislation and details the effects the legislative text may have on current law and federal programs. Bill summaries are authored by the Congressional Research Service (CRS) of the Library of Congress. As stated in Public Law 91-510 (2 USC 166 (d)(6)), one of the duties of CRS is "to prepare summaries and digests of bills and resolutions of a public general nature introduced in the Senate or House of Representatives". For more information, refer to the User Guide that accompanies this file.</dc:description>
  </dublinCore>
</billStatus>

