<?xml version="1.0" encoding="UTF-8"?>
<billStatus>
  <bill>
    <actions>
      <actionTypeCounts>
        <passedOrAgreedToInSenateDayOf>1</passedOrAgreedToInSenateDayOf>
        <passedAgreedToInSenate>1</passedAgreedToInSenate>
        <introducedInSenate>1</introducedInSenate>
      </actionTypeCounts>
      <actionByCounts>
        <senate>3</senate>
      </actionByCounts>
      <item>
        <actionDate>2019-04-11</actionDate>
        <committee />
        <links>
          <link>
            <url>https://www.congress.gov/congressional-record/volume-165/senate-section/page/S2441</url>
            <name>S2441</name>
          </link>
          <link>
            <url>https://www.congress.gov/congressional-record/volume-165/senate-section/page/S2455</url>
            <name>S2455</name>
          </link>
        </links>
        <sourceSystem>
          <name>Senate</name>
          <code>0</code>
        </sourceSystem>
        <text>Submitted in the Senate, considered, and agreed to without amendment and with a preamble by Voice Vote. (consideration: CR S2455; text: CR S2441)</text>
        <type>Floor</type>
      </item>
      <item>
        <links>
          <link>
            <url>https://www.congress.gov/congressional-record/volume-165/senate-section/page/S2441</url>
            <name>S2441</name>
          </link>
          <link>
            <url>https://www.congress.gov/congressional-record/volume-165/senate-section/page/S2455</url>
            <name>S2455</name>
          </link>
        </links>
        <actionCode>17000</actionCode>
        <text>Passed/agreed to in Senate: Submitted in the Senate, considered, and agreed to without amendment and with a preamble by Voice Vote.(consideration: CR S2455; text: CR S2441)</text>
        <sourceSystem>
          <name>Library of Congress</name>
          <code>9</code>
        </sourceSystem>
        <actionDate>2019-04-11</actionDate>
        <committee />
        <type>Floor</type>
      </item>
      <item>
        <links />
        <actionCode>10000</actionCode>
        <text>Introduced in Senate</text>
        <sourceSystem>
          <name>Library of Congress</name>
          <code>9</code>
        </sourceSystem>
        <actionDate>2019-04-11</actionDate>
        <committee />
        <type>IntroReferral</type>
      </item>
    </actions>
    <summaries>
      <billSummaries>
        <item>
          <actionDate>2019-04-11</actionDate>
          <updateDate>2019-04-11T04:00:00Z</updateDate>
          <actionDesc>Introduced in Senate</actionDesc>
          <lastSummaryUpdateDate>2019-06-21T14:24:14Z</lastSummaryUpdateDate>
          <versionCode>00</versionCode>
          <text><![CDATA[<p>This resolution congratulates the Lady Bears of Baylor University on winning the 2019 National Collegiate Athletic Association Division I women's basketball championship and completing a successful season.</p>]]></text>
          <name>Introduced in Senate</name>
        </item>
        <item>
          <actionDate>2019-04-11</actionDate>
          <updateDate>2019-04-11T10:45:49Z</updateDate>
          <actionDesc>Passed Senate</actionDesc>
          <lastSummaryUpdateDate>2019-08-06T15:57:11Z</lastSummaryUpdateDate>
          <versionCode>55</versionCode>
          <text><![CDATA[<p>This resolution congratulates the Lady Bears of Baylor University on winning the 2019 National Collegiate Athletic Association Division I women's basketball championship and completing a successful season.</p>]]></text>
          <name>Passed Senate</name>
        </item>
      </billSummaries>
    </summaries>
    <cboCostEstimates />
    <congress>116</congress>
    <version>1.0.0</version>
    <subjects>
      <billSubjects>
        <legislativeSubjects>
          <item>
            <name>Athletes</name>
          </item>
          <item>
            <name>Congressional tributes</name>
          </item>
          <item>
            <name>Higher education</name>
          </item>
          <item>
            <name>School athletics</name>
          </item>
          <item>
            <name>Texas</name>
          </item>
        </legislativeSubjects>
        <policyArea>
          <name>Sports and Recreation</name>
        </policyArea>
      </billSubjects>
    </subjects>
    <title>A resolution commending and congratulating the Lady Bears of Baylor University on winning the 2019 National Collegiate Athletic Association Division I women's basketball championship.</title>
    <cosponsors>
      <item>
        <sponsorshipWithdrawnDate />
        <firstName>Ted</firstName>
        <middleName />
        <fullName>Sen. Cruz, Ted [R-TX]</fullName>
        <state>TX</state>
        <bioguideId>C001098</bioguideId>
        <sponsorshipDate>2019-04-11</sponsorshipDate>
        <identifiers>
          <gpoId />
          <bioguideId>C001098</bioguideId>
          <lisID>2175</lisID>
        </identifiers>
        <lastName>Cruz</lastName>
        <party>R</party>
        <isOriginalCosponsor>True</isOriginalCosponsor>
      </item>
    </cosponsors>
    <createDate>2019-04-12T04:57:08Z</createDate>
    <originChamber>Senate</originChamber>
    <relatedBills />
    <titles>
      <item>
        <title>A resolution commending and congratulating the Lady Bears of Baylor University on winning the 2019 National Collegiate Athletic Association Division I women's basketball championship.</title>
        <chamberName />
        <chamberCode />
        <parentTitleType />
        <titleType>Official Title as Introduced</titleType>
      </item>
      <item>
        <title>A resolution commending and congratulating the Lady Bears of Baylor University on winning the 2019 National Collegiate Athletic Association Division I women's basketball championship.</title>
        <chamberName />
        <chamberCode />
        <parentTitleType />
        <titleType>Display Title</titleType>
      </item>
    </titles>
    <laws />
    <introducedDate>2019-04-11</introducedDate>
    <calendarNumbers />
    <policyArea>
      <name>Sports and Recreation</name>
    </policyArea>
    <notes />
    <updateDate>2019-08-16T10:41:44Z</updateDate>
    <textVersions>
      <item>
        <date>2019-04-11T04:00:00Z</date>
        <type>Agreed to Senate</type>
        <formats>
          <item>
            <url>https://www.govinfo.gov/content/pkg/BILLS-116sres163ats/xml/BILLS-116sres163ats.xml</url>
          </item>
        </formats>
      </item>
    </textVersions>
    <committees>
      <billCommittees />
    </committees>
    <amendments />
    <billNumber>163</billNumber>
    <committeeReports />
    <latestAction>
      <text>Submitted in the Senate, considered, and agreed to without amendment and with a preamble by Voice Vote. (consideration: CR S2455; text: CR S2441)</text>
      <actionDate>2019-04-11</actionDate>
      <links />
    </latestAction>
    <billType>SRES</billType>
    <recordedVotes />
    <sponsors>
      <item>
        <bioguideId>C001056</bioguideId>
        <state>TX</state>
        <party>R</party>
        <lastName>Cornyn</lastName>
        <firstName>John</firstName>
        <fullName>Sen. Cornyn, John [R-TX]</fullName>
        <middleName />
        <byRequestType />
        <identifiers>
          <lisID>1692</lisID>
          <bioguideId>C001056</bioguideId>
          <gpoId>8295</gpoId>
        </identifiers>
      </item>
    </sponsors>
  </bill>
  <dublinCore xmlns:dc="http://purl.org/dc/elements/1.1/">
    <dc:format>text/xml</dc:format>
    <dc:language>EN</dc:language>
    <dc:rights>Pursuant to Title 17 Section 105 of the United States Code, this file is not subject to copyright protection and is in the public domain.</dc:rights>
    <dc:contributor>Congressional Research Service, Library of Congress</dc:contributor>
    <dc:description>This file contains bill summaries and statuses for federal legislation. A bill summary describes the most significant provisions of a piece of legislation and details the effects the legislative text may have on current law and federal programs. Bill summaries are authored by the Congressional Research Service (CRS) of the Library of Congress. As stated in Public Law 91-510 (2 USC 166 (d)(6)), one of the duties of CRS is "to prepare summaries and digests of bills and resolutions of a public general nature introduced in the Senate or House of Representatives". For more information, refer to the User Guide that accompanies this file.</dc:description>
  </dublinCore>
</billStatus>

