<?xml version="1.0" encoding="UTF-8"?>
<billStatus>
  <bill>
    <committees>
      <billCommittees />
    </committees>
    <version>1.0.0</version>
    <committeeReports />
    <originChamber>Senate</originChamber>
    <subjects>
      <billSubjects>
        <legislativeSubjects>
          <item>
            <name>Athletes</name>
          </item>
          <item>
            <name>Congressional tributes</name>
          </item>
          <item>
            <name>North Dakota</name>
          </item>
          <item>
            <name>School athletics</name>
          </item>
        </legislativeSubjects>
        <policyArea>
          <name>Sports and Recreation</name>
        </policyArea>
      </billSubjects>
    </subjects>
    <latestAction>
      <links />
      <actionDate>2019-01-14</actionDate>
      <text>Submitted in the Senate, considered, and agreed to without amendment and with a preamble by Unanimous Consent. (consideration: CR S182; text: CR S181)</text>
    </latestAction>
    <updateDate>2019-09-27T10:41:23Z</updateDate>
    <textVersions>
      <item>
        <type>Agreed to Senate</type>
        <formats>
          <item>
            <url>https://www.govinfo.gov/content/pkg/BILLS-116sres17ats/xml/BILLS-116sres17ats.xml</url>
          </item>
        </formats>
        <date>2019-01-14T05:00:00Z</date>
      </item>
    </textVersions>
    <introducedDate>2019-01-14</introducedDate>
    <recordedVotes />
    <billNumber>17</billNumber>
    <summaries>
      <billSummaries>
        <item>
          <actionDesc>Introduced in Senate</actionDesc>
          <updateDate>2019-01-14T05:00:00Z</updateDate>
          <lastSummaryUpdateDate>2019-01-28T17:22:22Z</lastSummaryUpdateDate>
          <name>Introduced in Senate</name>
          <versionCode>00</versionCode>
          <actionDate>2019-01-14</actionDate>
          <text><![CDATA[<p>This resolution congratulates the North Dakota State University Bison football team for winning the 2018 National Collegiate Athletic Association Division I Football Championship Subdivision title.</p>]]></text>
        </item>
        <item>
          <actionDesc>Passed Senate</actionDesc>
          <updateDate>2019-01-14T14:10:20Z</updateDate>
          <lastSummaryUpdateDate>2019-01-29T20:15:31Z</lastSummaryUpdateDate>
          <name>Passed Senate</name>
          <versionCode>55</versionCode>
          <actionDate>2019-01-14</actionDate>
          <text><![CDATA[<p>This resolution congratulates the North Dakota State University Bison football team for winning the 2018 National Collegiate Athletic Association Division I Football Championship Subdivision title.</p>]]></text>
        </item>
      </billSummaries>
    </summaries>
    <cboCostEstimates />
    <title>A resolution congratulating the North Dakota State University football team for winning the 2018 National Collegiate Athletic Association Division I Football Championship Subdivision title.</title>
    <sponsors>
      <item>
        <fullName>Sen. Hoeven, John [R-ND]</fullName>
        <lastName>Hoeven</lastName>
        <byRequestType />
        <state>ND</state>
        <party>R</party>
        <firstName>John</firstName>
        <bioguideId>H001061</bioguideId>
        <identifiers>
          <bioguideId>H001061</bioguideId>
          <lisID>2079</lisID>
          <gpoId>8331</gpoId>
        </identifiers>
        <middleName />
      </item>
    </sponsors>
    <cosponsors>
      <item>
        <firstName>Kevin</firstName>
        <bioguideId>C001096</bioguideId>
        <isOriginalCosponsor>True</isOriginalCosponsor>
        <identifiers>
          <gpoId />
          <lisID>2144</lisID>
          <bioguideId>C001096</bioguideId>
        </identifiers>
        <middleName />
        <state>ND</state>
        <fullName>Sen. Cramer, Kevin [R-ND]</fullName>
        <lastName>Cramer</lastName>
        <party>R</party>
        <sponsorshipDate>2019-01-14</sponsorshipDate>
        <sponsorshipWithdrawnDate />
      </item>
    </cosponsors>
    <policyArea>
      <name>Sports and Recreation</name>
    </policyArea>
    <createDate>2019-01-15T05:25:14Z</createDate>
    <laws />
    <billType>SRES</billType>
    <actions>
      <item>
        <actionDate>2019-01-14</actionDate>
        <committee />
        <links>
          <link>
            <url>https://www.congress.gov/congressional-record/volume-165/senate-section/page/S181</url>
            <name>S181</name>
          </link>
          <link>
            <url>https://www.congress.gov/congressional-record/volume-165/senate-section/page/S182</url>
            <name>S182</name>
          </link>
        </links>
        <sourceSystem>
          <code>0</code>
          <name>Senate</name>
        </sourceSystem>
        <text>Submitted in the Senate, considered, and agreed to without amendment and with a preamble by Unanimous Consent. (consideration: CR S182; text: CR S181)</text>
        <type>Floor</type>
      </item>
      <item>
        <links>
          <link>
            <url>https://www.congress.gov/congressional-record/volume-165/senate-section/page/S181</url>
            <name>S181</name>
          </link>
          <link>
            <url>https://www.congress.gov/congressional-record/volume-165/senate-section/page/S182</url>
            <name>S182</name>
          </link>
        </links>
        <actionCode>17000</actionCode>
        <committee />
        <text>Passed/agreed to in Senate: Submitted in the Senate, considered, and agreed to without amendment and with a preamble by Unanimous Consent.(consideration: CR S182; text: CR S181)</text>
        <type>Floor</type>
        <sourceSystem>
          <code>9</code>
          <name>Library of Congress</name>
        </sourceSystem>
        <actionDate>2019-01-14</actionDate>
      </item>
      <item>
        <links />
        <actionCode>10000</actionCode>
        <committee />
        <text>Introduced in Senate</text>
        <type>IntroReferral</type>
        <sourceSystem>
          <code>9</code>
          <name>Library of Congress</name>
        </sourceSystem>
        <actionDate>2019-01-14</actionDate>
      </item>
      <actionByCounts>
        <senate>3</senate>
      </actionByCounts>
      <actionTypeCounts>
        <passedAgreedToInSenate>1</passedAgreedToInSenate>
        <introducedInSenate>1</introducedInSenate>
        <passedOrAgreedToInSenateDayOf>1</passedOrAgreedToInSenateDayOf>
      </actionTypeCounts>
    </actions>
    <titles>
      <item>
        <title>A resolution congratulating the North Dakota State University football team for winning the 2018 National Collegiate Athletic Association Division I Football Championship Subdivision title.</title>
        <parentTitleType />
        <chamberCode />
        <titleType>Official Title as Introduced</titleType>
        <chamberName />
      </item>
      <item>
        <title>A resolution congratulating the North Dakota State University football team for winning the 2018 National Collegiate Athletic Association Division I Football Championship Subdivision title.</title>
        <parentTitleType />
        <chamberCode />
        <titleType>Display Title</titleType>
        <chamberName />
      </item>
    </titles>
    <notes />
    <relatedBills />
    <amendments />
    <congress>116</congress>
    <calendarNumbers />
  </bill>
  <dublinCore xmlns:dc="http://purl.org/dc/elements/1.1/">
    <dc:format>text/xml</dc:format>
    <dc:language>EN</dc:language>
    <dc:rights>Pursuant to Title 17 Section 105 of the United States Code, this file is not subject to copyright protection and is in the public domain.</dc:rights>
    <dc:contributor>Congressional Research Service, Library of Congress</dc:contributor>
    <dc:description>This file contains bill summaries and statuses for federal legislation. A bill summary describes the most significant provisions of a piece of legislation and details the effects the legislative text may have on current law and federal programs. Bill summaries are authored by the Congressional Research Service (CRS) of the Library of Congress. As stated in Public Law 91-510 (2 USC 166 (d)(6)), one of the duties of CRS is "to prepare summaries and digests of bills and resolutions of a public general nature introduced in the Senate or House of Representatives". For more information, refer to the User Guide that accompanies this file.</dc:description>
  </dublinCore>
</billStatus>

