<?xml version="1.0" encoding="UTF-8"?>
<billStatus>
  <bill>
    <subjects>
      <billSubjects>
        <policyArea>
          <name>Congress</name>
        </policyArea>
        <legislativeSubjects />
      </billSubjects>
    </subjects>
    <relatedBills />
    <notes />
    <committees>
      <billCommittees />
    </committees>
    <summaries>
      <billSummaries>
        <item>
          <actionDate>2019-09-25</actionDate>
          <versionCode>00</versionCode>
          <name>Introduced in Senate</name>
          <updateDate>2019-09-25T04:00:00Z</updateDate>
          <lastSummaryUpdateDate>2019-11-08T22:40:28Z</lastSummaryUpdateDate>
          <actionDesc>Introduced in Senate</actionDesc>
          <text><![CDATA[<p>This resolution instructs Senate conferees on the conference committee for S. 1790 (National Defense Authorization Act for Fiscal Year 2020) to insist upon provisions that make amounts available for replenishment of military construction funds that were used for certain projects along the southern border.</p>]]></text>
        </item>
        <item>
          <actionDate>2019-09-25</actionDate>
          <versionCode>55</versionCode>
          <name>Passed Senate</name>
          <updateDate>2019-09-25T18:27:18Z</updateDate>
          <lastSummaryUpdateDate>2019-11-14T21:00:25Z</lastSummaryUpdateDate>
          <actionDesc>Passed Senate</actionDesc>
          <text><![CDATA[<p>This resolution instructs Senate conferees on the conference committee for S. 1790 (National Defense Authorization Act for Fiscal Year 2020) to insist upon provisions that make amounts available for replenishment of military construction funds that were used for certain projects along the southern border.</p>]]></text>
        </item>
      </billSummaries>
    </summaries>
    <version>1.0.0</version>
    <originChamber>Senate</originChamber>
    <congress>116</congress>
    <latestAction>
      <actionDate>2019-09-25</actionDate>
      <text>Resolution agreed to in Senate without amendment by Yea-Nay Vote. 52 - 42. Record Vote Number: 306. (text: CR S5709)</text>
      <links />
    </latestAction>
    <actions>
      <actionByCounts>
        <senate>5</senate>
      </actionByCounts>
      <item>
        <actionDate>2019-09-25</actionDate>
        <committee />
        <links>
          <link>
            <name>Record Vote Number: 306</name>
            <url>http://www.senate.gov/legislative/LIS/roll_call_lists/roll_call_vote_cfm.cfm?congress=116&amp;session=1&amp;vote=00306</url>
          </link>
          <link>
            <name>S5709</name>
            <url>https://www.congress.gov/congressional-record/volume-165/senate-section/page/S5709</url>
          </link>
        </links>
        <sourceSystem>
          <name>Senate</name>
          <code>0</code>
        </sourceSystem>
        <text>Resolution agreed to in Senate without amendment by Yea-Nay Vote. 52 - 42. Record Vote Number: 306. (text: CR S5709)</text>
        <type>Floor</type>
      </item>
      <item>
        <committee />
        <type>Floor</type>
        <actionDate>2019-09-25</actionDate>
        <actionCode>17000</actionCode>
        <text>Passed/agreed to in Senate: Resolution agreed to in Senate without amendment by Yea-Nay Vote. 52 - 42. Record Vote Number: 306.(text: CR S5709)</text>
        <links>
          <link>
            <name>Record Vote Number: 306</name>
            <url>http://www.senate.gov/legislative/LIS/roll_call_lists/roll_call_vote_cfm.cfm?congress=116&amp;session=1&amp;vote=00306</url>
          </link>
          <link>
            <name>S5709</name>
            <url>https://www.congress.gov/congressional-record/volume-165/senate-section/page/S5709</url>
          </link>
        </links>
        <sourceSystem>
          <name>Library of Congress</name>
          <code>9</code>
        </sourceSystem>
      </item>
      <item>
        <actionDate>2019-09-25</actionDate>
        <committee />
        <links>
          <link>
            <name>S5681</name>
            <url>https://www.congress.gov/congressional-record/volume-165/senate-section/page/S5681</url>
          </link>
          <link>
            <name>S5694</name>
            <url>https://www.congress.gov/congressional-record/volume-165/senate-section/page/S5694</url>
          </link>
        </links>
        <sourceSystem>
          <name>Senate</name>
          <code>0</code>
        </sourceSystem>
        <text>Measure laid before Senate by unanimous consent. (consideration: CR S5681, S5694)</text>
        <type>Floor</type>
      </item>
      <item>
        <actionDate>2019-09-25</actionDate>
        <committee />
        <links />
        <sourceSystem>
          <name>Senate</name>
          <code>0</code>
        </sourceSystem>
        <text>Submitted in the Senate.</text>
        <type>IntroReferral</type>
      </item>
      <item>
        <committee />
        <type>IntroReferral</type>
        <actionDate>2019-09-25</actionDate>
        <actionCode>10000</actionCode>
        <text>Introduced in Senate</text>
        <links />
        <sourceSystem>
          <name>Library of Congress</name>
          <code>9</code>
        </sourceSystem>
      </item>
      <actionTypeCounts>
        <measureLaidBeforeSenate>1</measureLaidBeforeSenate>
        <agreedToInSenate>1</agreedToInSenate>
        <passedAgreedToInSenate>1</passedAgreedToInSenate>
        <introducedInSenate>2</introducedInSenate>
      </actionTypeCounts>
    </actions>
    <createDate>2019-09-26T04:27:29Z</createDate>
    <titles>
      <item>
        <title>A resolution instructing the managers on the part of the Senate on the bill S. 1790 (116th Congress) to insist upon the members of the conference to include the provisions contained in section 2906 of the Senate bill (relating to replenishment of certain military construction funds).</title>
        <parentTitleType />
        <titleType>Official Title as Introduced</titleType>
        <chamberName />
        <chamberCode />
      </item>
      <item>
        <title>A resolution instructing the managers on the part of the Senate on the bill S. 1790 (116th Congress) to insist upon the members of the conference to include the provisions contained in section 2906 of the Senate bill (relating to replenishment of certain military construction funds).</title>
        <parentTitleType />
        <titleType>Display Title</titleType>
        <chamberName />
        <chamberCode />
      </item>
    </titles>
    <laws />
    <introducedDate>2019-09-25</introducedDate>
    <calendarNumbers />
    <recordedVotes>
      <recordedVote>
        <rollNumber>306</rollNumber>
        <congress>116</congress>
        <fullActionName>AGREED TO IN SENATE</fullActionName>
        <sessionNumber>1</sessionNumber>
        <chamber>Senate</chamber>
        <url>http://www.senate.gov/legislative/LIS/roll_call_lists/roll_call_vote_cfm.cfm?&amp;congress=116&amp;session=1&amp;vote=00306</url>
        <date>2019-09-25T21:34:04Z</date>
      </recordedVote>
    </recordedVotes>
    <textVersions>
      <item>
        <formats>
          <item>
            <url>https://www.govinfo.gov/content/pkg/BILLS-116sres335ats/xml/BILLS-116sres335ats.xml</url>
          </item>
        </formats>
        <date>2019-09-25T04:00:00Z</date>
        <type>Agreed to Senate</type>
      </item>
    </textVersions>
    <cosponsors />
    <amendments />
    <billNumber>335</billNumber>
    <updateDate>2019-11-19T11:04:08Z</updateDate>
    <cboCostEstimates />
    <title>A resolution instructing the managers on the part of the Senate on the bill S. 1790 (116th Congress) to insist upon the members of the conference to include the provisions contained in section 2906 of the Senate bill (relating to replenishment of certain military construction funds).</title>
    <committeeReports />
    <policyArea>
      <name>Congress</name>
    </policyArea>
    <sponsors>
      <item>
        <party>R</party>
        <lastName>McSally</lastName>
        <firstName>Martha</firstName>
        <state>AZ</state>
        <fullName>Sen. McSally, Martha [R-AZ]</fullName>
        <identifiers>
          <lisID>2225</lisID>
          <gpoId />
          <bioguideId>M001197</bioguideId>
        </identifiers>
        <middleName />
        <bioguideId>M001197</bioguideId>
        <byRequestType />
      </item>
    </sponsors>
    <billType>SRES</billType>
  </bill>
  <dublinCore xmlns:dc="http://purl.org/dc/elements/1.1/">
    <dc:format>text/xml</dc:format>
    <dc:language>EN</dc:language>
    <dc:rights>Pursuant to Title 17 Section 105 of the United States Code, this file is not subject to copyright protection and is in the public domain.</dc:rights>
    <dc:contributor>Congressional Research Service, Library of Congress</dc:contributor>
    <dc:description>This file contains bill summaries and statuses for federal legislation. A bill summary describes the most significant provisions of a piece of legislation and details the effects the legislative text may have on current law and federal programs. Bill summaries are authored by the Congressional Research Service (CRS) of the Library of Congress. As stated in Public Law 91-510 (2 USC 166 (d)(6)), one of the duties of CRS is "to prepare summaries and digests of bills and resolutions of a public general nature introduced in the Senate or House of Representatives". For more information, refer to the User Guide that accompanies this file.</dc:description>
  </dublinCore>
</billStatus>

