<?xml version="1.0" encoding="UTF-8"?>
<billStatus>
  <bill>
    <notes />
    <laws />
    <committees>
      <billCommittees />
    </committees>
    <titles>
      <item>
        <chamberCode />
        <titleType>Official Title as Introduced</titleType>
        <parentTitleType />
        <title>A resolution designating February 2019 as "American Heart Month" and February 1, 2019, as "National Wear Red Day".</title>
        <chamberName />
      </item>
      <item>
        <chamberCode />
        <titleType>Display Title</titleType>
        <parentTitleType />
        <title>A resolution designating February 2019 as "American Heart Month" and February 1, 2019, as "National Wear Red Day".</title>
        <chamberName />
      </item>
    </titles>
    <relatedBills />
    <textVersions>
      <item>
        <date>2019-02-27T05:00:00Z</date>
        <type>Agreed to Senate</type>
        <formats>
          <item>
            <url>https://www.govinfo.gov/content/pkg/BILLS-116sres83ats/xml/BILLS-116sres83ats.xml</url>
          </item>
        </formats>
      </item>
    </textVersions>
    <recordedVotes />
    <introducedDate>2019-02-27</introducedDate>
    <updateDate>2019-11-07T11:01:09Z</updateDate>
    <cboCostEstimates />
    <title>A resolution designating February 2019 as "American Heart Month" and February 1, 2019, as "National Wear Red Day".</title>
    <amendments />
    <originChamber>Senate</originChamber>
    <actions>
      <actionTypeCounts>
        <passedOrAgreedToInSenateDayOf>1</passedOrAgreedToInSenateDayOf>
        <passedAgreedToInSenate>1</passedAgreedToInSenate>
        <introducedInSenate>1</introducedInSenate>
      </actionTypeCounts>
      <item>
        <actionDate>2019-02-27</actionDate>
        <committee />
        <links>
          <link>
            <url>https://www.congress.gov/congressional-record/volume-165/senate-section/page/S1544-1545</url>
            <name>S1544-1545</name>
          </link>
          <link>
            <url>https://www.congress.gov/congressional-record/volume-165/senate-section/page/S1546</url>
            <name>S1546</name>
          </link>
        </links>
        <sourceSystem>
          <code>0</code>
          <name>Senate</name>
        </sourceSystem>
        <text>Submitted in the Senate, considered, and agreed to without amendment and with a preamble by Unanimous Consent. (consideration: CR S1546; text: CR S1544-1545)</text>
        <type>Floor</type>
      </item>
      <item>
        <sourceSystem>
          <code>9</code>
          <name>Library of Congress</name>
        </sourceSystem>
        <links>
          <link>
            <url>https://www.congress.gov/congressional-record/volume-165/senate-section/page/S1544-1545</url>
            <name>S1544-1545</name>
          </link>
          <link>
            <url>https://www.congress.gov/congressional-record/volume-165/senate-section/page/S1546</url>
            <name>S1546</name>
          </link>
        </links>
        <text>Passed/agreed to in Senate: Submitted in the Senate, considered, and agreed to without amendment and with a preamble by Unanimous Consent.(consideration: CR S1546; text: CR S1544-1545)</text>
        <actionDate>2019-02-27</actionDate>
        <actionCode>17000</actionCode>
        <type>Floor</type>
        <committee />
      </item>
      <item>
        <sourceSystem>
          <code>9</code>
          <name>Library of Congress</name>
        </sourceSystem>
        <links />
        <text>Introduced in Senate</text>
        <actionDate>2019-02-27</actionDate>
        <actionCode>10000</actionCode>
        <type>IntroReferral</type>
        <committee />
      </item>
      <actionByCounts>
        <senate>3</senate>
      </actionByCounts>
    </actions>
    <sponsors>
      <item>
        <fullName>Sen. Hirono, Mazie K. [D-HI]</fullName>
        <firstName>Mazie</firstName>
        <identifiers>
          <lisID>1844</lisID>
          <bioguideId>H001042</bioguideId>
          <gpoId>7913</gpoId>
        </identifiers>
        <bioguideId>H001042</bioguideId>
        <middleName>K.</middleName>
        <lastName>Hirono</lastName>
        <party>D</party>
        <byRequestType />
        <state>HI</state>
      </item>
    </sponsors>
    <billType>SRES</billType>
    <createDate>2019-02-28T05:40:09Z</createDate>
    <cosponsors>
      <item>
        <lastName>Murkowski</lastName>
        <fullName>Sen. Murkowski, Lisa [R-AK]</fullName>
        <party>R</party>
        <isOriginalCosponsor>True</isOriginalCosponsor>
        <identifiers>
          <lisID>1694</lisID>
          <bioguideId>M001153</bioguideId>
          <gpoId>8234</gpoId>
        </identifiers>
        <firstName>Lisa</firstName>
        <state>AK</state>
        <sponsorshipDate>2019-02-27</sponsorshipDate>
        <sponsorshipWithdrawnDate />
        <bioguideId>M001153</bioguideId>
        <middleName />
      </item>
      <item>
        <lastName>Baldwin</lastName>
        <fullName>Sen. Baldwin, Tammy [D-WI]</fullName>
        <party>D</party>
        <isOriginalCosponsor>True</isOriginalCosponsor>
        <identifiers>
          <lisID>1558</lisID>
          <gpoId>8215</gpoId>
          <bioguideId>B001230</bioguideId>
        </identifiers>
        <firstName>Tammy</firstName>
        <state>WI</state>
        <sponsorshipDate>2019-02-27</sponsorshipDate>
        <sponsorshipWithdrawnDate />
        <bioguideId>B001230</bioguideId>
        <middleName />
      </item>
      <item>
        <lastName>Hassan</lastName>
        <fullName>Sen. Hassan, Margaret Wood [D-NH]</fullName>
        <party>D</party>
        <isOriginalCosponsor>True</isOriginalCosponsor>
        <identifiers>
          <lisID>2302</lisID>
          <bioguideId>H001076</bioguideId>
          <gpoId />
        </identifiers>
        <firstName>Margaret</firstName>
        <state>NH</state>
        <sponsorshipDate>2019-02-27</sponsorshipDate>
        <sponsorshipWithdrawnDate />
        <bioguideId>H001076</bioguideId>
        <middleName>Wood</middleName>
      </item>
      <item>
        <lastName>Sinema</lastName>
        <fullName>Sen. Sinema, Kyrsten [D-AZ]</fullName>
        <party>D</party>
        <isOriginalCosponsor>True</isOriginalCosponsor>
        <identifiers>
          <lisID>2099</lisID>
          <bioguideId>S001191</bioguideId>
          <gpoId />
        </identifiers>
        <firstName>Kyrsten</firstName>
        <state>AZ</state>
        <sponsorshipDate>2019-02-27</sponsorshipDate>
        <sponsorshipWithdrawnDate />
        <bioguideId>S001191</bioguideId>
        <middleName />
      </item>
      <item>
        <lastName>Klobuchar</lastName>
        <fullName>Sen. Klobuchar, Amy [D-MN]</fullName>
        <party>D</party>
        <isOriginalCosponsor>True</isOriginalCosponsor>
        <identifiers>
          <lisID>1826</lisID>
          <bioguideId>K000367</bioguideId>
          <gpoId>8249</gpoId>
        </identifiers>
        <firstName>Amy</firstName>
        <state>MN</state>
        <sponsorshipDate>2019-02-27</sponsorshipDate>
        <sponsorshipWithdrawnDate />
        <bioguideId>K000367</bioguideId>
        <middleName />
      </item>
      <item>
        <lastName>FEINSTEIN</lastName>
        <fullName>Sen. Feinstein, Dianne [D-CA]</fullName>
        <party>D</party>
        <isOriginalCosponsor>True</isOriginalCosponsor>
        <identifiers>
          <lisID>1332</lisID>
          <bioguideId>F000062</bioguideId>
          <gpoId>8338</gpoId>
        </identifiers>
        <firstName>DIANNE</firstName>
        <state>CA</state>
        <sponsorshipDate>2019-02-27</sponsorshipDate>
        <sponsorshipWithdrawnDate />
        <bioguideId>F000062</bioguideId>
        <middleName />
      </item>
      <item>
        <lastName>Warren</lastName>
        <fullName>Sen. Warren, Elizabeth [D-MA]</fullName>
        <party>D</party>
        <isOriginalCosponsor>True</isOriginalCosponsor>
        <identifiers>
          <lisID>2182</lisID>
          <gpoId />
          <bioguideId>W000817</bioguideId>
        </identifiers>
        <firstName>Elizabeth</firstName>
        <state>MA</state>
        <sponsorshipDate>2019-02-27</sponsorshipDate>
        <sponsorshipWithdrawnDate />
        <bioguideId>W000817</bioguideId>
        <middleName>A.</middleName>
      </item>
      <item>
        <lastName>CANTWELL</lastName>
        <fullName>Sen. Cantwell, Maria [D-WA]</fullName>
        <party>D</party>
        <isOriginalCosponsor>True</isOriginalCosponsor>
        <identifiers>
          <lisID>172</lisID>
          <bioguideId>C000127</bioguideId>
          <gpoId>8288</gpoId>
        </identifiers>
        <firstName>MARIA</firstName>
        <state>WA</state>
        <sponsorshipDate>2019-02-27</sponsorshipDate>
        <sponsorshipWithdrawnDate />
        <bioguideId>C000127</bioguideId>
        <middleName />
      </item>
      <item>
        <lastName>Duckworth</lastName>
        <fullName>Sen. Duckworth, Tammy [D-IL]</fullName>
        <party>D</party>
        <isOriginalCosponsor>True</isOriginalCosponsor>
        <identifiers>
          <lisID>2123</lisID>
          <gpoId />
          <bioguideId>D000622</bioguideId>
        </identifiers>
        <firstName>Tammy</firstName>
        <state>IL</state>
        <sponsorshipDate>2019-02-27</sponsorshipDate>
        <sponsorshipWithdrawnDate />
        <bioguideId>D000622</bioguideId>
        <middleName />
      </item>
      <item>
        <lastName>Fischer</lastName>
        <fullName>Sen. Fischer, Deb [R-NE]</fullName>
        <party>R</party>
        <isOriginalCosponsor>True</isOriginalCosponsor>
        <identifiers>
          <bioguideId>F000463</bioguideId>
          <lisID>2179</lisID>
          <gpoId />
        </identifiers>
        <firstName>Deb</firstName>
        <state>NE</state>
        <sponsorshipDate>2019-02-27</sponsorshipDate>
        <sponsorshipWithdrawnDate />
        <bioguideId>F000463</bioguideId>
        <middleName />
      </item>
      <item>
        <lastName>CAPITO</lastName>
        <fullName>Sen. Capito, Shelley Moore [R-WV]</fullName>
        <party>R</party>
        <isOriginalCosponsor>True</isOriginalCosponsor>
        <identifiers>
          <lisID>1676</lisID>
          <bioguideId>C001047</bioguideId>
          <gpoId>8223</gpoId>
        </identifiers>
        <firstName>SHELLEY</firstName>
        <state>WV</state>
        <sponsorshipDate>2019-02-27</sponsorshipDate>
        <sponsorshipWithdrawnDate />
        <bioguideId>C001047</bioguideId>
        <middleName>MOORE</middleName>
      </item>
      <item>
        <lastName>Hyde-Smith</lastName>
        <fullName>Sen. Hyde-Smith, Cindy [R-MS]</fullName>
        <party>R</party>
        <isOriginalCosponsor>True</isOriginalCosponsor>
        <identifiers>
          <lisID>2366</lisID>
          <bioguideId>H001079</bioguideId>
          <gpoId />
        </identifiers>
        <firstName>Cindy</firstName>
        <state>MS</state>
        <sponsorshipDate>2019-02-27</sponsorshipDate>
        <sponsorshipWithdrawnDate />
        <bioguideId>H001079</bioguideId>
        <middleName />
      </item>
      <item>
        <lastName>Harris</lastName>
        <fullName>Sen. Harris, Kamala D. [D-CA]</fullName>
        <party>D</party>
        <isOriginalCosponsor>True</isOriginalCosponsor>
        <identifiers>
          <lisID>2301</lisID>
          <gpoId />
          <bioguideId>H001075</bioguideId>
        </identifiers>
        <firstName>Kamala</firstName>
        <state>CA</state>
        <sponsorshipDate>2019-02-27</sponsorshipDate>
        <sponsorshipWithdrawnDate />
        <bioguideId>H001075</bioguideId>
        <middleName>D.</middleName>
      </item>
      <item>
        <lastName>MURRAY</lastName>
        <fullName>Sen. Murray, Patty [D-WA]</fullName>
        <party>D</party>
        <isOriginalCosponsor>True</isOriginalCosponsor>
        <identifiers>
          <bioguideId>M001111</bioguideId>
          <lisID>1409</lisID>
          <gpoId>8237</gpoId>
        </identifiers>
        <firstName>PATTY</firstName>
        <state>WA</state>
        <sponsorshipDate>2019-02-27</sponsorshipDate>
        <sponsorshipWithdrawnDate />
        <bioguideId>M001111</bioguideId>
        <middleName />
      </item>
      <item>
        <lastName>Shaheen</lastName>
        <fullName>Sen. Shaheen, Jeanne [D-NH]</fullName>
        <party>D</party>
        <isOriginalCosponsor>True</isOriginalCosponsor>
        <identifiers>
          <bioguideId>S001181</bioguideId>
          <lisID>1901</lisID>
          <gpoId>8276</gpoId>
        </identifiers>
        <firstName>Jeanne</firstName>
        <state>NH</state>
        <sponsorshipDate>2019-02-27</sponsorshipDate>
        <sponsorshipWithdrawnDate />
        <bioguideId>S001181</bioguideId>
        <middleName />
      </item>
      <item>
        <lastName>STABENOW</lastName>
        <fullName>Sen. Stabenow, Debbie [D-MI]</fullName>
        <party>D</party>
        <isOriginalCosponsor>True</isOriginalCosponsor>
        <identifiers>
          <lisID>1531</lisID>
          <bioguideId>S000770</bioguideId>
          <gpoId>8261</gpoId>
        </identifiers>
        <firstName>DEBORAH</firstName>
        <state>MI</state>
        <sponsorshipDate>2019-02-27</sponsorshipDate>
        <sponsorshipWithdrawnDate />
        <bioguideId>S000770</bioguideId>
        <middleName>ANN</middleName>
      </item>
      <item>
        <lastName>COLLINS</lastName>
        <fullName>Sen. Collins, Susan M. [R-ME]</fullName>
        <party>R</party>
        <isOriginalCosponsor>True</isOriginalCosponsor>
        <identifiers>
          <lisID>1541</lisID>
          <gpoId>8291</gpoId>
          <bioguideId>C001035</bioguideId>
        </identifiers>
        <firstName>SUSAN</firstName>
        <state>ME</state>
        <sponsorshipDate>2019-02-27</sponsorshipDate>
        <sponsorshipWithdrawnDate />
        <bioguideId>C001035</bioguideId>
        <middleName>MARGARET</middleName>
      </item>
    </cosponsors>
    <subjects>
      <billSubjects>
        <legislativeSubjects>
          <item>
            <name>Cardiovascular and respiratory health</name>
          </item>
          <item>
            <name>Commemorative events and holidays</name>
          </item>
          <item>
            <name>Congressional tributes</name>
          </item>
          <item>
            <name>Health care coverage and access</name>
          </item>
          <item>
            <name>Health promotion and preventive care</name>
          </item>
          <item>
            <name>Medical research</name>
          </item>
          <item>
            <name>Neurological disorders</name>
          </item>
          <item>
            <name>Research administration and funding</name>
          </item>
        </legislativeSubjects>
        <policyArea>
          <name>Health</name>
        </policyArea>
      </billSubjects>
    </subjects>
    <congress>116</congress>
    <policyArea>
      <name>Health</name>
    </policyArea>
    <summaries>
      <billSummaries>
        <item>
          <actionDesc>Introduced in Senate</actionDesc>
          <lastSummaryUpdateDate>2019-03-07T23:49:52Z</lastSummaryUpdateDate>
          <actionDate>2019-02-27</actionDate>
          <updateDate>2019-02-27T05:00:00Z</updateDate>
          <versionCode>00</versionCode>
          <text><![CDATA[<p>This resolution designates February 2019 as American Heart Month and February 1, 2019, as National Wear Red Day.</p> <p>It also recognizes and reaffirms the commitment to fighting cardiovascular disease by promoting awareness of causes, risks, and prevention; supporting research; and expanding access to medical treatment.</p> <p>The resolution also encourages individuals to learn about their risk for cardiovascular disease.</p>]]></text>
          <name>Introduced in Senate</name>
        </item>
        <item>
          <actionDesc>Passed Senate</actionDesc>
          <lastSummaryUpdateDate>2019-11-04T22:32:20Z</lastSummaryUpdateDate>
          <actionDate>2019-02-27</actionDate>
          <updateDate>2019-02-27T20:41:26Z</updateDate>
          <versionCode>55</versionCode>
          <text><![CDATA[<p>This resolution designates February 2019 as American Heart Month and February 1, 2019, as National Wear Red Day.</p> <p>It also recognizes and reaffirms the commitment to fighting cardiovascular disease by promoting awareness of causes, risks, and prevention; supporting research; and expanding access to medical treatment.</p> <p>The resolution also encourages individuals to learn about their risk for cardiovascular disease.</p>]]></text>
          <name>Passed Senate</name>
        </item>
      </billSummaries>
    </summaries>
    <billNumber>83</billNumber>
    <calendarNumbers />
    <version>1.0.0</version>
    <committeeReports />
    <latestAction>
      <text>Submitted in the Senate, considered, and agreed to without amendment and with a preamble by Unanimous Consent. (consideration: CR S1546; text: CR S1544-1545)</text>
      <links />
      <actionDate>2019-02-27</actionDate>
    </latestAction>
  </bill>
  <dublinCore xmlns:dc="http://purl.org/dc/elements/1.1/">
    <dc:format>text/xml</dc:format>
    <dc:language>EN</dc:language>
    <dc:rights>Pursuant to Title 17 Section 105 of the United States Code, this file is not subject to copyright protection and is in the public domain.</dc:rights>
    <dc:contributor>Congressional Research Service, Library of Congress</dc:contributor>
    <dc:description>This file contains bill summaries and statuses for federal legislation. A bill summary describes the most significant provisions of a piece of legislation and details the effects the legislative text may have on current law and federal programs. Bill summaries are authored by the Congressional Research Service (CRS) of the Library of Congress. As stated in Public Law 91-510 (2 USC 166 (d)(6)), one of the duties of CRS is "to prepare summaries and digests of bills and resolutions of a public general nature introduced in the Senate or House of Representatives". For more information, refer to the User Guide that accompanies this file.</dc:description>
  </dublinCore>
</billStatus>

