<?xml version="1.0" encoding="UTF-8"?>
<billStatus>
  <bill>
    <latestAction>
      <text>Submitted in the Senate, considered, and agreed to without amendment and with a preamble by Unanimous Consent. (consideration: CR S5760; text: S5755)</text>
      <actionDate>2019-09-26</actionDate>
      <links />
    </latestAction>
    <updateDate>2019-10-23T04:00:21Z</updateDate>
    <version>1.0.0</version>
    <amendments />
    <policyArea>
      <name>Crime and Law Enforcement</name>
    </policyArea>
    <textVersions>
      <item>
        <formats>
          <item>
            <url>https://www.govinfo.gov/content/pkg/BILLS-116sres351ats/xml/BILLS-116sres351ats.xml</url>
          </item>
        </formats>
        <date>2019-09-26T04:00:00Z</date>
        <type>Agreed to Senate</type>
      </item>
    </textVersions>
    <committeeReports />
    <billType>SRES</billType>
    <relatedBills />
    <cosponsors>
      <item>
        <sponsorshipDate>2019-09-26</sponsorshipDate>
        <bioguideId>C001056</bioguideId>
        <middleName />
        <sponsorshipWithdrawnDate />
        <identifiers>
          <bioguideId>C001056</bioguideId>
          <gpoId>8295</gpoId>
          <lisID>1692</lisID>
        </identifiers>
        <isOriginalCosponsor>True</isOriginalCosponsor>
        <firstName>John</firstName>
        <party>R</party>
        <lastName>Cornyn</lastName>
        <fullName>Sen. Cornyn, John [R-TX]</fullName>
        <state>TX</state>
      </item>
      <item>
        <sponsorshipDate>2019-09-26</sponsorshipDate>
        <bioguideId>H001076</bioguideId>
        <middleName>Wood</middleName>
        <sponsorshipWithdrawnDate />
        <identifiers>
          <bioguideId>H001076</bioguideId>
          <gpoId />
          <lisID>2302</lisID>
        </identifiers>
        <isOriginalCosponsor>True</isOriginalCosponsor>
        <firstName>Margaret</firstName>
        <party>D</party>
        <lastName>Hassan</lastName>
        <fullName>Sen. Hassan, Margaret Wood [D-NH]</fullName>
        <state>NH</state>
      </item>
    </cosponsors>
    <cboCostEstimates />
    <title>A resolution designating the week of September 29 through October 5, 2019, as "National Community Policing Week".</title>
    <subjects>
      <billSubjects>
        <legislativeSubjects>
          <item>
            <name>Commemorative events and holidays</name>
          </item>
          <item>
            <name>Community life and organization</name>
          </item>
          <item>
            <name>Crime prevention</name>
          </item>
          <item>
            <name>Law enforcement officers</name>
          </item>
        </legislativeSubjects>
        <policyArea>
          <name>Crime and Law Enforcement</name>
        </policyArea>
      </billSubjects>
    </subjects>
    <committees>
      <billCommittees />
    </committees>
    <laws />
    <originChamber>Senate</originChamber>
    <sponsors>
      <item>
        <bioguideId>S001181</bioguideId>
        <fullName>Sen. Shaheen, Jeanne [D-NH]</fullName>
        <identifiers>
          <bioguideId>S001181</bioguideId>
          <gpoId>8276</gpoId>
          <lisID>1901</lisID>
        </identifiers>
        <party>D</party>
        <state>NH</state>
        <byRequestType />
        <lastName>Shaheen</lastName>
        <middleName />
        <firstName>Jeanne</firstName>
      </item>
    </sponsors>
    <introducedDate>2019-09-26</introducedDate>
    <summaries>
      <billSummaries>
        <item>
          <versionCode>00</versionCode>
          <updateDate>2019-09-26T04:00:00Z</updateDate>
          <lastSummaryUpdateDate>2019-10-02T19:40:28Z</lastSummaryUpdateDate>
          <name>Introduced in Senate</name>
          <text><![CDATA[<p>This resolution designates the week of September 29-October 5, 2019, as National Community Policing Week. </p>]]></text>
          <actionDate>2019-09-26</actionDate>
          <actionDesc>Introduced in Senate</actionDesc>
        </item>
        <item>
          <versionCode>55</versionCode>
          <updateDate>2019-09-26T15:58:54Z</updateDate>
          <lastSummaryUpdateDate>2019-10-15T12:38:21Z</lastSummaryUpdateDate>
          <name>Passed Senate</name>
          <text><![CDATA[<p>This resolution designates the week of September 29-October 5, 2019, as National Community Policing Week. </p>]]></text>
          <actionDate>2019-09-26</actionDate>
          <actionDesc>Passed Senate</actionDesc>
        </item>
      </billSummaries>
    </summaries>
    <titles>
      <item>
        <titleType>Official Title as Introduced</titleType>
        <parentTitleType />
        <chamberName />
        <title>A resolution designating the week of September 29 through October 5, 2019, as "National Community Policing Week".</title>
        <chamberCode />
      </item>
      <item>
        <titleType>Display Title</titleType>
        <parentTitleType />
        <chamberName />
        <title>A resolution designating the week of September 29 through October 5, 2019, as "National Community Policing Week".</title>
        <chamberCode />
      </item>
    </titles>
    <actions>
      <actionByCounts>
        <senate>3</senate>
      </actionByCounts>
      <actionTypeCounts>
        <passedOrAgreedToInSenateDayOf>1</passedOrAgreedToInSenateDayOf>
        <introducedInSenate>1</introducedInSenate>
        <passedAgreedToInSenate>1</passedAgreedToInSenate>
      </actionTypeCounts>
      <item>
        <actionDate>2019-09-26</actionDate>
        <committee />
        <links>
          <link>
            <url>https://www.congress.gov/congressional-record/volume-165/senate-section/page/S5755</url>
            <name>S5755</name>
          </link>
          <link>
            <url>https://www.congress.gov/congressional-record/volume-165/senate-section/page/S5760</url>
            <name>S5760</name>
          </link>
        </links>
        <sourceSystem>
          <name>Senate</name>
          <code>0</code>
        </sourceSystem>
        <text>Submitted in the Senate, considered, and agreed to without amendment and with a preamble by Unanimous Consent. (consideration: CR S5760; text: S5755)</text>
        <type>Floor</type>
      </item>
      <item>
        <committee />
        <type>Floor</type>
        <actionCode>17000</actionCode>
        <sourceSystem>
          <name>Library of Congress</name>
          <code>9</code>
        </sourceSystem>
        <links>
          <link>
            <url>https://www.congress.gov/congressional-record/volume-165/senate-section/page/S5755</url>
            <name>S5755</name>
          </link>
          <link>
            <url>https://www.congress.gov/congressional-record/volume-165/senate-section/page/S5760</url>
            <name>S5760</name>
          </link>
        </links>
        <text>Passed/agreed to in Senate: Submitted in the Senate, considered, and agreed to without amendment and with a preamble by Unanimous Consent.(consideration: CR S5760; text: S5755)</text>
        <actionDate>2019-09-26</actionDate>
      </item>
      <item>
        <committee />
        <type>IntroReferral</type>
        <actionCode>10000</actionCode>
        <sourceSystem>
          <name>Library of Congress</name>
          <code>9</code>
        </sourceSystem>
        <links />
        <text>Introduced in Senate</text>
        <actionDate>2019-09-26</actionDate>
      </item>
    </actions>
    <congress>116</congress>
    <billNumber>351</billNumber>
    <recordedVotes />
    <calendarNumbers />
    <notes />
    <createDate>2019-09-27T04:42:29Z</createDate>
  </bill>
  <dublinCore xmlns:dc="http://purl.org/dc/elements/1.1/">
    <dc:format>text/xml</dc:format>
    <dc:language>EN</dc:language>
    <dc:rights>Pursuant to Title 17 Section 105 of the United States Code, this file is not subject to copyright protection and is in the public domain.</dc:rights>
    <dc:contributor>Congressional Research Service, Library of Congress</dc:contributor>
    <dc:description>This file contains bill summaries and statuses for federal legislation. A bill summary describes the most significant provisions of a piece of legislation and details the effects the legislative text may have on current law and federal programs. Bill summaries are authored by the Congressional Research Service (CRS) of the Library of Congress. As stated in Public Law 91-510 (2 USC 166 (d)(6)), one of the duties of CRS is "to prepare summaries and digests of bills and resolutions of a public general nature introduced in the Senate or House of Representatives". For more information, refer to the User Guide that accompanies this file.</dc:description>
  </dublinCore>
</billStatus>

