<?xml version="1.0" encoding="UTF-8"?>
<billStatus>
  <bill>
    <relatedBills />
    <policyArea>
      <name>Education</name>
    </policyArea>
    <introducedDate>2019-11-19</introducedDate>
    <titles>
      <item>
        <titleType>Display Title</titleType>
        <chamberCode />
        <title>A resolution designating November 2019 as "National College Application Month".</title>
        <chamberName />
        <parentTitleType />
      </item>
      <item>
        <titleType>Official Title as Introduced</titleType>
        <chamberCode />
        <title>A resolution designating November 2019 as "National College Application Month".</title>
        <chamberName />
        <parentTitleType />
      </item>
    </titles>
    <laws />
    <subjects>
      <billSubjects>
        <policyArea>
          <name>Education</name>
        </policyArea>
        <legislativeSubjects />
      </billSubjects>
    </subjects>
    <recordedVotes />
    <notes />
    <actions>
      <actionByCounts>
        <senate>3</senate>
      </actionByCounts>
      <actionTypeCounts>
        <passedAgreedToInSenate>1</passedAgreedToInSenate>
        <passedOrAgreedToInSenateDayOf>1</passedOrAgreedToInSenateDayOf>
        <introducedInSenate>1</introducedInSenate>
      </actionTypeCounts>
      <item>
        <actionDate>2019-11-19</actionDate>
        <committee />
        <links>
          <link>
            <name>S6675</name>
            <url>https://www.congress.gov/congressional-record/volume-165/senate-section/page/S6675</url>
          </link>
          <link>
            <name>S6679</name>
            <url>https://www.congress.gov/congressional-record/volume-165/senate-section/page/S6679</url>
          </link>
        </links>
        <sourceSystem>
          <name>Senate</name>
          <code>0</code>
        </sourceSystem>
        <text>Submitted in the Senate, considered, and agreed to without amendment and with a preamble by Unanimous Consent. (consideration: CR S6679; text: CR S6675)</text>
        <type>Floor</type>
      </item>
      <item>
        <actionDate>2019-11-19</actionDate>
        <links>
          <link>
            <name>S6675</name>
            <url>https://www.congress.gov/congressional-record/volume-165/senate-section/page/S6675</url>
          </link>
          <link>
            <name>S6679</name>
            <url>https://www.congress.gov/congressional-record/volume-165/senate-section/page/S6679</url>
          </link>
        </links>
        <sourceSystem>
          <name>Library of Congress</name>
          <code>9</code>
        </sourceSystem>
        <type>Floor</type>
        <actionCode>17000</actionCode>
        <text>Passed/agreed to in Senate: Submitted in the Senate, considered, and agreed to without amendment and with a preamble by Unanimous Consent.(consideration: CR S6679; text: CR S6675)</text>
        <committee />
      </item>
      <item>
        <actionDate>2019-11-19</actionDate>
        <links />
        <sourceSystem>
          <name>Library of Congress</name>
          <code>9</code>
        </sourceSystem>
        <type>IntroReferral</type>
        <actionCode>10000</actionCode>
        <text>Introduced in Senate</text>
        <committee />
      </item>
    </actions>
    <committeeReports />
    <sponsors>
      <item>
        <middleName>A.</middleName>
        <bioguideId>C001088</bioguideId>
        <fullName>Sen. Coons, Christopher A. [D-DE]</fullName>
        <identifiers>
          <gpoId>8297</gpoId>
          <lisID>1984</lisID>
          <bioguideId>C001088</bioguideId>
        </identifiers>
        <firstName>Christopher</firstName>
        <byRequestType />
        <state>DE</state>
        <party>D</party>
        <lastName>Coons</lastName>
      </item>
    </sponsors>
    <title>A resolution designating November 2019 as "National College Application Month".</title>
    <updateDate>2019-11-27T05:42:51Z</updateDate>
    <createDate>2019-11-20T05:42:40Z</createDate>
    <committees>
      <billCommittees />
    </committees>
    <originChamber>Senate</originChamber>
    <latestAction>
      <actionDate>2019-11-19</actionDate>
      <text>Submitted in the Senate, considered, and agreed to without amendment and with a preamble by Unanimous Consent. (consideration: CR S6679; text: CR S6675)</text>
      <links />
    </latestAction>
    <cosponsors>
      <item>
        <middleName />
        <sponsorshipDate>2019-11-19</sponsorshipDate>
        <bioguideId>S001184</bioguideId>
        <fullName>Sen. Scott, Tim [R-SC]</fullName>
        <identifiers>
          <lisID>2056</lisID>
          <gpoId>8141</gpoId>
          <bioguideId>S001184</bioguideId>
        </identifiers>
        <firstName>Tim</firstName>
        <lastName>Scott</lastName>
        <state>SC</state>
        <sponsorshipWithdrawnDate />
        <isOriginalCosponsor>True</isOriginalCosponsor>
        <party>R</party>
      </item>
      <item>
        <middleName>R.</middleName>
        <sponsorshipDate>2019-11-19</sponsorshipDate>
        <bioguideId>C000174</bioguideId>
        <fullName>Sen. Carper, Thomas R. [D-DE]</fullName>
        <identifiers>
          <lisID>179</lisID>
          <gpoId>8283</gpoId>
          <bioguideId>C000174</bioguideId>
        </identifiers>
        <firstName>THOMAS</firstName>
        <lastName>CARPER</lastName>
        <state>DE</state>
        <sponsorshipWithdrawnDate />
        <isOriginalCosponsor>True</isOriginalCosponsor>
        <party>D</party>
      </item>
      <item>
        <middleName />
        <sponsorshipDate>2019-11-19</sponsorshipDate>
        <bioguideId>E000295</bioguideId>
        <fullName>Sen. Ernst, Joni  [R-IA]</fullName>
        <identifiers>
          <lisID>2283</lisID>
          <gpoId />
          <bioguideId>E000295</bioguideId>
        </identifiers>
        <firstName>Joni</firstName>
        <lastName>Ernst</lastName>
        <state>IA</state>
        <sponsorshipWithdrawnDate />
        <isOriginalCosponsor>True</isOriginalCosponsor>
        <party>R</party>
      </item>
    </cosponsors>
    <congress>116</congress>
    <cboCostEstimates />
    <calendarNumbers />
    <billType>SRES</billType>
    <textVersions>
      <item>
        <date>2019-11-19T05:00:00Z</date>
        <type>Agreed to Senate</type>
        <formats>
          <item>
            <url>https://www.govinfo.gov/content/pkg/BILLS-116sres432ats/xml/BILLS-116sres432ats.xml</url>
          </item>
        </formats>
      </item>
    </textVersions>
    <summaries>
      <billSummaries>
        <item>
          <actionDate>2019-11-19</actionDate>
          <text><![CDATA[<p>This resolution designates November 2019 as National College Application Month.</p>]]></text>
          <actionDesc>Introduced in Senate</actionDesc>
          <versionCode>00</versionCode>
          <updateDate>2019-11-19T05:00:00Z</updateDate>
          <name>Introduced in Senate</name>
          <lastSummaryUpdateDate>2019-11-22T21:09:32Z</lastSummaryUpdateDate>
        </item>
      </billSummaries>
    </summaries>
    <billNumber>432</billNumber>
    <amendments />
    <version>1.0.0</version>
  </bill>
  <dublinCore xmlns:dc="http://purl.org/dc/elements/1.1/">
    <dc:format>text/xml</dc:format>
    <dc:language>EN</dc:language>
    <dc:rights>Pursuant to Title 17 Section 105 of the United States Code, this file is not subject to copyright protection and is in the public domain.</dc:rights>
    <dc:contributor>Congressional Research Service, Library of Congress</dc:contributor>
    <dc:description>This file contains bill summaries and statuses for federal legislation. A bill summary describes the most significant provisions of a piece of legislation and details the effects the legislative text may have on current law and federal programs. Bill summaries are authored by the Congressional Research Service (CRS) of the Library of Congress. As stated in Public Law 91-510 (2 USC 166 (d)(6)), one of the duties of CRS is "to prepare summaries and digests of bills and resolutions of a public general nature introduced in the Senate or House of Representatives". For more information, refer to the User Guide that accompanies this file.</dc:description>
  </dublinCore>
</billStatus>

