<?xml version="1.0" encoding="UTF-8"?>
<billStatus>
  <bill>
    <title>A resolution supporting the designation of the week of May 5 through May 11, 2019, as "National Small Business Week" and commending the entrepreneurial spirit of small business owners in the United States and the impact that small business owners have on their communities.</title>
    <titles>
      <item>
        <title>A resolution supporting the designation of the week of May 5 through May 11, 2019, as "National Small Business Week" and commending the entrepreneurial spirit of small business owners in the United States and the impact that small business owners have on their communities.</title>
        <chamberCode />
        <titleType>Official Title as Introduced</titleType>
        <parentTitleType />
        <chamberName />
      </item>
      <item>
        <title>A resolution supporting the designation of the week of May 5 through May 11, 2019, as "National Small Business Week" and commending the entrepreneurial spirit of small business owners in the United States and the impact that small business owners have on their communities.</title>
        <chamberCode />
        <titleType>Display Title</titleType>
        <parentTitleType />
        <chamberName />
      </item>
    </titles>
    <originChamber>Senate</originChamber>
    <laws />
    <committeeReports />
    <cboCostEstimates />
    <calendarNumbers />
    <recordedVotes />
    <updateDate>2019-07-31T07:34:10Z</updateDate>
    <latestAction>
      <actionDate>2019-05-06</actionDate>
      <text>Submitted in the Senate, considered, and agreed to without amendment and with a preamble by Unanimous Consent. (consideration: CR S2656; text: S2649-2650)</text>
      <links />
    </latestAction>
    <committees>
      <billCommittees />
    </committees>
    <amendments />
    <textVersions>
      <item>
        <type>Agreed to Senate</type>
        <formats>
          <item>
            <url>https://www.govinfo.gov/content/pkg/BILLS-116sres191ats/xml/BILLS-116sres191ats.xml</url>
          </item>
        </formats>
        <date>2019-05-06T04:00:00Z</date>
      </item>
    </textVersions>
    <notes />
    <sponsors>
      <item>
        <party>R</party>
        <bioguideId>R000595</bioguideId>
        <firstName>Marco</firstName>
        <lastName>Rubio</lastName>
        <middleName />
        <state>FL</state>
        <identifiers>
          <lisID>2084</lisID>
          <bioguideId>R000595</bioguideId>
          <gpoId>8242</gpoId>
        </identifiers>
        <fullName>Sen. Rubio, Marco [R-FL]</fullName>
        <byRequestType />
      </item>
    </sponsors>
    <cosponsors>
      <item>
        <party>D</party>
        <middleName>L.</middleName>
        <firstName>BENJAMIN</firstName>
        <lastName>CARDIN</lastName>
        <sponsorshipWithdrawnDate />
        <bioguideId>C000141</bioguideId>
        <sponsorshipDate>2019-05-06</sponsorshipDate>
        <state>MD</state>
        <identifiers>
          <gpoId>8287</gpoId>
          <lisID>174</lisID>
          <bioguideId>C000141</bioguideId>
        </identifiers>
        <isOriginalCosponsor>True</isOriginalCosponsor>
        <fullName>Sen. Cardin, Benjamin L. [D-MD]</fullName>
      </item>
      <item>
        <party>R</party>
        <middleName>Neely</middleName>
        <firstName>John</firstName>
        <lastName>Kennedy</lastName>
        <sponsorshipWithdrawnDate />
        <bioguideId>K000393</bioguideId>
        <sponsorshipDate>2019-05-06</sponsorshipDate>
        <state>LA</state>
        <identifiers>
          <lisID>2303</lisID>
          <bioguideId>K000393</bioguideId>
          <gpoId />
        </identifiers>
        <isOriginalCosponsor>True</isOriginalCosponsor>
        <fullName>Sen. Kennedy, John [R-LA]</fullName>
      </item>
      <item>
        <party>D</party>
        <middleName />
        <firstName>MARIA</firstName>
        <lastName>CANTWELL</lastName>
        <sponsorshipWithdrawnDate />
        <bioguideId>C000127</bioguideId>
        <sponsorshipDate>2019-05-06</sponsorshipDate>
        <state>WA</state>
        <identifiers>
          <bioguideId>C000127</bioguideId>
          <lisID>172</lisID>
          <gpoId>8288</gpoId>
        </identifiers>
        <isOriginalCosponsor>True</isOriginalCosponsor>
        <fullName>Sen. Cantwell, Maria [D-WA]</fullName>
      </item>
      <item>
        <party>R</party>
        <middleName>ERNEST</middleName>
        <firstName>CHARLES</firstName>
        <lastName>GRASSLEY</lastName>
        <sponsorshipWithdrawnDate />
        <bioguideId>G000386</bioguideId>
        <sponsorshipDate>2019-05-06</sponsorshipDate>
        <state>IA</state>
        <identifiers>
          <lisID>457</lisID>
          <bioguideId>G000386</bioguideId>
          <gpoId>8316</gpoId>
        </identifiers>
        <isOriginalCosponsor>True</isOriginalCosponsor>
        <fullName>Sen. Grassley, Chuck [R-IA]</fullName>
      </item>
      <item>
        <party>D</party>
        <middleName />
        <firstName>Jeanne</firstName>
        <lastName>Shaheen</lastName>
        <sponsorshipWithdrawnDate />
        <bioguideId>S001181</bioguideId>
        <sponsorshipDate>2019-05-06</sponsorshipDate>
        <state>NH</state>
        <identifiers>
          <lisID>1901</lisID>
          <bioguideId>S001181</bioguideId>
          <gpoId>8276</gpoId>
        </identifiers>
        <isOriginalCosponsor>True</isOriginalCosponsor>
        <fullName>Sen. Shaheen, Jeanne [D-NH]</fullName>
      </item>
      <item>
        <party>R</party>
        <middleName />
        <firstName>Mike</firstName>
        <lastName>Braun</lastName>
        <sponsorshipWithdrawnDate />
        <bioguideId>B001310</bioguideId>
        <sponsorshipDate>2019-05-06</sponsorshipDate>
        <state>IN</state>
        <identifiers>
          <gpoId />
          <bioguideId>B001310</bioguideId>
          <lisID>2462</lisID>
        </identifiers>
        <isOriginalCosponsor>True</isOriginalCosponsor>
        <fullName>Sen. Braun, Mike  [R-IN]</fullName>
      </item>
      <item>
        <party>D</party>
        <middleName>J.</middleName>
        <firstName>EDWARD</firstName>
        <lastName>MARKEY</lastName>
        <sponsorshipWithdrawnDate />
        <bioguideId>M000133</bioguideId>
        <sponsorshipDate>2019-05-06</sponsorshipDate>
        <state>MA</state>
        <identifiers>
          <bioguideId>M000133</bioguideId>
          <lisID>735</lisID>
          <gpoId>7972</gpoId>
        </identifiers>
        <isOriginalCosponsor>True</isOriginalCosponsor>
        <fullName>Sen. Markey, Edward J. [D-MA]</fullName>
      </item>
      <item>
        <party>R</party>
        <middleName />
        <firstName>JIM</firstName>
        <lastName>INHOFE</lastName>
        <sponsorshipWithdrawnDate />
        <bioguideId>I000024</bioguideId>
        <sponsorshipDate>2019-05-06</sponsorshipDate>
        <state>OK</state>
        <identifiers>
          <lisID>583</lisID>
          <gpoId>8322</gpoId>
          <bioguideId>I000024</bioguideId>
        </identifiers>
        <isOriginalCosponsor>True</isOriginalCosponsor>
        <fullName>Sen. Inhofe, James M. [R-OK]</fullName>
      </item>
      <item>
        <party>D</party>
        <middleName>A.</middleName>
        <firstName>Cory</firstName>
        <lastName>Booker</lastName>
        <sponsorshipWithdrawnDate />
        <bioguideId>B001288</bioguideId>
        <sponsorshipDate>2019-05-06</sponsorshipDate>
        <state>NJ</state>
        <identifiers>
          <gpoId />
          <bioguideId>B001288</bioguideId>
          <lisID>2194</lisID>
        </identifiers>
        <isOriginalCosponsor>True</isOriginalCosponsor>
        <fullName>Sen. Booker, Cory A. [D-NJ]</fullName>
      </item>
      <item>
        <party>R</party>
        <middleName>MARGARET</middleName>
        <firstName>SUSAN</firstName>
        <lastName>COLLINS</lastName>
        <sponsorshipWithdrawnDate />
        <bioguideId>C001035</bioguideId>
        <sponsorshipDate>2019-05-06</sponsorshipDate>
        <state>ME</state>
        <identifiers>
          <gpoId>8291</gpoId>
          <lisID>1541</lisID>
          <bioguideId>C001035</bioguideId>
        </identifiers>
        <isOriginalCosponsor>True</isOriginalCosponsor>
        <fullName>Sen. Collins, Susan M. [R-ME]</fullName>
      </item>
      <item>
        <party>D</party>
        <middleName>A.</middleName>
        <firstName>Christopher</firstName>
        <lastName>Coons</lastName>
        <sponsorshipWithdrawnDate />
        <bioguideId>C001088</bioguideId>
        <sponsorshipDate>2019-05-06</sponsorshipDate>
        <state>DE</state>
        <identifiers>
          <gpoId>8297</gpoId>
          <bioguideId>C001088</bioguideId>
          <lisID>1984</lisID>
        </identifiers>
        <isOriginalCosponsor>True</isOriginalCosponsor>
        <fullName>Sen. Coons, Christopher A. [D-DE]</fullName>
      </item>
      <item>
        <party>R</party>
        <middleName>Alfred</middleName>
        <firstName>David</firstName>
        <lastName>Perdue</lastName>
        <sponsorshipWithdrawnDate />
        <bioguideId>P000612</bioguideId>
        <sponsorshipDate>2019-05-06</sponsorshipDate>
        <state>GA</state>
        <identifiers>
          <lisID>2286</lisID>
          <bioguideId>P000612</bioguideId>
          <gpoId />
        </identifiers>
        <isOriginalCosponsor>True</isOriginalCosponsor>
        <fullName>Sen. Perdue, David [R-GA]</fullName>
      </item>
      <item>
        <party>D</party>
        <middleName>K.</middleName>
        <firstName>Mazie</firstName>
        <lastName>Hirono</lastName>
        <sponsorshipWithdrawnDate />
        <bioguideId>H001042</bioguideId>
        <sponsorshipDate>2019-05-06</sponsorshipDate>
        <state>HI</state>
        <identifiers>
          <lisID>1844</lisID>
          <gpoId>7913</gpoId>
          <bioguideId>H001042</bioguideId>
        </identifiers>
        <isOriginalCosponsor>True</isOriginalCosponsor>
        <fullName>Sen. Hirono, Mazie K. [D-HI]</fullName>
      </item>
      <item>
        <party>R</party>
        <middleName />
        <firstName>PAT</firstName>
        <lastName>ROBERTS</lastName>
        <sponsorshipWithdrawnDate />
        <bioguideId>R000307</bioguideId>
        <sponsorshipDate>2019-05-06</sponsorshipDate>
        <state>KS</state>
        <identifiers>
          <lisID>968</lisID>
          <bioguideId>R000307</bioguideId>
          <gpoId>8275</gpoId>
        </identifiers>
        <isOriginalCosponsor>True</isOriginalCosponsor>
        <fullName>Sen. Roberts, Pat [R-KS]</fullName>
      </item>
      <item>
        <party>D</party>
        <middleName />
        <firstName>Tammy</firstName>
        <lastName>Duckworth</lastName>
        <sponsorshipWithdrawnDate />
        <bioguideId>D000622</bioguideId>
        <sponsorshipDate>2019-05-06</sponsorshipDate>
        <state>IL</state>
        <identifiers>
          <bioguideId>D000622</bioguideId>
          <gpoId />
          <lisID>2123</lisID>
        </identifiers>
        <isOriginalCosponsor>True</isOriginalCosponsor>
        <fullName>Sen. Duckworth, Tammy [D-IL]</fullName>
      </item>
      <item>
        <party>R</party>
        <middleName />
        <firstName>John</firstName>
        <lastName>Hoeven</lastName>
        <sponsorshipWithdrawnDate />
        <bioguideId>H001061</bioguideId>
        <sponsorshipDate>2019-05-06</sponsorshipDate>
        <state>ND</state>
        <identifiers>
          <bioguideId>H001061</bioguideId>
          <lisID>2079</lisID>
          <gpoId>8331</gpoId>
        </identifiers>
        <isOriginalCosponsor>True</isOriginalCosponsor>
        <fullName>Sen. Hoeven, John [R-ND]</fullName>
      </item>
      <item>
        <party>D</party>
        <middleName />
        <firstName>Jacklyn</firstName>
        <lastName>Rosen</lastName>
        <sponsorshipWithdrawnDate />
        <bioguideId>R000608</bioguideId>
        <sponsorshipDate>2019-05-06</sponsorshipDate>
        <state>NV</state>
        <identifiers>
          <gpoId />
          <lisID>2339</lisID>
          <bioguideId>R000608</bioguideId>
        </identifiers>
        <isOriginalCosponsor>True</isOriginalCosponsor>
        <fullName>Sen. Rosen, Jacky [D-NV]</fullName>
      </item>
      <item>
        <party>R</party>
        <middleName />
        <firstName>Todd</firstName>
        <lastName>Young</lastName>
        <sponsorshipWithdrawnDate />
        <bioguideId>Y000064</bioguideId>
        <sponsorshipDate>2019-05-06</sponsorshipDate>
        <state>IN</state>
        <identifiers>
          <bioguideId>Y000064</bioguideId>
          <gpoId>7948</gpoId>
          <lisID>2019</lisID>
        </identifiers>
        <isOriginalCosponsor>True</isOriginalCosponsor>
        <fullName>Sen. Young, Todd [R-IN]</fullName>
      </item>
      <item>
        <party>D</party>
        <middleName />
        <firstName>DIANNE</firstName>
        <lastName>FEINSTEIN</lastName>
        <sponsorshipWithdrawnDate />
        <bioguideId>F000062</bioguideId>
        <sponsorshipDate>2019-05-06</sponsorshipDate>
        <state>CA</state>
        <identifiers>
          <gpoId>8338</gpoId>
          <lisID>1332</lisID>
          <bioguideId>F000062</bioguideId>
        </identifiers>
        <isOriginalCosponsor>True</isOriginalCosponsor>
        <fullName>Sen. Feinstein, Dianne [D-CA]</fullName>
      </item>
      <item>
        <party>R</party>
        <middleName />
        <firstName>Martha</firstName>
        <lastName>McSally</lastName>
        <sponsorshipWithdrawnDate />
        <bioguideId>M001197</bioguideId>
        <sponsorshipDate>2019-05-06</sponsorshipDate>
        <state>AZ</state>
        <identifiers>
          <lisID>2225</lisID>
          <bioguideId>M001197</bioguideId>
          <gpoId />
        </identifiers>
        <isOriginalCosponsor>True</isOriginalCosponsor>
        <fullName>Sen. McSally, Martha [R-AZ]</fullName>
      </item>
      <item>
        <party>D</party>
        <middleName />
        <firstName>RON</firstName>
        <lastName>WYDEN</lastName>
        <sponsorshipWithdrawnDate />
        <bioguideId>W000779</bioguideId>
        <sponsorshipDate>2019-05-06</sponsorshipDate>
        <state>OR</state>
        <identifiers>
          <gpoId>8265</gpoId>
          <lisID>1247</lisID>
          <bioguideId>W000779</bioguideId>
        </identifiers>
        <isOriginalCosponsor>True</isOriginalCosponsor>
        <fullName>Sen. Wyden, Ron [D-OR]</fullName>
      </item>
      <item>
        <party>R</party>
        <middleName />
        <firstName>Rick</firstName>
        <lastName>Scott</lastName>
        <sponsorshipWithdrawnDate />
        <bioguideId>S001217</bioguideId>
        <sponsorshipDate>2019-05-06</sponsorshipDate>
        <state>FL</state>
        <identifiers>
          <gpoId />
          <lisID>2470</lisID>
          <bioguideId>S001217</bioguideId>
        </identifiers>
        <isOriginalCosponsor>True</isOriginalCosponsor>
        <fullName>Sen. Scott, Rick  [R-FL]</fullName>
      </item>
      <item>
        <party>D</party>
        <middleName>F.</middleName>
        <firstName>JOHN</firstName>
        <lastName>REED</lastName>
        <sponsorshipWithdrawnDate />
        <bioguideId>R000122</bioguideId>
        <sponsorshipDate>2019-05-06</sponsorshipDate>
        <state>RI</state>
        <identifiers>
          <lisID>949</lisID>
          <gpoId>8272</gpoId>
          <bioguideId>R000122</bioguideId>
        </identifiers>
        <isOriginalCosponsor>True</isOriginalCosponsor>
        <fullName>Sen. Reed, Jack [D-RI]</fullName>
      </item>
      <item>
        <party>R</party>
        <middleName />
        <firstName>Kevin</firstName>
        <lastName>Cramer</lastName>
        <sponsorshipWithdrawnDate />
        <bioguideId>C001096</bioguideId>
        <sponsorshipDate>2019-05-06</sponsorshipDate>
        <state>ND</state>
        <identifiers>
          <gpoId />
          <bioguideId>C001096</bioguideId>
          <lisID>2144</lisID>
        </identifiers>
        <isOriginalCosponsor>True</isOriginalCosponsor>
        <fullName>Sen. Cramer, Kevin [R-ND]</fullName>
      </item>
      <item>
        <party>D</party>
        <middleName />
        <firstName>Sherrod</firstName>
        <lastName>Brown</lastName>
        <sponsorshipWithdrawnDate />
        <bioguideId>B000944</bioguideId>
        <sponsorshipDate>2019-05-06</sponsorshipDate>
        <state>OH</state>
        <identifiers>
          <gpoId>8309</gpoId>
          <lisID>136</lisID>
          <bioguideId>B000944</bioguideId>
        </identifiers>
        <isOriginalCosponsor>True</isOriginalCosponsor>
        <fullName>Sen. Brown, Sherrod [D-OH]</fullName>
      </item>
      <item>
        <party>R</party>
        <middleName />
        <firstName>Steve</firstName>
        <lastName>Daines</lastName>
        <sponsorshipWithdrawnDate />
        <bioguideId>D000618</bioguideId>
        <sponsorshipDate>2019-05-06</sponsorshipDate>
        <state>MT</state>
        <identifiers>
          <gpoId />
          <bioguideId>D000618</bioguideId>
          <lisID>2138</lisID>
        </identifiers>
        <isOriginalCosponsor>True</isOriginalCosponsor>
        <fullName>Sen. Daines, Steve [R-MT]</fullName>
      </item>
      <item>
        <party>D</party>
        <middleName />
        <firstName>Amy</firstName>
        <lastName>Klobuchar</lastName>
        <sponsorshipWithdrawnDate />
        <bioguideId>K000367</bioguideId>
        <sponsorshipDate>2019-05-06</sponsorshipDate>
        <state>MN</state>
        <identifiers>
          <bioguideId>K000367</bioguideId>
          <lisID>1826</lisID>
          <gpoId>8249</gpoId>
        </identifiers>
        <isOriginalCosponsor>True</isOriginalCosponsor>
        <fullName>Sen. Klobuchar, Amy [D-MN]</fullName>
      </item>
      <item>
        <party>R</party>
        <middleName />
        <firstName>Josh</firstName>
        <lastName>Hawley</lastName>
        <sponsorshipWithdrawnDate />
        <bioguideId>H001089</bioguideId>
        <sponsorshipDate>2019-05-06</sponsorshipDate>
        <state>MO</state>
        <identifiers>
          <gpoId />
          <lisID>2464</lisID>
          <bioguideId>H001089</bioguideId>
        </identifiers>
        <isOriginalCosponsor>True</isOriginalCosponsor>
        <fullName>Sen. Hawley, Josh  [R-MO]</fullName>
      </item>
      <item>
        <party>D</party>
        <middleName />
        <firstName>Sheldon</firstName>
        <lastName>Whitehouse</lastName>
        <sponsorshipWithdrawnDate />
        <bioguideId>W000802</bioguideId>
        <sponsorshipDate>2019-05-06</sponsorshipDate>
        <state>RI</state>
        <identifiers>
          <lisID>1823</lisID>
          <bioguideId>W000802</bioguideId>
          <gpoId>8264</gpoId>
        </identifiers>
        <isOriginalCosponsor>True</isOriginalCosponsor>
        <fullName>Sen. Whitehouse, Sheldon [D-RI]</fullName>
      </item>
      <item>
        <party>R</party>
        <middleName />
        <firstName>Lamar</firstName>
        <lastName>Alexander</lastName>
        <sponsorshipWithdrawnDate />
        <bioguideId>A000360</bioguideId>
        <sponsorshipDate>2019-05-06</sponsorshipDate>
        <state>TN</state>
        <identifiers>
          <bioguideId>A000360</bioguideId>
          <gpoId>8304</gpoId>
          <lisID>1695</lisID>
        </identifiers>
        <isOriginalCosponsor>True</isOriginalCosponsor>
        <fullName>Sen. Alexander, Lamar [R-TN]</fullName>
      </item>
      <item>
        <party>I</party>
        <middleName />
        <firstName>Angus</firstName>
        <lastName>King</lastName>
        <sponsorshipWithdrawnDate />
        <bioguideId>K000383</bioguideId>
        <sponsorshipDate>2019-05-06</sponsorshipDate>
        <state>ME</state>
        <identifiers>
          <gpoId />
          <bioguideId>K000383</bioguideId>
          <lisID>2185</lisID>
        </identifiers>
        <isOriginalCosponsor>True</isOriginalCosponsor>
        <fullName>Sen. King, Angus S., Jr. [I-ME]</fullName>
      </item>
      <item>
        <party>R</party>
        <middleName />
        <firstName>John</firstName>
        <lastName>Barrasso</lastName>
        <sponsorshipWithdrawnDate />
        <bioguideId>B001261</bioguideId>
        <sponsorshipDate>2019-05-06</sponsorshipDate>
        <state>WY</state>
        <identifiers>
          <lisID>1881</lisID>
          <gpoId>8300</gpoId>
          <bioguideId>B001261</bioguideId>
        </identifiers>
        <isOriginalCosponsor>True</isOriginalCosponsor>
        <fullName>Sen. Barrasso, John [R-WY]</fullName>
      </item>
      <item>
        <party>D</party>
        <middleName>A.</middleName>
        <firstName>Elizabeth</firstName>
        <lastName>Warren</lastName>
        <sponsorshipWithdrawnDate />
        <bioguideId>W000817</bioguideId>
        <sponsorshipDate>2019-05-06</sponsorshipDate>
        <state>MA</state>
        <identifiers>
          <gpoId />
          <bioguideId>W000817</bioguideId>
          <lisID>2182</lisID>
        </identifiers>
        <isOriginalCosponsor>True</isOriginalCosponsor>
        <fullName>Sen. Warren, Elizabeth [D-MA]</fullName>
      </item>
      <item>
        <party>R</party>
        <middleName>MOORE</middleName>
        <firstName>SHELLEY</firstName>
        <lastName>CAPITO</lastName>
        <sponsorshipWithdrawnDate />
        <bioguideId>C001047</bioguideId>
        <sponsorshipDate>2019-05-06</sponsorshipDate>
        <state>WV</state>
        <identifiers>
          <bioguideId>C001047</bioguideId>
          <lisID>1676</lisID>
          <gpoId>8223</gpoId>
        </identifiers>
        <isOriginalCosponsor>True</isOriginalCosponsor>
        <fullName>Sen. Capito, Shelley Moore [R-WV]</fullName>
      </item>
      <item>
        <party>D</party>
        <middleName>C.</middleName>
        <firstName>Gary</firstName>
        <lastName>Peters</lastName>
        <sponsorshipWithdrawnDate />
        <bioguideId>P000595</bioguideId>
        <sponsorshipDate>2019-05-06</sponsorshipDate>
        <state>MI</state>
        <identifiers>
          <bioguideId>P000595</bioguideId>
          <lisID>1929</lisID>
          <gpoId>7994</gpoId>
        </identifiers>
        <isOriginalCosponsor>True</isOriginalCosponsor>
        <fullName>Sen. Peters, Gary C. [D-MI]</fullName>
      </item>
      <item>
        <party>R</party>
        <middleName />
        <firstName>John</firstName>
        <lastName>Cornyn</lastName>
        <sponsorshipWithdrawnDate />
        <bioguideId>C001056</bioguideId>
        <sponsorshipDate>2019-05-06</sponsorshipDate>
        <state>TX</state>
        <identifiers>
          <bioguideId>C001056</bioguideId>
          <lisID>1692</lisID>
          <gpoId>8295</gpoId>
        </identifiers>
        <isOriginalCosponsor>True</isOriginalCosponsor>
        <fullName>Sen. Cornyn, John [R-TX]</fullName>
      </item>
      <item>
        <party>D</party>
        <middleName />
        <firstName>Catherine</firstName>
        <lastName>Cortez Masto</lastName>
        <sponsorshipWithdrawnDate />
        <bioguideId>C001113</bioguideId>
        <sponsorshipDate>2019-05-06</sponsorshipDate>
        <state>NV</state>
        <identifiers>
          <bioguideId>C001113</bioguideId>
          <lisID>2299</lisID>
          <gpoId />
        </identifiers>
        <isOriginalCosponsor>True</isOriginalCosponsor>
        <fullName>Sen. Cortez Masto, Catherine  [D-NV]</fullName>
      </item>
      <item>
        <party>R</party>
        <middleName />
        <firstName>James</firstName>
        <lastName>Lankford</lastName>
        <sponsorshipWithdrawnDate />
        <bioguideId>L000575</bioguideId>
        <sponsorshipDate>2019-05-06</sponsorshipDate>
        <state>OK</state>
        <identifiers>
          <gpoId>8113</gpoId>
          <bioguideId>L000575</bioguideId>
          <lisID>2050</lisID>
        </identifiers>
        <isOriginalCosponsor>True</isOriginalCosponsor>
        <fullName>Sen. Lankford, James [R-OK]</fullName>
      </item>
      <item>
        <party>D</party>
        <middleName>D.</middleName>
        <firstName>Kamala</firstName>
        <lastName>Harris</lastName>
        <sponsorshipWithdrawnDate />
        <bioguideId>H001075</bioguideId>
        <sponsorshipDate>2019-05-06</sponsorshipDate>
        <state>CA</state>
        <identifiers>
          <lisID>2301</lisID>
          <gpoId />
          <bioguideId>H001075</bioguideId>
        </identifiers>
        <isOriginalCosponsor>True</isOriginalCosponsor>
        <fullName>Sen. Harris, Kamala D. [D-CA]</fullName>
      </item>
      <item>
        <party>R</party>
        <middleName />
        <firstName>Bill</firstName>
        <lastName>Cassidy</lastName>
        <sponsorshipWithdrawnDate />
        <bioguideId>C001075</bioguideId>
        <sponsorshipDate>2019-05-06</sponsorshipDate>
        <state>LA</state>
        <identifiers>
          <lisID>1925</lisID>
          <gpoId>7964</gpoId>
          <bioguideId>C001075</bioguideId>
        </identifiers>
        <isOriginalCosponsor>True</isOriginalCosponsor>
        <fullName>Sen. Cassidy, Bill [R-LA]</fullName>
      </item>
      <item>
        <party>D</party>
        <middleName>Wood</middleName>
        <firstName>Margaret</firstName>
        <lastName>Hassan</lastName>
        <sponsorshipWithdrawnDate />
        <bioguideId>H001076</bioguideId>
        <sponsorshipDate>2019-05-06</sponsorshipDate>
        <state>NH</state>
        <identifiers>
          <gpoId />
          <bioguideId>H001076</bioguideId>
          <lisID>2302</lisID>
        </identifiers>
        <isOriginalCosponsor>True</isOriginalCosponsor>
        <fullName>Sen. Hassan, Margaret Wood [D-NH]</fullName>
      </item>
      <item>
        <party>R</party>
        <middleName>E.</middleName>
        <firstName>James</firstName>
        <lastName>Risch</lastName>
        <sponsorshipWithdrawnDate />
        <bioguideId>R000584</bioguideId>
        <sponsorshipDate>2019-05-06</sponsorshipDate>
        <state>ID</state>
        <identifiers>
          <lisID>1896</lisID>
          <bioguideId>R000584</bioguideId>
          <gpoId>8274</gpoId>
        </identifiers>
        <isOriginalCosponsor>True</isOriginalCosponsor>
        <fullName>Sen. Risch, James E. [R-ID]</fullName>
      </item>
      <item>
        <party>D</party>
        <middleName />
        <firstName>Chris</firstName>
        <lastName>Van Hollen</lastName>
        <sponsorshipWithdrawnDate />
        <bioguideId>V000128</bioguideId>
        <sponsorshipDate>2019-05-06</sponsorshipDate>
        <state>MD</state>
        <identifiers>
          <gpoId>7983</gpoId>
          <bioguideId>V000128</bioguideId>
          <lisID>1729</lisID>
        </identifiers>
        <isOriginalCosponsor>True</isOriginalCosponsor>
        <fullName>Sen. Van Hollen, Chris [D-MD]</fullName>
      </item>
      <item>
        <party>R</party>
        <middleName>D.</middleName>
        <firstName>MICHAEL</firstName>
        <lastName>CRAPO</lastName>
        <sponsorshipWithdrawnDate />
        <bioguideId>C000880</bioguideId>
        <sponsorshipDate>2019-05-06</sponsorshipDate>
        <state>ID</state>
        <identifiers>
          <lisID>250</lisID>
          <gpoId>8289</gpoId>
          <bioguideId>C000880</bioguideId>
        </identifiers>
        <isOriginalCosponsor>True</isOriginalCosponsor>
        <fullName>Sen. Crapo, Mike [R-ID]</fullName>
      </item>
      <item>
        <party>D</party>
        <middleName />
        <firstName>Kyrsten</firstName>
        <lastName>Sinema</lastName>
        <sponsorshipWithdrawnDate />
        <bioguideId>S001191</bioguideId>
        <sponsorshipDate>2019-05-06</sponsorshipDate>
        <state>AZ</state>
        <identifiers>
          <bioguideId>S001191</bioguideId>
          <lisID>2099</lisID>
          <gpoId />
        </identifiers>
        <isOriginalCosponsor>True</isOriginalCosponsor>
        <fullName>Sen. Sinema, Kyrsten [D-AZ]</fullName>
      </item>
      <item>
        <party>R</party>
        <middleName>B.</middleName>
        <firstName>MICHAEL</firstName>
        <lastName>ENZI</lastName>
        <sponsorshipWithdrawnDate />
        <bioguideId>E000285</bioguideId>
        <sponsorshipDate>2019-05-06</sponsorshipDate>
        <state>WY</state>
        <identifiers>
          <bioguideId>E000285</bioguideId>
          <gpoId>8328</gpoId>
          <lisID>1542</lisID>
        </identifiers>
        <isOriginalCosponsor>True</isOriginalCosponsor>
        <fullName>Sen. Enzi, Michael B. [R-WY]</fullName>
      </item>
      <item>
        <party>R</party>
        <middleName>Roland</middleName>
        <firstName>Thomas</firstName>
        <lastName>Tillis</lastName>
        <sponsorshipWithdrawnDate />
        <bioguideId>T000476</bioguideId>
        <sponsorshipDate>2019-05-06</sponsorshipDate>
        <state>NC</state>
        <identifiers>
          <lisID>2291</lisID>
          <gpoId />
          <bioguideId>T000476</bioguideId>
        </identifiers>
        <isOriginalCosponsor>True</isOriginalCosponsor>
        <fullName>Sen. Tillis, Thom [R-NC]</fullName>
      </item>
      <item>
        <party>R</party>
        <middleName />
        <firstName>Cindy</firstName>
        <lastName>Hyde-Smith</lastName>
        <sponsorshipWithdrawnDate />
        <bioguideId>H001079</bioguideId>
        <sponsorshipDate>2019-05-06</sponsorshipDate>
        <state>MS</state>
        <identifiers>
          <gpoId />
          <bioguideId>H001079</bioguideId>
          <lisID>2366</lisID>
        </identifiers>
        <isOriginalCosponsor>True</isOriginalCosponsor>
        <fullName>Sen. Hyde-Smith, Cindy [R-MS]</fullName>
      </item>
      <item>
        <party>R</party>
        <middleName />
        <firstName>Roy</firstName>
        <lastName>Blunt</lastName>
        <sponsorshipWithdrawnDate />
        <bioguideId>B000575</bioguideId>
        <sponsorshipDate>2019-05-06</sponsorshipDate>
        <state>MO</state>
        <identifiers>
          <lisID>1464</lisID>
          <gpoId>8313</gpoId>
          <bioguideId>B000575</bioguideId>
        </identifiers>
        <isOriginalCosponsor>True</isOriginalCosponsor>
        <fullName>Sen. Blunt, Roy [R-MO]</fullName>
      </item>
      <item>
        <party>R</party>
        <middleName />
        <firstName>John</firstName>
        <lastName>Boozman</lastName>
        <sponsorshipWithdrawnDate />
        <bioguideId>B001236</bioguideId>
        <sponsorshipDate>2019-05-06</sponsorshipDate>
        <state>AR</state>
        <identifiers>
          <gpoId>8247</gpoId>
          <lisID>1687</lisID>
          <bioguideId>B001236</bioguideId>
        </identifiers>
        <isOriginalCosponsor>True</isOriginalCosponsor>
        <fullName>Sen. Boozman, John [R-AR]</fullName>
      </item>
      <item>
        <party>R</party>
        <middleName />
        <firstName>Tim</firstName>
        <lastName>Scott</lastName>
        <sponsorshipWithdrawnDate />
        <bioguideId>S001184</bioguideId>
        <sponsorshipDate>2019-05-06</sponsorshipDate>
        <state>SC</state>
        <identifiers>
          <lisID>2056</lisID>
          <gpoId>8141</gpoId>
          <bioguideId>S001184</bioguideId>
        </identifiers>
        <isOriginalCosponsor>True</isOriginalCosponsor>
        <fullName>Sen. Scott, Tim [R-SC]</fullName>
      </item>
      <item>
        <party>R</party>
        <middleName />
        <firstName>Joni</firstName>
        <lastName>Ernst</lastName>
        <sponsorshipWithdrawnDate />
        <bioguideId>E000295</bioguideId>
        <sponsorshipDate>2019-05-06</sponsorshipDate>
        <state>IA</state>
        <identifiers>
          <bioguideId>E000295</bioguideId>
          <lisID>2283</lisID>
          <gpoId />
        </identifiers>
        <isOriginalCosponsor>True</isOriginalCosponsor>
        <fullName>Sen. Ernst, Joni  [R-IA]</fullName>
      </item>
      <item>
        <party>R</party>
        <middleName />
        <firstName>Marsha</firstName>
        <lastName>Blackburn</lastName>
        <sponsorshipWithdrawnDate />
        <bioguideId>B001243</bioguideId>
        <sponsorshipDate>2019-05-06</sponsorshipDate>
        <state>TN</state>
        <identifiers>
          <bioguideId>B001243</bioguideId>
          <gpoId>8154</gpoId>
          <lisID>1748</lisID>
        </identifiers>
        <isOriginalCosponsor>True</isOriginalCosponsor>
        <fullName>Sen. Blackburn, Marsha [R-TN]</fullName>
      </item>
      <item>
        <party>R</party>
        <middleName />
        <firstName>Mike</firstName>
        <lastName>Rounds</lastName>
        <sponsorshipWithdrawnDate />
        <bioguideId>R000605</bioguideId>
        <sponsorshipDate>2019-05-06</sponsorshipDate>
        <state>SD</state>
        <identifiers>
          <bioguideId>R000605</bioguideId>
          <lisID>2288</lisID>
          <gpoId />
        </identifiers>
        <isOriginalCosponsor>True</isOriginalCosponsor>
        <fullName>Sen. Rounds, Mike  [R-SD]</fullName>
      </item>
      <item>
        <party>R</party>
        <middleName />
        <firstName>Tom</firstName>
        <lastName>Cotton</lastName>
        <sponsorshipWithdrawnDate />
        <bioguideId>C001095</bioguideId>
        <sponsorshipDate>2019-05-06</sponsorshipDate>
        <state>AR</state>
        <identifiers>
          <gpoId />
          <lisID>2098</lisID>
          <bioguideId>C001095</bioguideId>
        </identifiers>
        <isOriginalCosponsor>True</isOriginalCosponsor>
        <fullName>Sen. Cotton, Tom [R-AR]</fullName>
      </item>
      <item>
        <party>R</party>
        <middleName>F.</middleName>
        <firstName>ROGER</firstName>
        <lastName>WICKER</lastName>
        <sponsorshipWithdrawnDate />
        <bioguideId>W000437</bioguideId>
        <sponsorshipDate>2019-05-06</sponsorshipDate>
        <state>MS</state>
        <identifiers>
          <gpoId>8263</gpoId>
          <lisID>1226</lisID>
          <bioguideId>W000437</bioguideId>
        </identifiers>
        <isOriginalCosponsor>True</isOriginalCosponsor>
        <fullName>Sen. Wicker, Roger F. [R-MS]</fullName>
      </item>
      <item>
        <party>R</party>
        <middleName />
        <firstName>Mitt</firstName>
        <lastName>Romney</lastName>
        <sponsorshipWithdrawnDate />
        <bioguideId>R000615</bioguideId>
        <sponsorshipDate>2019-05-06</sponsorshipDate>
        <state>UT</state>
        <identifiers>
          <lisID>2466</lisID>
          <bioguideId>R000615</bioguideId>
          <gpoId />
        </identifiers>
        <isOriginalCosponsor>True</isOriginalCosponsor>
        <fullName>Sen. Romney, Mitt  [R-UT]</fullName>
      </item>
      <item>
        <party>R</party>
        <middleName />
        <firstName>Deb</firstName>
        <lastName>Fischer</lastName>
        <sponsorshipWithdrawnDate />
        <bioguideId>F000463</bioguideId>
        <sponsorshipDate>2019-05-06</sponsorshipDate>
        <state>NE</state>
        <identifiers>
          <lisID>2179</lisID>
          <gpoId />
          <bioguideId>F000463</bioguideId>
        </identifiers>
        <isOriginalCosponsor>True</isOriginalCosponsor>
        <fullName>Sen. Fischer, Deb [R-NE]</fullName>
      </item>
      <item>
        <party>R</party>
        <middleName />
        <firstName>Ron</firstName>
        <lastName>Johnson</lastName>
        <sponsorshipWithdrawnDate />
        <bioguideId>J000293</bioguideId>
        <sponsorshipDate>2019-05-06</sponsorshipDate>
        <state>WI</state>
        <identifiers>
          <gpoId>8355</gpoId>
          <lisID>2086</lisID>
          <bioguideId>J000293</bioguideId>
        </identifiers>
        <isOriginalCosponsor>True</isOriginalCosponsor>
        <fullName>Sen. Johnson, Ron [R-WI]</fullName>
      </item>
      <item>
        <party>D</party>
        <middleName />
        <firstName>Robert</firstName>
        <lastName>Menendez</lastName>
        <sponsorshipWithdrawnDate />
        <bioguideId>M000639</bioguideId>
        <sponsorshipDate>2019-05-06</sponsorshipDate>
        <state>NJ</state>
        <identifiers>
          <lisID>791</lisID>
          <bioguideId>M000639</bioguideId>
          <gpoId>8239</gpoId>
        </identifiers>
        <isOriginalCosponsor>True</isOriginalCosponsor>
        <fullName>Sen. Menendez, Robert [D-NJ]</fullName>
      </item>
    </cosponsors>
    <actions>
      <actionTypeCounts>
        <passedOrAgreedToInSenateDayOf>1</passedOrAgreedToInSenateDayOf>
        <passedAgreedToInSenate>1</passedAgreedToInSenate>
        <introducedInSenate>1</introducedInSenate>
      </actionTypeCounts>
      <item>
        <actionDate>2019-05-06</actionDate>
        <committee />
        <links>
          <link>
            <name>S2649-2650</name>
            <url>https://www.congress.gov/congressional-record/volume-165/senate-section/page/S2649-2650</url>
          </link>
          <link>
            <name>S2656</name>
            <url>https://www.congress.gov/congressional-record/volume-165/senate-section/page/S2656</url>
          </link>
        </links>
        <sourceSystem>
          <code>0</code>
          <name>Senate</name>
        </sourceSystem>
        <text>Submitted in the Senate, considered, and agreed to without amendment and with a preamble by Unanimous Consent. (consideration: CR S2656; text: S2649-2650)</text>
        <type>Floor</type>
      </item>
      <item>
        <type>Floor</type>
        <actionCode>17000</actionCode>
        <text>Passed/agreed to in Senate: Submitted in the Senate, considered, and agreed to without amendment and with a preamble by Unanimous Consent.(consideration: CR S2656; text: S2649-2650)</text>
        <actionDate>2019-05-06</actionDate>
        <links>
          <link>
            <name>S2649-2650</name>
            <url>https://www.congress.gov/congressional-record/volume-165/senate-section/page/S2649-2650</url>
          </link>
          <link>
            <name>S2656</name>
            <url>https://www.congress.gov/congressional-record/volume-165/senate-section/page/S2656</url>
          </link>
        </links>
        <committee />
        <sourceSystem>
          <code>9</code>
          <name>Library of Congress</name>
        </sourceSystem>
      </item>
      <item>
        <type>IntroReferral</type>
        <actionCode>10000</actionCode>
        <text>Introduced in Senate</text>
        <actionDate>2019-05-06</actionDate>
        <links />
        <committee />
        <sourceSystem>
          <code>9</code>
          <name>Library of Congress</name>
        </sourceSystem>
      </item>
      <actionByCounts>
        <senate>3</senate>
      </actionByCounts>
    </actions>
    <congress>116</congress>
    <createDate>2019-05-07T04:27:08Z</createDate>
    <policyArea>
      <name>Commerce</name>
    </policyArea>
    <summaries>
      <billSummaries>
        <item>
          <actionDate>2019-05-06</actionDate>
          <actionDesc>Introduced in Senate</actionDesc>
          <text><![CDATA[<p>This resolution supports the designation of the week of May 5-May 11, 2019, as National Small Business Week.</p>]]></text>
          <name>Introduced in Senate</name>
          <lastSummaryUpdateDate>2019-07-24T19:46:28Z</lastSummaryUpdateDate>
          <updateDate>2019-05-06T04:00:00Z</updateDate>
          <versionCode>00</versionCode>
        </item>
        <item>
          <actionDate>2019-05-06</actionDate>
          <actionDesc>Passed Senate</actionDesc>
          <text><![CDATA[<p>This resolution supports the designation of the week of May 5-May 11, 2019, as National Small Business Week.</p>]]></text>
          <name>Passed Senate</name>
          <lastSummaryUpdateDate>2019-07-24T19:46:42Z</lastSummaryUpdateDate>
          <updateDate>2019-05-06T13:04:58Z</updateDate>
          <versionCode>55</versionCode>
        </item>
      </billSummaries>
    </summaries>
    <subjects>
      <billSubjects>
        <legislativeSubjects>
          <item>
            <name>Commemorative events and holidays</name>
          </item>
          <item>
            <name>Economic performance and conditions</name>
          </item>
          <item>
            <name>Small business</name>
          </item>
        </legislativeSubjects>
        <policyArea>
          <name>Commerce</name>
        </policyArea>
      </billSubjects>
    </subjects>
    <introducedDate>2019-05-06</introducedDate>
    <billType>SRES</billType>
    <version>1.0.0</version>
    <relatedBills />
    <billNumber>191</billNumber>
  </bill>
  <dublinCore xmlns:dc="http://purl.org/dc/elements/1.1/">
    <dc:format>text/xml</dc:format>
    <dc:language>EN</dc:language>
    <dc:rights>Pursuant to Title 17 Section 105 of the United States Code, this file is not subject to copyright protection and is in the public domain.</dc:rights>
    <dc:contributor>Congressional Research Service, Library of Congress</dc:contributor>
    <dc:description>This file contains bill summaries and statuses for federal legislation. A bill summary describes the most significant provisions of a piece of legislation and details the effects the legislative text may have on current law and federal programs. Bill summaries are authored by the Congressional Research Service (CRS) of the Library of Congress. As stated in Public Law 91-510 (2 USC 166 (d)(6)), one of the duties of CRS is "to prepare summaries and digests of bills and resolutions of a public general nature introduced in the Senate or House of Representatives". For more information, refer to the User Guide that accompanies this file.</dc:description>
  </dublinCore>
</billStatus>

