<?xml version="1.0" encoding="UTF-8"?>
<billStatus>
  <bill>
    <notes />
    <cboCostEstimates />
    <updateDate>2019-08-03T07:56:11Z</updateDate>
    <laws />
    <actions>
      <actionTypeCounts>
        <passedAgreedToInSenate>1</passedAgreedToInSenate>
        <introducedInSenate>1</introducedInSenate>
        <passedOrAgreedToInSenateDayOf>1</passedOrAgreedToInSenateDayOf>
      </actionTypeCounts>
      <actionByCounts>
        <senate>3</senate>
      </actionByCounts>
      <item>
        <actionDate>2019-01-31</actionDate>
        <committee />
        <links>
          <link>
            <url>https://www.congress.gov/congressional-record/volume-165/senate-section/page/S811</url>
            <name>S811</name>
          </link>
          <link>
            <url>https://www.congress.gov/congressional-record/volume-165/senate-section/page/S815</url>
            <name>S815</name>
          </link>
        </links>
        <sourceSystem>
          <code>0</code>
          <name>Senate</name>
        </sourceSystem>
        <text>Submitted in the Senate, considered, and agreed to without amendment and with a preamble by Voice Vote. (consideration: CR S815; text: CR S811)</text>
        <type>Floor</type>
      </item>
      <item>
        <actionDate>2019-01-31</actionDate>
        <links>
          <link>
            <url>https://www.congress.gov/congressional-record/volume-165/senate-section/page/S811</url>
            <name>S811</name>
          </link>
          <link>
            <url>https://www.congress.gov/congressional-record/volume-165/senate-section/page/S815</url>
            <name>S815</name>
          </link>
        </links>
        <sourceSystem>
          <code>9</code>
          <name>Library of Congress</name>
        </sourceSystem>
        <type>Floor</type>
        <committee />
        <actionCode>17000</actionCode>
        <text>Passed/agreed to in Senate: Submitted in the Senate, considered, and agreed to without amendment and with a preamble by Voice Vote.(consideration: CR S815; text: CR S811)</text>
      </item>
      <item>
        <actionDate>2019-01-31</actionDate>
        <links />
        <sourceSystem>
          <code>9</code>
          <name>Library of Congress</name>
        </sourceSystem>
        <type>IntroReferral</type>
        <committee />
        <actionCode>10000</actionCode>
        <text>Introduced in Senate</text>
      </item>
    </actions>
    <billType>SRES</billType>
    <relatedBills>
      <item>
        <number>104</number>
        <latestTitle>Expressing support for designation of the week beginning February 3, 2019, as "National Tribal Colleges and Universities Week".</latestTitle>
        <latestAction>
          <text>Referred to the House Committee on Oversight and Reform.</text>
          <actionDate>2019-02-06</actionDate>
        </latestAction>
        <type>HRES</type>
        <relationshipDetails>
          <item>
            <type>Related bill</type>
            <identifiedBy>CRS</identifiedBy>
          </item>
        </relationshipDetails>
        <congress>116</congress>
      </item>
    </relatedBills>
    <committees>
      <billCommittees />
    </committees>
    <billNumber>37</billNumber>
    <latestAction>
      <text>Submitted in the Senate, considered, and agreed to without amendment and with a preamble by Voice Vote. (consideration: CR S815; text: CR S811)</text>
      <links />
      <actionDate>2019-01-31</actionDate>
    </latestAction>
    <textVersions>
      <item>
        <type>Agreed to Senate</type>
        <date>2019-01-31T05:00:00Z</date>
        <formats>
          <item>
            <url>https://www.govinfo.gov/content/pkg/BILLS-116sres37ats/xml/BILLS-116sres37ats.xml</url>
          </item>
        </formats>
      </item>
    </textVersions>
    <title>A resolution designating the week beginning February 3, 2019, as "National Tribal Colleges and Universities Week".</title>
    <summaries>
      <billSummaries>
        <item>
          <lastSummaryUpdateDate>2019-02-08T17:50:45Z</lastSummaryUpdateDate>
          <name>Introduced in Senate</name>
          <versionCode>00</versionCode>
          <updateDate>2019-01-31T05:00:00Z</updateDate>
          <actionDesc>Introduced in Senate</actionDesc>
          <actionDate>2019-01-31</actionDate>
          <text><![CDATA[<p>This resolution designates the week beginning on February 3, 2019, as National Tribal Colleges and Universities Week.</p>]]></text>
        </item>
        <item>
          <lastSummaryUpdateDate>2019-02-08T22:48:55Z</lastSummaryUpdateDate>
          <name>Passed Senate</name>
          <versionCode>55</versionCode>
          <updateDate>2019-01-31T15:27:59Z</updateDate>
          <actionDesc>Passed Senate</actionDesc>
          <actionDate>2019-01-31</actionDate>
          <text><![CDATA[<p>This resolution designates the week beginning on February 3, 2019, as National Tribal Colleges and Universities Week.</p>]]></text>
        </item>
      </billSummaries>
    </summaries>
    <policyArea>
      <name>Native Americans</name>
    </policyArea>
    <calendarNumbers />
    <version>1.0.0</version>
    <cosponsors>
      <item>
        <isOriginalCosponsor>True</isOriginalCosponsor>
        <state>MT</state>
        <party>R</party>
        <bioguideId>D000618</bioguideId>
        <fullName>Sen. Daines, Steve [R-MT]</fullName>
        <middleName />
        <sponsorshipDate>2019-01-31</sponsorshipDate>
        <lastName>Daines</lastName>
        <identifiers>
          <bioguideId>D000618</bioguideId>
          <gpoId />
          <lisID>2138</lisID>
        </identifiers>
        <firstName>Steve</firstName>
        <sponsorshipWithdrawnDate />
      </item>
      <item>
        <isOriginalCosponsor>True</isOriginalCosponsor>
        <state>ND</state>
        <party>R</party>
        <bioguideId>H001061</bioguideId>
        <fullName>Sen. Hoeven, John [R-ND]</fullName>
        <middleName />
        <sponsorshipDate>2019-01-31</sponsorshipDate>
        <lastName>Hoeven</lastName>
        <identifiers>
          <lisID>2079</lisID>
          <bioguideId>H001061</bioguideId>
          <gpoId>8331</gpoId>
        </identifiers>
        <firstName>John</firstName>
        <sponsorshipWithdrawnDate />
      </item>
      <item>
        <isOriginalCosponsor>True</isOriginalCosponsor>
        <state>NM</state>
        <party>D</party>
        <bioguideId>U000039</bioguideId>
        <fullName>Sen. Udall, Tom [D-NM]</fullName>
        <middleName />
        <sponsorshipDate>2019-01-31</sponsorshipDate>
        <lastName>UDALL</lastName>
        <identifiers>
          <bioguideId>U000039</bioguideId>
          <gpoId>8260</gpoId>
          <lisID>1567</lisID>
        </identifiers>
        <firstName>TOM</firstName>
        <sponsorshipWithdrawnDate />
      </item>
      <item>
        <isOriginalCosponsor>True</isOriginalCosponsor>
        <state>MA</state>
        <party>D</party>
        <bioguideId>W000817</bioguideId>
        <fullName>Sen. Warren, Elizabeth [D-MA]</fullName>
        <middleName>A.</middleName>
        <sponsorshipDate>2019-01-31</sponsorshipDate>
        <lastName>Warren</lastName>
        <identifiers>
          <gpoId />
          <lisID>2182</lisID>
          <bioguideId>W000817</bioguideId>
        </identifiers>
        <firstName>Elizabeth</firstName>
        <sponsorshipWithdrawnDate />
      </item>
      <item>
        <isOriginalCosponsor>True</isOriginalCosponsor>
        <state>CO</state>
        <party>D</party>
        <bioguideId>B001267</bioguideId>
        <fullName>Sen. Bennet, Michael F. [D-CO]</fullName>
        <middleName>F.</middleName>
        <sponsorshipDate>2019-01-31</sponsorshipDate>
        <lastName>Bennet</lastName>
        <identifiers>
          <bioguideId>B001267</bioguideId>
          <gpoId>8302</gpoId>
          <lisID>1965</lisID>
        </identifiers>
        <firstName>Michael</firstName>
        <sponsorshipWithdrawnDate />
      </item>
      <item>
        <isOriginalCosponsor>True</isOriginalCosponsor>
        <state>MN</state>
        <party>D</party>
        <bioguideId>S001203</bioguideId>
        <fullName>Sen. Smith, Tina  [D-MN]</fullName>
        <middleName />
        <sponsorshipDate>2019-01-31</sponsorshipDate>
        <lastName>Smith</lastName>
        <identifiers>
          <bioguideId>S001203</bioguideId>
          <gpoId />
          <lisID>2365</lisID>
        </identifiers>
        <firstName>Tina</firstName>
        <sponsorshipWithdrawnDate />
      </item>
      <item>
        <isOriginalCosponsor>True</isOriginalCosponsor>
        <state>WI</state>
        <party>D</party>
        <bioguideId>B001230</bioguideId>
        <fullName>Sen. Baldwin, Tammy [D-WI]</fullName>
        <middleName />
        <sponsorshipDate>2019-01-31</sponsorshipDate>
        <lastName>Baldwin</lastName>
        <identifiers>
          <lisID>1558</lisID>
          <gpoId>8215</gpoId>
          <bioguideId>B001230</bioguideId>
        </identifiers>
        <firstName>Tammy</firstName>
        <sponsorshipWithdrawnDate />
      </item>
      <item>
        <isOriginalCosponsor>True</isOriginalCosponsor>
        <state>NM</state>
        <party>D</party>
        <bioguideId>H001046</bioguideId>
        <fullName>Sen. Heinrich, Martin [D-NM]</fullName>
        <middleName />
        <sponsorshipDate>2019-01-31</sponsorshipDate>
        <lastName>Heinrich</lastName>
        <identifiers>
          <lisID>1937</lisID>
          <gpoId>8056</gpoId>
          <bioguideId>H001046</bioguideId>
        </identifiers>
        <firstName>Martin</firstName>
        <sponsorshipWithdrawnDate />
      </item>
      <item>
        <isOriginalCosponsor>True</isOriginalCosponsor>
        <state>CA</state>
        <party>D</party>
        <bioguideId>H001075</bioguideId>
        <fullName>Sen. Harris, Kamala D. [D-CA]</fullName>
        <middleName>D.</middleName>
        <sponsorshipDate>2019-01-31</sponsorshipDate>
        <lastName>Harris</lastName>
        <identifiers>
          <bioguideId>H001075</bioguideId>
          <gpoId />
          <lisID>2301</lisID>
        </identifiers>
        <firstName>Kamala</firstName>
        <sponsorshipWithdrawnDate />
      </item>
      <item>
        <isOriginalCosponsor>True</isOriginalCosponsor>
        <state>KS</state>
        <party>R</party>
        <bioguideId>M000934</bioguideId>
        <fullName>Sen. Moran, Jerry [R-KS]</fullName>
        <middleName />
        <sponsorshipDate>2019-01-31</sponsorshipDate>
        <lastName>Moran</lastName>
        <identifiers>
          <gpoId>8307</gpoId>
          <lisID>1507</lisID>
          <bioguideId>M000934</bioguideId>
        </identifiers>
        <firstName>Jerry</firstName>
        <sponsorshipWithdrawnDate />
      </item>
      <item>
        <isOriginalCosponsor>True</isOriginalCosponsor>
        <state>MN</state>
        <party>D</party>
        <bioguideId>K000367</bioguideId>
        <fullName>Sen. Klobuchar, Amy [D-MN]</fullName>
        <middleName />
        <sponsorshipDate>2019-01-31</sponsorshipDate>
        <lastName>Klobuchar</lastName>
        <identifiers>
          <bioguideId>K000367</bioguideId>
          <gpoId>8249</gpoId>
          <lisID>1826</lisID>
        </identifiers>
        <firstName>Amy</firstName>
        <sponsorshipWithdrawnDate />
      </item>
      <item>
        <isOriginalCosponsor>True</isOriginalCosponsor>
        <state>WA</state>
        <party>D</party>
        <bioguideId>M001111</bioguideId>
        <fullName>Sen. Murray, Patty [D-WA]</fullName>
        <middleName />
        <sponsorshipDate>2019-01-31</sponsorshipDate>
        <lastName>MURRAY</lastName>
        <identifiers>
          <lisID>1409</lisID>
          <gpoId>8237</gpoId>
          <bioguideId>M001111</bioguideId>
        </identifiers>
        <firstName>PATTY</firstName>
        <sponsorshipWithdrawnDate />
      </item>
      <item>
        <isOriginalCosponsor>True</isOriginalCosponsor>
        <state>WY</state>
        <party>R</party>
        <bioguideId>B001261</bioguideId>
        <fullName>Sen. Barrasso, John [R-WY]</fullName>
        <middleName />
        <sponsorshipDate>2019-01-31</sponsorshipDate>
        <lastName>Barrasso</lastName>
        <identifiers>
          <lisID>1881</lisID>
          <bioguideId>B001261</bioguideId>
          <gpoId>8300</gpoId>
        </identifiers>
        <firstName>John</firstName>
        <sponsorshipWithdrawnDate />
      </item>
      <item>
        <isOriginalCosponsor>True</isOriginalCosponsor>
        <state>SD</state>
        <party>R</party>
        <bioguideId>R000605</bioguideId>
        <fullName>Sen. Rounds, Mike  [R-SD]</fullName>
        <middleName />
        <sponsorshipDate>2019-01-31</sponsorshipDate>
        <lastName>Rounds</lastName>
        <identifiers>
          <bioguideId>R000605</bioguideId>
          <gpoId />
          <lisID>2288</lisID>
        </identifiers>
        <firstName>Mike</firstName>
        <sponsorshipWithdrawnDate />
      </item>
      <item>
        <isOriginalCosponsor>True</isOriginalCosponsor>
        <state>ND</state>
        <party>R</party>
        <bioguideId>C001096</bioguideId>
        <fullName>Sen. Cramer, Kevin [R-ND]</fullName>
        <middleName />
        <sponsorshipDate>2019-01-31</sponsorshipDate>
        <lastName>Cramer</lastName>
        <identifiers>
          <lisID>2144</lisID>
          <bioguideId>C001096</bioguideId>
          <gpoId />
        </identifiers>
        <firstName>Kevin</firstName>
        <sponsorshipWithdrawnDate />
      </item>
      <item>
        <isOriginalCosponsor>True</isOriginalCosponsor>
        <state>VT</state>
        <party>I</party>
        <bioguideId>S000033</bioguideId>
        <fullName>Sen. Sanders, Bernard [I-VT]</fullName>
        <middleName />
        <sponsorshipDate>2019-01-31</sponsorshipDate>
        <lastName>Sanders</lastName>
        <identifiers>
          <gpoId>8270</gpoId>
          <lisID>1010</lisID>
          <bioguideId>S000033</bioguideId>
        </identifiers>
        <firstName>Bernard</firstName>
        <sponsorshipWithdrawnDate />
      </item>
      <item>
        <isOriginalCosponsor>True</isOriginalCosponsor>
        <state>SD</state>
        <party>R</party>
        <bioguideId>T000250</bioguideId>
        <fullName>Sen. Thune, John [R-SD]</fullName>
        <middleName>R.</middleName>
        <sponsorshipDate>2019-01-31</sponsorshipDate>
        <lastName>THUNE</lastName>
        <identifiers>
          <lisID>1534</lisID>
          <gpoId>8257</gpoId>
          <bioguideId>T000250</bioguideId>
        </identifiers>
        <firstName>JOHN</firstName>
        <sponsorshipWithdrawnDate />
      </item>
      <item>
        <isOriginalCosponsor>True</isOriginalCosponsor>
        <state>CA</state>
        <party>D</party>
        <bioguideId>F000062</bioguideId>
        <fullName>Sen. Feinstein, Dianne [D-CA]</fullName>
        <middleName />
        <sponsorshipDate>2019-01-31</sponsorshipDate>
        <lastName>FEINSTEIN</lastName>
        <identifiers>
          <gpoId>8338</gpoId>
          <lisID>1332</lisID>
          <bioguideId>F000062</bioguideId>
        </identifiers>
        <firstName>DIANNE</firstName>
        <sponsorshipWithdrawnDate />
      </item>
      <item>
        <isOriginalCosponsor>True</isOriginalCosponsor>
        <state>AZ</state>
        <party>D</party>
        <bioguideId>S001191</bioguideId>
        <fullName>Sen. Sinema, Kyrsten [D-AZ]</fullName>
        <middleName />
        <sponsorshipDate>2019-01-31</sponsorshipDate>
        <lastName>Sinema</lastName>
        <identifiers>
          <gpoId />
          <lisID>2099</lisID>
          <bioguideId>S001191</bioguideId>
        </identifiers>
        <firstName>Kyrsten</firstName>
        <sponsorshipWithdrawnDate />
      </item>
      <item>
        <isOriginalCosponsor>True</isOriginalCosponsor>
        <state>MI</state>
        <party>D</party>
        <bioguideId>S000770</bioguideId>
        <fullName>Sen. Stabenow, Debbie [D-MI]</fullName>
        <middleName>ANN</middleName>
        <sponsorshipDate>2019-01-31</sponsorshipDate>
        <lastName>STABENOW</lastName>
        <identifiers>
          <lisID>1531</lisID>
          <gpoId>8261</gpoId>
          <bioguideId>S000770</bioguideId>
        </identifiers>
        <firstName>DEBORAH</firstName>
        <sponsorshipWithdrawnDate />
      </item>
      <item>
        <isOriginalCosponsor>True</isOriginalCosponsor>
        <state>WA</state>
        <party>D</party>
        <bioguideId>C000127</bioguideId>
        <fullName>Sen. Cantwell, Maria [D-WA]</fullName>
        <middleName />
        <sponsorshipDate>2019-01-31</sponsorshipDate>
        <lastName>CANTWELL</lastName>
        <identifiers>
          <gpoId>8288</gpoId>
          <lisID>172</lisID>
          <bioguideId>C000127</bioguideId>
        </identifiers>
        <firstName>MARIA</firstName>
        <sponsorshipWithdrawnDate />
      </item>
      <item>
        <isOriginalCosponsor>True</isOriginalCosponsor>
        <state>AK</state>
        <party>R</party>
        <bioguideId>S001198</bioguideId>
        <fullName>Sen. Sullivan, Dan  [R-AK]</fullName>
        <middleName />
        <sponsorshipDate>2019-01-31</sponsorshipDate>
        <lastName>Sullivan</lastName>
        <identifiers>
          <lisID>2290</lisID>
          <gpoId />
          <bioguideId>S001198</bioguideId>
        </identifiers>
        <firstName>Dan</firstName>
        <sponsorshipWithdrawnDate />
      </item>
      <item>
        <isOriginalCosponsor>True</isOriginalCosponsor>
        <state>MI</state>
        <party>D</party>
        <bioguideId>P000595</bioguideId>
        <fullName>Sen. Peters, Gary C. [D-MI]</fullName>
        <middleName>C.</middleName>
        <sponsorshipDate>2019-01-31</sponsorshipDate>
        <lastName>Peters</lastName>
        <identifiers>
          <bioguideId>P000595</bioguideId>
          <gpoId>7994</gpoId>
          <lisID>1929</lisID>
        </identifiers>
        <firstName>Gary</firstName>
        <sponsorshipWithdrawnDate />
      </item>
    </cosponsors>
    <amendments />
    <titles>
      <item>
        <titleType>Official Title as Introduced</titleType>
        <chamberName />
        <parentTitleType />
        <title>A resolution designating the week beginning February 3, 2019, as "National Tribal Colleges and Universities Week".</title>
        <chamberCode />
      </item>
      <item>
        <titleType>Display Title</titleType>
        <chamberName />
        <parentTitleType />
        <title>A resolution designating the week beginning February 3, 2019, as "National Tribal Colleges and Universities Week".</title>
        <chamberCode />
      </item>
    </titles>
    <subjects>
      <billSubjects>
        <legislativeSubjects>
          <item>
            <name>Commemorative events and holidays</name>
          </item>
          <item>
            <name>Higher education</name>
          </item>
          <item>
            <name>Indian social and development programs</name>
          </item>
          <item>
            <name>Minority education</name>
          </item>
        </legislativeSubjects>
        <policyArea>
          <name>Native Americans</name>
        </policyArea>
      </billSubjects>
    </subjects>
    <sponsors>
      <item>
        <state>MT</state>
        <party>D</party>
        <fullName>Sen. Tester, Jon [D-MT]</fullName>
        <identifiers>
          <lisID>1829</lisID>
          <bioguideId>T000464</bioguideId>
          <gpoId>8258</gpoId>
        </identifiers>
        <lastName>Tester</lastName>
        <bioguideId>T000464</bioguideId>
        <firstName>Jon</firstName>
        <middleName />
        <byRequestType />
      </item>
    </sponsors>
    <createDate>2019-02-01T05:40:15Z</createDate>
    <introducedDate>2019-01-31</introducedDate>
    <committeeReports />
    <originChamber>Senate</originChamber>
    <recordedVotes />
    <congress>116</congress>
  </bill>
  <dublinCore xmlns:dc="http://purl.org/dc/elements/1.1/">
    <dc:format>text/xml</dc:format>
    <dc:language>EN</dc:language>
    <dc:rights>Pursuant to Title 17 Section 105 of the United States Code, this file is not subject to copyright protection and is in the public domain.</dc:rights>
    <dc:contributor>Congressional Research Service, Library of Congress</dc:contributor>
    <dc:description>This file contains bill summaries and statuses for federal legislation. A bill summary describes the most significant provisions of a piece of legislation and details the effects the legislative text may have on current law and federal programs. Bill summaries are authored by the Congressional Research Service (CRS) of the Library of Congress. As stated in Public Law 91-510 (2 USC 166 (d)(6)), one of the duties of CRS is "to prepare summaries and digests of bills and resolutions of a public general nature introduced in the Senate or House of Representatives". For more information, refer to the User Guide that accompanies this file.</dc:description>
  </dublinCore>
</billStatus>

