<?xml version="1.0" encoding="UTF-8"?>
<billStatus>
  <bill>
    <notes />
    <title>A resolution honoring the memory of the victims of the heinous attack at the Pulse nightclub on June 12, 2016.</title>
    <congress>116</congress>
    <createDate>2019-06-13T04:57:12Z</createDate>
    <policyArea>
      <name>Crime and Law Enforcement</name>
    </policyArea>
    <billNumber>246</billNumber>
    <originChamber>Senate</originChamber>
    <calendarNumbers />
    <cboCostEstimates />
    <amendments />
    <relatedBills />
    <introducedDate>2019-06-12</introducedDate>
    <committees>
      <billCommittees />
    </committees>
    <billType>SRES</billType>
    <recordedVotes />
    <actions>
      <actionByCounts>
        <senate>3</senate>
      </actionByCounts>
      <actionTypeCounts>
        <passedAgreedToInSenate>1</passedAgreedToInSenate>
        <passedOrAgreedToInSenateDayOf>1</passedOrAgreedToInSenateDayOf>
        <introducedInSenate>1</introducedInSenate>
      </actionTypeCounts>
      <item>
        <actionDate>2019-06-12</actionDate>
        <committee />
        <links>
          <link>
            <url>https://www.congress.gov/congressional-record/volume-165/senate-section/page/S3330-3331</url>
            <name>S3330-3331</name>
          </link>
          <link>
            <url>https://www.congress.gov/congressional-record/volume-165/senate-section/page/S3367</url>
            <name>S3367</name>
          </link>
        </links>
        <sourceSystem>
          <code>0</code>
          <name>Senate</name>
        </sourceSystem>
        <text>Submitted in the Senate, considered, and agreed to without amendment and with a preamble by Unanimous Consent. (consideration: CR S3330-3331; text: CR S3367)</text>
        <type>Floor</type>
      </item>
      <item>
        <text>Passed/agreed to in Senate: Submitted in the Senate, considered, and agreed to without amendment and with a preamble by Unanimous Consent.(consideration: CR S3330-3331; text: CR S3367)</text>
        <type>Floor</type>
        <actionDate>2019-06-12</actionDate>
        <links>
          <link>
            <url>https://www.congress.gov/congressional-record/volume-165/senate-section/page/S3330-3331</url>
            <name>S3330-3331</name>
          </link>
          <link>
            <url>https://www.congress.gov/congressional-record/volume-165/senate-section/page/S3367</url>
            <name>S3367</name>
          </link>
        </links>
        <actionCode>17000</actionCode>
        <sourceSystem>
          <code>9</code>
          <name>Library of Congress</name>
        </sourceSystem>
        <committee />
      </item>
      <item>
        <text>Introduced in Senate</text>
        <type>IntroReferral</type>
        <actionDate>2019-06-12</actionDate>
        <links />
        <actionCode>10000</actionCode>
        <sourceSystem>
          <code>9</code>
          <name>Library of Congress</name>
        </sourceSystem>
        <committee />
      </item>
    </actions>
    <updateDate>2019-11-05T13:35:01Z</updateDate>
    <version>1.0.0</version>
    <committeeReports />
    <laws />
    <subjects>
      <billSubjects>
        <legislativeSubjects>
          <item>
            <name>Commemorative events and holidays</name>
          </item>
          <item>
            <name>Congressional tributes</name>
          </item>
          <item>
            <name>Crime victims</name>
          </item>
          <item>
            <name>Emergency medical services and trauma care</name>
          </item>
          <item>
            <name>First responders and emergency personnel</name>
          </item>
          <item>
            <name>Florida</name>
          </item>
          <item>
            <name>Hate crimes</name>
          </item>
          <item>
            <name>Law enforcement officers</name>
          </item>
          <item>
            <name>Terrorism</name>
          </item>
          <item>
            <name>Violent crime</name>
          </item>
        </legislativeSubjects>
        <policyArea>
          <name>Crime and Law Enforcement</name>
        </policyArea>
      </billSubjects>
    </subjects>
    <sponsors>
      <item>
        <fullName>Sen. Scott, Rick  [R-FL]</fullName>
        <lastName>Scott</lastName>
        <middleName />
        <state>FL</state>
        <bioguideId>S001217</bioguideId>
        <identifiers>
          <bioguideId>S001217</bioguideId>
          <lisID>2470</lisID>
          <gpoId />
        </identifiers>
        <firstName>Rick</firstName>
        <byRequestType />
        <party>R</party>
      </item>
    </sponsors>
    <latestAction>
      <actionDate>2019-06-12</actionDate>
      <links />
      <text>Submitted in the Senate, considered, and agreed to without amendment and with a preamble by Unanimous Consent. (consideration: CR S3330-3331; text: CR S3367)</text>
    </latestAction>
    <summaries>
      <billSummaries>
        <item>
          <text><![CDATA[<p>This resolution commemorates the 49 victims killed in the attack at the Pulse nightclub in Orlando, Florida, on June 12, 2016.</p> <p>It also offers heartfelt condolences to the families, loved ones, and friends of the victims.</p>]]></text>
          <lastSummaryUpdateDate>2019-07-24T20:29:45Z</lastSummaryUpdateDate>
          <name>Introduced in Senate</name>
          <versionCode>00</versionCode>
          <actionDesc>Introduced in Senate</actionDesc>
          <updateDate>2019-06-12T04:00:00Z</updateDate>
          <actionDate>2019-06-12</actionDate>
        </item>
        <item>
          <text><![CDATA[<p>This resolution commemorates the 49 victims killed in the attack at the Pulse nightclub in Orlando, Florida, on June 12, 2016.</p> <p>It also offers heartfelt condolences to the families, loved ones, and friends of the victims.</p>]]></text>
          <lastSummaryUpdateDate>2019-07-26T14:56:51Z</lastSummaryUpdateDate>
          <name>Passed Senate</name>
          <versionCode>55</versionCode>
          <actionDesc>Passed Senate</actionDesc>
          <updateDate>2019-06-12T18:29:29Z</updateDate>
          <actionDate>2019-06-12</actionDate>
        </item>
      </billSummaries>
    </summaries>
    <cosponsors>
      <item>
        <fullName>Sen. Rubio, Marco [R-FL]</fullName>
        <isOriginalCosponsor>True</isOriginalCosponsor>
        <lastName>Rubio</lastName>
        <middleName />
        <state>FL</state>
        <bioguideId>R000595</bioguideId>
        <identifiers>
          <lisID>2084</lisID>
          <bioguideId>R000595</bioguideId>
          <gpoId>8242</gpoId>
        </identifiers>
        <sponsorshipDate>2019-06-12</sponsorshipDate>
        <firstName>Marco</firstName>
        <sponsorshipWithdrawnDate />
        <party>R</party>
      </item>
    </cosponsors>
    <textVersions>
      <item>
        <type>Agreed to Senate</type>
        <date>2019-06-12T04:00:00Z</date>
        <formats>
          <item>
            <url>https://www.govinfo.gov/content/pkg/BILLS-116sres246ats/xml/BILLS-116sres246ats.xml</url>
          </item>
        </formats>
      </item>
    </textVersions>
    <titles>
      <item>
        <chamberCode />
        <titleType>Official Title as Introduced</titleType>
        <parentTitleType />
        <title>A resolution honoring the memory of the victims of the heinous attack at the Pulse nightclub on June 12, 2016.</title>
        <chamberName />
      </item>
      <item>
        <chamberCode />
        <titleType>Display Title</titleType>
        <parentTitleType />
        <title>A resolution honoring the memory of the victims of the heinous attack at the Pulse nightclub on June 12, 2016.</title>
        <chamberName />
      </item>
    </titles>
  </bill>
  <dublinCore xmlns:dc="http://purl.org/dc/elements/1.1/">
    <dc:format>text/xml</dc:format>
    <dc:language>EN</dc:language>
    <dc:rights>Pursuant to Title 17 Section 105 of the United States Code, this file is not subject to copyright protection and is in the public domain.</dc:rights>
    <dc:contributor>Congressional Research Service, Library of Congress</dc:contributor>
    <dc:description>This file contains bill summaries and statuses for federal legislation. A bill summary describes the most significant provisions of a piece of legislation and details the effects the legislative text may have on current law and federal programs. Bill summaries are authored by the Congressional Research Service (CRS) of the Library of Congress. As stated in Public Law 91-510 (2 USC 166 (d)(6)), one of the duties of CRS is "to prepare summaries and digests of bills and resolutions of a public general nature introduced in the Senate or House of Representatives". For more information, refer to the User Guide that accompanies this file.</dc:description>
  </dublinCore>
</billStatus>

