<?xml version="1.0" encoding="UTF-8"?>
<billStatus>
  <bill>
    <notes />
    <billType>SRES</billType>
    <relatedBills />
    <policyArea>
      <name>Sports and Recreation</name>
    </policyArea>
    <cboCostEstimates />
    <billNumber>185</billNumber>
    <createDate>2019-05-03T04:42:09Z</createDate>
    <committeeReports />
    <committees>
      <billCommittees />
    </committees>
    <amendments />
    <updateDate>2019-08-28T04:27:12Z</updateDate>
    <originChamber>Senate</originChamber>
    <latestAction>
      <links />
      <actionDate>2019-05-02</actionDate>
      <text>Submitted in the Senate, considered, and agreed to without amendment and with a preamble by Unanimous Consent. (consideration: CR S2623; text: CR S2620-2621)</text>
    </latestAction>
    <calendarNumbers />
    <titles>
      <item>
        <parentTitleType />
        <chamberName />
        <chamberCode />
        <titleType>Official Title as Introduced</titleType>
        <title>A resolution commending the Northwest Missouri State University Bearcats men's basketball team for another National Collegiate Athletic Association Division II national championship victory.</title>
      </item>
      <item>
        <parentTitleType />
        <chamberName />
        <chamberCode />
        <titleType>Display Title</titleType>
        <title>A resolution commending the Northwest Missouri State University Bearcats men's basketball team for another National Collegiate Athletic Association Division II national championship victory.</title>
      </item>
    </titles>
    <introducedDate>2019-05-02</introducedDate>
    <laws />
    <congress>116</congress>
    <subjects>
      <billSubjects>
        <policyArea>
          <name>Sports and Recreation</name>
        </policyArea>
        <legislativeSubjects>
          <item>
            <name>Athletes</name>
          </item>
          <item>
            <name>Congressional tributes</name>
          </item>
          <item>
            <name>Higher education</name>
          </item>
          <item>
            <name>Missouri</name>
          </item>
          <item>
            <name>School athletics</name>
          </item>
        </legislativeSubjects>
      </billSubjects>
    </subjects>
    <textVersions>
      <item>
        <type>Agreed to Senate</type>
        <date>2019-05-02T04:00:00Z</date>
        <formats>
          <item>
            <url>https://www.govinfo.gov/content/pkg/BILLS-116sres185ats/xml/BILLS-116sres185ats.xml</url>
          </item>
        </formats>
      </item>
    </textVersions>
    <title>A resolution commending the Northwest Missouri State University Bearcats men's basketball team for another National Collegiate Athletic Association Division II national championship victory.</title>
    <actions>
      <item>
        <actionDate>2019-05-02</actionDate>
        <committee />
        <links>
          <link>
            <url>https://www.congress.gov/congressional-record/volume-165/senate-section/page/S2620-2621</url>
            <name>S2620-2621</name>
          </link>
          <link>
            <url>https://www.congress.gov/congressional-record/volume-165/senate-section/page/S2623</url>
            <name>S2623</name>
          </link>
        </links>
        <sourceSystem>
          <name>Senate</name>
          <code>0</code>
        </sourceSystem>
        <text>Submitted in the Senate, considered, and agreed to without amendment and with a preamble by Unanimous Consent. (consideration: CR S2623; text: CR S2620-2621)</text>
        <type>Floor</type>
      </item>
      <item>
        <links>
          <link>
            <url>https://www.congress.gov/congressional-record/volume-165/senate-section/page/S2620-2621</url>
            <name>S2620-2621</name>
          </link>
          <link>
            <url>https://www.congress.gov/congressional-record/volume-165/senate-section/page/S2623</url>
            <name>S2623</name>
          </link>
        </links>
        <type>Floor</type>
        <sourceSystem>
          <name>Library of Congress</name>
          <code>9</code>
        </sourceSystem>
        <committee />
        <actionDate>2019-05-02</actionDate>
        <actionCode>17000</actionCode>
        <text>Passed/agreed to in Senate: Submitted in the Senate, considered, and agreed to without amendment and with a preamble by Unanimous Consent.(consideration: CR S2623; text: CR S2620-2621)</text>
      </item>
      <item>
        <links />
        <type>IntroReferral</type>
        <sourceSystem>
          <name>Library of Congress</name>
          <code>9</code>
        </sourceSystem>
        <committee />
        <actionDate>2019-05-02</actionDate>
        <actionCode>10000</actionCode>
        <text>Introduced in Senate</text>
      </item>
      <actionByCounts>
        <senate>3</senate>
      </actionByCounts>
      <actionTypeCounts>
        <passedOrAgreedToInSenateDayOf>1</passedOrAgreedToInSenateDayOf>
        <passedAgreedToInSenate>1</passedAgreedToInSenate>
        <introducedInSenate>1</introducedInSenate>
      </actionTypeCounts>
    </actions>
    <cosponsors>
      <item>
        <bioguideId>H001089</bioguideId>
        <middleName />
        <party>R</party>
        <identifiers>
          <lisID>2464</lisID>
          <bioguideId>H001089</bioguideId>
          <gpoId />
        </identifiers>
        <state>MO</state>
        <firstName>Josh</firstName>
        <sponsorshipDate>2019-05-02</sponsorshipDate>
        <sponsorshipWithdrawnDate />
        <lastName>Hawley</lastName>
        <fullName>Sen. Hawley, Josh  [R-MO]</fullName>
        <isOriginalCosponsor>True</isOriginalCosponsor>
      </item>
    </cosponsors>
    <summaries>
      <billSummaries>
        <item>
          <versionCode>00</versionCode>
          <lastSummaryUpdateDate>2019-06-21T14:25:45Z</lastSummaryUpdateDate>
          <actionDesc>Introduced in Senate</actionDesc>
          <actionDate>2019-05-02</actionDate>
          <updateDate>2019-05-02T04:00:00Z</updateDate>
          <text><![CDATA[<p>This resolution commends the Northwest Missouri State University Bearcats men's basketball team for another National Collegiate Athletic Association Division II national championship victory in men's basketball.</p>]]></text>
          <name>Introduced in Senate</name>
        </item>
        <item>
          <versionCode>55</versionCode>
          <lastSummaryUpdateDate>2019-08-23T21:10:43Z</lastSummaryUpdateDate>
          <actionDesc>Passed Senate</actionDesc>
          <actionDate>2019-05-02</actionDate>
          <updateDate>2019-05-02T13:56:47Z</updateDate>
          <text><![CDATA[<p>This resolution commends the Northwest Missouri State University Bearcats men's basketball team for another National Collegiate Athletic Association Division II national championship victory in men's basketball.</p>]]></text>
          <name>Passed Senate</name>
        </item>
      </billSummaries>
    </summaries>
    <recordedVotes />
    <version>1.0.0</version>
    <sponsors>
      <item>
        <fullName>Sen. Blunt, Roy [R-MO]</fullName>
        <identifiers>
          <gpoId>8313</gpoId>
          <bioguideId>B000575</bioguideId>
          <lisID>1464</lisID>
        </identifiers>
        <party>R</party>
        <byRequestType />
        <bioguideId>B000575</bioguideId>
        <lastName>Blunt</lastName>
        <firstName>Roy</firstName>
        <state>MO</state>
        <middleName />
      </item>
    </sponsors>
  </bill>
  <dublinCore xmlns:dc="http://purl.org/dc/elements/1.1/">
    <dc:format>text/xml</dc:format>
    <dc:language>EN</dc:language>
    <dc:rights>Pursuant to Title 17 Section 105 of the United States Code, this file is not subject to copyright protection and is in the public domain.</dc:rights>
    <dc:contributor>Congressional Research Service, Library of Congress</dc:contributor>
    <dc:description>This file contains bill summaries and statuses for federal legislation. A bill summary describes the most significant provisions of a piece of legislation and details the effects the legislative text may have on current law and federal programs. Bill summaries are authored by the Congressional Research Service (CRS) of the Library of Congress. As stated in Public Law 91-510 (2 USC 166 (d)(6)), one of the duties of CRS is "to prepare summaries and digests of bills and resolutions of a public general nature introduced in the Senate or House of Representatives". For more information, refer to the User Guide that accompanies this file.</dc:description>
  </dublinCore>
</billStatus>

