<?xml version="1.0" encoding="UTF-8"?>
<billStatus>
  <bill>
    <summaries>
      <billSummaries>
        <item>
          <actionDate>2019-03-07</actionDate>
          <versionCode>00</versionCode>
          <actionDesc>Introduced in Senate</actionDesc>
          <text><![CDATA[<p>This resolution celebrates the successes of American Indian, Alaska Native, and Native Hawaiian women and the contributions they have made in the United States. The resolution also recognizes the importance of supporting equity, providing safety, and upholding the interests of these women.</p>]]></text>
          <updateDate>2019-03-07T05:00:00Z</updateDate>
          <lastSummaryUpdateDate>2019-09-27T14:10:09Z</lastSummaryUpdateDate>
          <name>Introduced in Senate</name>
        </item>
        <item>
          <actionDate>2019-03-28</actionDate>
          <versionCode>55</versionCode>
          <actionDesc>Passed Senate</actionDesc>
          <text><![CDATA[<p>This resolution celebrates the successes of American Indian, Alaska Native, and Native Hawaiian women and the contributions they have made in the United States. The resolution also recognizes the importance of supporting equity, providing safety, and upholding the interests of these women.</p>]]></text>
          <updateDate>2019-03-28T14:04:46Z</updateDate>
          <lastSummaryUpdateDate>2019-09-27T18:48:44Z</lastSummaryUpdateDate>
          <name>Passed Senate</name>
        </item>
      </billSummaries>
    </summaries>
    <updateDate>2019-10-02T04:27:37Z</updateDate>
    <subjects>
      <billSubjects>
        <legislativeSubjects>
          <item>
            <name>Alaska Natives and Hawaiians</name>
          </item>
          <item>
            <name>Congressional tributes</name>
          </item>
          <item>
            <name>Indian social and development programs</name>
          </item>
          <item>
            <name>Racial and ethnic relations</name>
          </item>
          <item>
            <name>Women's employment</name>
          </item>
          <item>
            <name>Women's rights</name>
          </item>
        </legislativeSubjects>
        <policyArea>
          <name>Native Americans</name>
        </policyArea>
      </billSubjects>
    </subjects>
    <committeeReports />
    <createDate>2019-03-08T05:42:06Z</createDate>
    <sponsors>
      <item>
        <bioguideId>M001153</bioguideId>
        <byRequestType />
        <fullName>Sen. Murkowski, Lisa [R-AK]</fullName>
        <party>R</party>
        <state>AK</state>
        <middleName />
        <identifiers>
          <lisID>1694</lisID>
          <gpoId>8234</gpoId>
          <bioguideId>M001153</bioguideId>
        </identifiers>
        <lastName>Murkowski</lastName>
        <firstName>Lisa</firstName>
      </item>
    </sponsors>
    <policyArea>
      <name>Native Americans</name>
    </policyArea>
    <billType>SRES</billType>
    <latestAction>
      <actionDate>2019-03-28</actionDate>
      <text>Resolution agreed to in Senate without amendment and with a preamble by Voice Vote. (text: CR 3/7/2019 S1743-1744)</text>
      <links />
    </latestAction>
    <notes />
    <cosponsors>
      <item>
        <sponsorshipWithdrawnDate />
        <identifiers>
          <bioguideId>U000039</bioguideId>
          <gpoId>8260</gpoId>
          <lisID>1567</lisID>
        </identifiers>
        <sponsorshipDate>2019-03-07</sponsorshipDate>
        <isOriginalCosponsor>True</isOriginalCosponsor>
        <lastName>UDALL</lastName>
        <firstName>TOM</firstName>
        <middleName />
        <fullName>Sen. Udall, Tom [D-NM]</fullName>
        <party>D</party>
        <bioguideId>U000039</bioguideId>
        <state>NM</state>
      </item>
      <item>
        <sponsorshipWithdrawnDate />
        <identifiers>
          <lisID>1558</lisID>
          <gpoId>8215</gpoId>
          <bioguideId>B001230</bioguideId>
        </identifiers>
        <sponsorshipDate>2019-03-07</sponsorshipDate>
        <isOriginalCosponsor>True</isOriginalCosponsor>
        <lastName>Baldwin</lastName>
        <firstName>Tammy</firstName>
        <middleName />
        <fullName>Sen. Baldwin, Tammy [D-WI]</fullName>
        <party>D</party>
        <bioguideId>B001230</bioguideId>
        <state>WI</state>
      </item>
      <item>
        <sponsorshipWithdrawnDate />
        <identifiers>
          <bioguideId>B001277</bioguideId>
          <lisID>2076</lisID>
          <gpoId>8332</gpoId>
        </identifiers>
        <sponsorshipDate>2019-03-07</sponsorshipDate>
        <isOriginalCosponsor>True</isOriginalCosponsor>
        <lastName>Blumenthal</lastName>
        <firstName>Richard</firstName>
        <middleName />
        <fullName>Sen. Blumenthal, Richard [D-CT]</fullName>
        <party>D</party>
        <bioguideId>B001277</bioguideId>
        <state>CT</state>
      </item>
      <item>
        <sponsorshipWithdrawnDate />
        <identifiers>
          <lisID>2194</lisID>
          <gpoId />
          <bioguideId>B001288</bioguideId>
        </identifiers>
        <sponsorshipDate>2019-03-07</sponsorshipDate>
        <isOriginalCosponsor>True</isOriginalCosponsor>
        <lastName>Booker</lastName>
        <firstName>Cory</firstName>
        <middleName>A.</middleName>
        <fullName>Sen. Booker, Cory A. [D-NJ]</fullName>
        <party>D</party>
        <bioguideId>B001288</bioguideId>
        <state>NJ</state>
      </item>
      <item>
        <sponsorshipWithdrawnDate />
        <identifiers>
          <bioguideId>C000127</bioguideId>
          <lisID>172</lisID>
          <gpoId>8288</gpoId>
        </identifiers>
        <sponsorshipDate>2019-03-07</sponsorshipDate>
        <isOriginalCosponsor>True</isOriginalCosponsor>
        <lastName>CANTWELL</lastName>
        <firstName>MARIA</firstName>
        <middleName />
        <fullName>Sen. Cantwell, Maria [D-WA]</fullName>
        <party>D</party>
        <bioguideId>C000127</bioguideId>
        <state>WA</state>
      </item>
      <item>
        <sponsorshipWithdrawnDate />
        <identifiers>
          <lisID>2299</lisID>
          <gpoId />
          <bioguideId>C001113</bioguideId>
        </identifiers>
        <sponsorshipDate>2019-03-07</sponsorshipDate>
        <isOriginalCosponsor>True</isOriginalCosponsor>
        <lastName>Cortez Masto</lastName>
        <firstName>Catherine</firstName>
        <middleName />
        <fullName>Sen. Cortez Masto, Catherine  [D-NV]</fullName>
        <party>D</party>
        <bioguideId>C001113</bioguideId>
        <state>NV</state>
      </item>
      <item>
        <sponsorshipWithdrawnDate />
        <identifiers>
          <bioguideId>D000618</bioguideId>
          <lisID>2138</lisID>
          <gpoId />
        </identifiers>
        <sponsorshipDate>2019-03-07</sponsorshipDate>
        <isOriginalCosponsor>True</isOriginalCosponsor>
        <lastName>Daines</lastName>
        <firstName>Steve</firstName>
        <middleName />
        <fullName>Sen. Daines, Steve [R-MT]</fullName>
        <party>R</party>
        <bioguideId>D000618</bioguideId>
        <state>MT</state>
      </item>
      <item>
        <sponsorshipWithdrawnDate />
        <identifiers>
          <bioguideId>D000622</bioguideId>
          <gpoId />
          <lisID>2123</lisID>
        </identifiers>
        <sponsorshipDate>2019-03-07</sponsorshipDate>
        <isOriginalCosponsor>True</isOriginalCosponsor>
        <lastName>Duckworth</lastName>
        <firstName>Tammy</firstName>
        <middleName />
        <fullName>Sen. Duckworth, Tammy [D-IL]</fullName>
        <party>D</party>
        <bioguideId>D000622</bioguideId>
        <state>IL</state>
      </item>
      <item>
        <sponsorshipWithdrawnDate />
        <identifiers>
          <lisID>2301</lisID>
          <gpoId />
          <bioguideId>H001075</bioguideId>
        </identifiers>
        <sponsorshipDate>2019-03-07</sponsorshipDate>
        <isOriginalCosponsor>True</isOriginalCosponsor>
        <lastName>Harris</lastName>
        <firstName>Kamala</firstName>
        <middleName>D.</middleName>
        <fullName>Sen. Harris, Kamala D. [D-CA]</fullName>
        <party>D</party>
        <bioguideId>H001075</bioguideId>
        <state>CA</state>
      </item>
      <item>
        <sponsorshipWithdrawnDate />
        <identifiers>
          <bioguideId>H001046</bioguideId>
          <gpoId>8056</gpoId>
          <lisID>1937</lisID>
        </identifiers>
        <sponsorshipDate>2019-03-07</sponsorshipDate>
        <isOriginalCosponsor>True</isOriginalCosponsor>
        <lastName>Heinrich</lastName>
        <firstName>Martin</firstName>
        <middleName />
        <fullName>Sen. Heinrich, Martin [D-NM]</fullName>
        <party>D</party>
        <bioguideId>H001046</bioguideId>
        <state>NM</state>
      </item>
      <item>
        <sponsorshipWithdrawnDate />
        <identifiers>
          <bioguideId>H001042</bioguideId>
          <gpoId>7913</gpoId>
          <lisID>1844</lisID>
        </identifiers>
        <sponsorshipDate>2019-03-07</sponsorshipDate>
        <isOriginalCosponsor>True</isOriginalCosponsor>
        <lastName>Hirono</lastName>
        <firstName>Mazie</firstName>
        <middleName>K.</middleName>
        <fullName>Sen. Hirono, Mazie K. [D-HI]</fullName>
        <party>D</party>
        <bioguideId>H001042</bioguideId>
        <state>HI</state>
      </item>
      <item>
        <sponsorshipWithdrawnDate />
        <identifiers>
          <bioguideId>H001061</bioguideId>
          <gpoId>8331</gpoId>
          <lisID>2079</lisID>
        </identifiers>
        <sponsorshipDate>2019-03-07</sponsorshipDate>
        <isOriginalCosponsor>True</isOriginalCosponsor>
        <lastName>Hoeven</lastName>
        <firstName>John</firstName>
        <middleName />
        <fullName>Sen. Hoeven, John [R-ND]</fullName>
        <party>R</party>
        <bioguideId>H001061</bioguideId>
        <state>ND</state>
      </item>
      <item>
        <sponsorshipWithdrawnDate />
        <identifiers>
          <bioguideId>K000384</bioguideId>
          <gpoId />
          <lisID>2176</lisID>
        </identifiers>
        <sponsorshipDate>2019-03-07</sponsorshipDate>
        <isOriginalCosponsor>True</isOriginalCosponsor>
        <lastName>Kaine</lastName>
        <firstName>Timothy</firstName>
        <middleName />
        <fullName>Sen. Kaine, Tim [D-VA]</fullName>
        <party>D</party>
        <bioguideId>K000384</bioguideId>
        <state>VA</state>
      </item>
      <item>
        <sponsorshipWithdrawnDate />
        <identifiers>
          <bioguideId>K000383</bioguideId>
          <lisID>2185</lisID>
          <gpoId />
        </identifiers>
        <sponsorshipDate>2019-03-07</sponsorshipDate>
        <isOriginalCosponsor>True</isOriginalCosponsor>
        <lastName>King</lastName>
        <firstName>Angus</firstName>
        <middleName />
        <fullName>Sen. King, Angus S., Jr. [I-ME]</fullName>
        <party>I</party>
        <bioguideId>K000383</bioguideId>
        <state>ME</state>
      </item>
      <item>
        <sponsorshipWithdrawnDate />
        <identifiers>
          <bioguideId>K000367</bioguideId>
          <gpoId>8249</gpoId>
          <lisID>1826</lisID>
        </identifiers>
        <sponsorshipDate>2019-03-07</sponsorshipDate>
        <isOriginalCosponsor>True</isOriginalCosponsor>
        <lastName>Klobuchar</lastName>
        <firstName>Amy</firstName>
        <middleName />
        <fullName>Sen. Klobuchar, Amy [D-MN]</fullName>
        <party>D</party>
        <bioguideId>K000367</bioguideId>
        <state>MN</state>
      </item>
      <item>
        <sponsorshipWithdrawnDate />
        <identifiers>
          <bioguideId>L000575</bioguideId>
          <lisID>2050</lisID>
          <gpoId>8113</gpoId>
        </identifiers>
        <sponsorshipDate>2019-03-07</sponsorshipDate>
        <isOriginalCosponsor>True</isOriginalCosponsor>
        <lastName>Lankford</lastName>
        <firstName>James</firstName>
        <middleName />
        <fullName>Sen. Lankford, James [R-OK]</fullName>
        <party>R</party>
        <bioguideId>L000575</bioguideId>
        <state>OK</state>
      </item>
      <item>
        <sponsorshipWithdrawnDate />
        <identifiers>
          <gpoId />
          <lisID>2225</lisID>
          <bioguideId>M001197</bioguideId>
        </identifiers>
        <sponsorshipDate>2019-03-07</sponsorshipDate>
        <isOriginalCosponsor>True</isOriginalCosponsor>
        <lastName>McSally</lastName>
        <firstName>Martha</firstName>
        <middleName />
        <fullName>Sen. McSally, Martha [R-AZ]</fullName>
        <party>R</party>
        <bioguideId>M001197</bioguideId>
        <state>AZ</state>
      </item>
      <item>
        <sponsorshipWithdrawnDate />
        <identifiers>
          <bioguideId>M001176</bioguideId>
          <gpoId>8238</gpoId>
          <lisID>1900</lisID>
        </identifiers>
        <sponsorshipDate>2019-03-07</sponsorshipDate>
        <isOriginalCosponsor>True</isOriginalCosponsor>
        <lastName>Merkley</lastName>
        <firstName>Jeff</firstName>
        <middleName />
        <fullName>Sen. Merkley, Jeff [D-OR]</fullName>
        <party>D</party>
        <bioguideId>M001176</bioguideId>
        <state>OR</state>
      </item>
      <item>
        <sponsorshipWithdrawnDate />
        <identifiers>
          <bioguideId>M000934</bioguideId>
          <gpoId>8307</gpoId>
          <lisID>1507</lisID>
        </identifiers>
        <sponsorshipDate>2019-03-07</sponsorshipDate>
        <isOriginalCosponsor>True</isOriginalCosponsor>
        <lastName>Moran</lastName>
        <firstName>Jerry</firstName>
        <middleName />
        <fullName>Sen. Moran, Jerry [R-KS]</fullName>
        <party>R</party>
        <bioguideId>M000934</bioguideId>
        <state>KS</state>
      </item>
      <item>
        <sponsorshipWithdrawnDate />
        <identifiers>
          <bioguideId>M001111</bioguideId>
          <gpoId>8237</gpoId>
          <lisID>1409</lisID>
        </identifiers>
        <sponsorshipDate>2019-03-07</sponsorshipDate>
        <isOriginalCosponsor>True</isOriginalCosponsor>
        <lastName>MURRAY</lastName>
        <firstName>PATTY</firstName>
        <middleName />
        <fullName>Sen. Murray, Patty [D-WA]</fullName>
        <party>D</party>
        <bioguideId>M001111</bioguideId>
        <state>WA</state>
      </item>
      <item>
        <sponsorshipWithdrawnDate />
        <identifiers>
          <bioguideId>R000608</bioguideId>
          <gpoId />
          <lisID>2339</lisID>
        </identifiers>
        <sponsorshipDate>2019-03-07</sponsorshipDate>
        <isOriginalCosponsor>True</isOriginalCosponsor>
        <lastName>Rosen</lastName>
        <firstName>Jacklyn</firstName>
        <middleName />
        <fullName>Sen. Rosen, Jacky [D-NV]</fullName>
        <party>D</party>
        <bioguideId>R000608</bioguideId>
        <state>NV</state>
      </item>
      <item>
        <sponsorshipWithdrawnDate />
        <identifiers>
          <bioguideId>S000033</bioguideId>
          <gpoId>8270</gpoId>
          <lisID>1010</lisID>
        </identifiers>
        <sponsorshipDate>2019-03-07</sponsorshipDate>
        <isOriginalCosponsor>True</isOriginalCosponsor>
        <lastName>Sanders</lastName>
        <firstName>Bernard</firstName>
        <middleName />
        <fullName>Sen. Sanders, Bernard [I-VT]</fullName>
        <party>I</party>
        <bioguideId>S000033</bioguideId>
        <state>VT</state>
      </item>
      <item>
        <sponsorshipWithdrawnDate />
        <identifiers>
          <bioguideId>S001194</bioguideId>
          <lisID>2173</lisID>
          <gpoId />
        </identifiers>
        <sponsorshipDate>2019-03-07</sponsorshipDate>
        <isOriginalCosponsor>True</isOriginalCosponsor>
        <lastName>Schatz</lastName>
        <firstName>Brian</firstName>
        <middleName />
        <fullName>Sen. Schatz, Brian [D-HI]</fullName>
        <party>D</party>
        <bioguideId>S001194</bioguideId>
        <state>HI</state>
      </item>
      <item>
        <sponsorshipWithdrawnDate />
        <identifiers>
          <lisID>1036</lisID>
          <gpoId>8279</gpoId>
          <bioguideId>S000148</bioguideId>
        </identifiers>
        <sponsorshipDate>2019-03-07</sponsorshipDate>
        <isOriginalCosponsor>True</isOriginalCosponsor>
        <lastName>SCHUMER</lastName>
        <firstName>CHARLES</firstName>
        <middleName>E.</middleName>
        <fullName>Sen. Schumer, Charles E. [D-NY]</fullName>
        <party>D</party>
        <bioguideId>S000148</bioguideId>
        <state>NY</state>
      </item>
      <item>
        <sponsorshipWithdrawnDate />
        <identifiers>
          <bioguideId>S001203</bioguideId>
          <lisID>2365</lisID>
          <gpoId />
        </identifiers>
        <sponsorshipDate>2019-03-07</sponsorshipDate>
        <isOriginalCosponsor>True</isOriginalCosponsor>
        <lastName>Smith</lastName>
        <firstName>Tina</firstName>
        <middleName />
        <fullName>Sen. Smith, Tina  [D-MN]</fullName>
        <party>D</party>
        <bioguideId>S001203</bioguideId>
        <state>MN</state>
      </item>
      <item>
        <sponsorshipWithdrawnDate />
        <identifiers>
          <lisID>1829</lisID>
          <gpoId>8258</gpoId>
          <bioguideId>T000464</bioguideId>
        </identifiers>
        <sponsorshipDate>2019-03-07</sponsorshipDate>
        <isOriginalCosponsor>True</isOriginalCosponsor>
        <lastName>Tester</lastName>
        <firstName>Jon</firstName>
        <middleName />
        <fullName>Sen. Tester, Jon [D-MT]</fullName>
        <party>D</party>
        <bioguideId>T000464</bioguideId>
        <state>MT</state>
      </item>
      <item>
        <sponsorshipWithdrawnDate />
        <identifiers>
          <bioguideId>W000817</bioguideId>
          <gpoId />
          <lisID>2182</lisID>
        </identifiers>
        <sponsorshipDate>2019-03-07</sponsorshipDate>
        <isOriginalCosponsor>True</isOriginalCosponsor>
        <lastName>Warren</lastName>
        <firstName>Elizabeth</firstName>
        <middleName>A.</middleName>
        <fullName>Sen. Warren, Elizabeth [D-MA]</fullName>
        <party>D</party>
        <bioguideId>W000817</bioguideId>
        <state>MA</state>
      </item>
      <item>
        <sponsorshipWithdrawnDate />
        <identifiers>
          <bioguideId>W000779</bioguideId>
          <lisID>1247</lisID>
          <gpoId>8265</gpoId>
        </identifiers>
        <sponsorshipDate>2019-03-07</sponsorshipDate>
        <isOriginalCosponsor>True</isOriginalCosponsor>
        <lastName>WYDEN</lastName>
        <firstName>RON</firstName>
        <middleName />
        <fullName>Sen. Wyden, Ron [D-OR]</fullName>
        <party>D</party>
        <bioguideId>W000779</bioguideId>
        <state>OR</state>
      </item>
      <item>
        <sponsorshipWithdrawnDate />
        <identifiers>
          <gpoId>8261</gpoId>
          <lisID>1531</lisID>
          <bioguideId>S000770</bioguideId>
        </identifiers>
        <sponsorshipDate>2019-03-13</sponsorshipDate>
        <isOriginalCosponsor>False</isOriginalCosponsor>
        <lastName>STABENOW</lastName>
        <firstName>DEBORAH</firstName>
        <middleName>ANN</middleName>
        <fullName>Sen. Stabenow, Debbie [D-MI]</fullName>
        <party>D</party>
        <bioguideId>S000770</bioguideId>
        <state>MI</state>
      </item>
      <item>
        <sponsorshipWithdrawnDate />
        <identifiers>
          <lisID>2290</lisID>
          <gpoId />
          <bioguideId>S001198</bioguideId>
        </identifiers>
        <sponsorshipDate>2019-03-14</sponsorshipDate>
        <isOriginalCosponsor>False</isOriginalCosponsor>
        <lastName>Sullivan</lastName>
        <firstName>Dan</firstName>
        <middleName />
        <fullName>Sen. Sullivan, Dan  [R-AK]</fullName>
        <party>R</party>
        <bioguideId>S001198</bioguideId>
        <state>AK</state>
      </item>
      <item>
        <sponsorshipWithdrawnDate />
        <identifiers>
          <bioguideId>S001191</bioguideId>
          <lisID>2099</lisID>
          <gpoId />
        </identifiers>
        <sponsorshipDate>2019-03-26</sponsorshipDate>
        <isOriginalCosponsor>False</isOriginalCosponsor>
        <lastName>Sinema</lastName>
        <firstName>Kyrsten</firstName>
        <middleName />
        <fullName>Sen. Sinema, Kyrsten [D-AZ]</fullName>
        <party>D</party>
        <bioguideId>S001191</bioguideId>
        <state>AZ</state>
      </item>
    </cosponsors>
    <originChamber>Senate</originChamber>
    <billNumber>100</billNumber>
    <calendarNumbers />
    <amendments />
    <introducedDate>2019-03-07</introducedDate>
    <version>1.0.0</version>
    <cboCostEstimates />
    <relatedBills />
    <textVersions>
      <item>
        <date>2019-03-28T04:00:00Z</date>
        <type>Agreed to Senate</type>
        <formats>
          <item>
            <url>https://www.govinfo.gov/content/pkg/BILLS-116sres100ats/xml/BILLS-116sres100ats.xml</url>
          </item>
        </formats>
      </item>
      <item>
        <date>2019-03-07T05:00:00Z</date>
        <type>Introduced in Senate</type>
        <formats>
          <item>
            <url>https://www.govinfo.gov/content/pkg/BILLS-116sres100is/xml/BILLS-116sres100is.xml</url>
          </item>
        </formats>
      </item>
    </textVersions>
    <recordedVotes />
    <congress>116</congress>
    <title>A resolution recognizing the heritage, culture, and contributions of American Indian, Alaska Native, and Native Hawaiian women in the United States.</title>
    <titles>
      <item>
        <titleType>Official Title as Introduced</titleType>
        <chamberCode />
        <chamberName />
        <parentTitleType />
        <title>A resolution recognizing the heritage, culture, and contributions of American Indian, Alaska Native, and Native Hawaiian women in the United States.</title>
      </item>
      <item>
        <titleType>Display Title</titleType>
        <chamberCode />
        <chamberName />
        <parentTitleType />
        <title>A resolution recognizing the heritage, culture, and contributions of American Indian, Alaska Native, and Native Hawaiian women in the United States.</title>
      </item>
    </titles>
    <committees>
      <billCommittees>
        <item>
          <name>Indian Affairs Committee</name>
          <systemCode>slia00</systemCode>
          <type>Other</type>
          <activities>
            <item>
              <name>Discharged from</name>
              <date>2019-03-28T19:40:53Z</date>
            </item>
            <item>
              <name>Referred to</name>
              <date>2019-03-07T17:47:05Z</date>
            </item>
          </activities>
          <chamber>Senate</chamber>
          <subcommittees />
        </item>
      </billCommittees>
    </committees>
    <actions>
      <item>
        <actionDate>2019-03-28</actionDate>
        <committee />
        <links>
          <link>
            <name>CR 3/7/2019 S1743</name>
            <url>https://www.congress.gov/congressional-record/volume-165/senate-section/page/S1743</url>
          </link>
        </links>
        <sourceSystem>
          <name>Senate</name>
          <code>0</code>
        </sourceSystem>
        <text>Resolution agreed to in Senate without amendment and with a preamble by Voice Vote. (text: CR 3/7/2019 S1743-1744)</text>
        <type>Floor</type>
      </item>
      <item>
        <actionCode>17000</actionCode>
        <text>Passed/agreed to in Senate: Resolution agreed to in Senate without amendment and with a preamble by Voice Vote.(text: CR 3/7/2019 S1743-1744)</text>
        <type>Floor</type>
        <actionDate>2019-03-28</actionDate>
        <sourceSystem>
          <name>Library of Congress</name>
          <code>9</code>
        </sourceSystem>
        <links>
          <link>
            <name>CR 3/7/2019 S1743</name>
            <url>https://www.congress.gov/congressional-record/volume-165/senate-section/page/S1743</url>
          </link>
        </links>
        <committee />
      </item>
      <item>
        <actionDate>2019-03-28</actionDate>
        <committee>
          <systemCode>slia00</systemCode>
          <name>Indian Affairs Committee</name>
        </committee>
        <links>
          <link>
            <name>S2099-2100</name>
            <url>https://www.congress.gov/congressional-record/volume-165/senate-section/page/S2099-2100</url>
          </link>
        </links>
        <sourceSystem>
          <name>Senate</name>
          <code>0</code>
        </sourceSystem>
        <text>Senate Committee on Indian Affairs discharged by Unanimous Consent. (consideration: CR S2099-2100)</text>
        <type>Discharge</type>
      </item>
      <item>
        <actionCode>14500</actionCode>
        <text>Senate Committee on Indian Affairs discharged by Unanimous Consent.(consideration: CR S2099-2100)</text>
        <type>Committee</type>
        <actionDate>2019-03-28</actionDate>
        <sourceSystem>
          <name>Library of Congress</name>
          <code>9</code>
        </sourceSystem>
        <links>
          <link>
            <name>S2099-2100</name>
            <url>https://www.congress.gov/congressional-record/volume-165/senate-section/page/S2099-2100</url>
          </link>
        </links>
        <committee>
          <systemCode>slia00</systemCode>
          <name>Indian Affairs Committee</name>
        </committee>
      </item>
      <item>
        <actionDate>2019-03-07</actionDate>
        <committee>
          <systemCode>slia00</systemCode>
          <name>Indian Affairs Committee</name>
        </committee>
        <links />
        <sourceSystem>
          <name>Senate</name>
          <code>0</code>
        </sourceSystem>
        <text>Referred to the Committee on Indian Affairs.</text>
        <type>IntroReferral</type>
      </item>
      <item>
        <actionCode>10000</actionCode>
        <text>Introduced in Senate</text>
        <type>IntroReferral</type>
        <actionDate>2019-03-07</actionDate>
        <sourceSystem>
          <name>Library of Congress</name>
          <code>9</code>
        </sourceSystem>
        <links />
        <committee />
      </item>
      <actionTypeCounts>
        <agreedToInSenate>1</agreedToInSenate>
        <referredToCommittee>1</referredToCommittee>
        <committeeDischarged>1</committeeDischarged>
        <passedAgreedToInSenate>1</passedAgreedToInSenate>
        <introducedInSenate>1</introducedInSenate>
        <senateCommitteeDischarged>1</senateCommitteeDischarged>
      </actionTypeCounts>
      <actionByCounts>
        <senate>6</senate>
      </actionByCounts>
    </actions>
    <laws />
  </bill>
  <dublinCore xmlns:dc="http://purl.org/dc/elements/1.1/">
    <dc:format>text/xml</dc:format>
    <dc:language>EN</dc:language>
    <dc:rights>Pursuant to Title 17 Section 105 of the United States Code, this file is not subject to copyright protection and is in the public domain.</dc:rights>
    <dc:contributor>Congressional Research Service, Library of Congress</dc:contributor>
    <dc:description>This file contains bill summaries and statuses for federal legislation. A bill summary describes the most significant provisions of a piece of legislation and details the effects the legislative text may have on current law and federal programs. Bill summaries are authored by the Congressional Research Service (CRS) of the Library of Congress. As stated in Public Law 91-510 (2 USC 166 (d)(6)), one of the duties of CRS is "to prepare summaries and digests of bills and resolutions of a public general nature introduced in the Senate or House of Representatives". For more information, refer to the User Guide that accompanies this file.</dc:description>
  </dublinCore>
</billStatus>

