<?xml version="1.0" encoding="UTF-8"?>
<billStatus>
  <bill>
    <subjects>
      <billSubjects>
        <policyArea>
          <name>International Affairs</name>
        </policyArea>
        <legislativeSubjects>
          <item>
            <name>Africa</name>
          </item>
          <item>
            <name>Arab-Israeli relations</name>
          </item>
          <item>
            <name>Commemorative events and holidays</name>
          </item>
          <item>
            <name>Conflicts and wars</name>
          </item>
          <item>
            <name>Congressional tributes</name>
          </item>
          <item>
            <name>Diplomacy, foreign officials, Americans abroad</name>
          </item>
          <item>
            <name>Egypt</name>
          </item>
          <item>
            <name>International law and treaties</name>
          </item>
          <item>
            <name>Israel</name>
          </item>
          <item>
            <name>Middle East</name>
          </item>
          <item>
            <name>Sovereignty, recognition, national governance and status</name>
          </item>
        </legislativeSubjects>
      </billSubjects>
    </subjects>
    <relatedBills />
    <notes />
    <committees>
      <billCommittees>
        <item>
          <type>Standing</type>
          <name>Foreign Relations Committee</name>
          <activities>
            <item>
              <date>2019-03-25T20:24:04Z</date>
              <name>Referred to</name>
            </item>
          </activities>
          <subcommittees />
          <systemCode>ssfr00</systemCode>
          <chamber>Senate</chamber>
        </item>
      </billCommittees>
    </committees>
    <summaries>
      <billSummaries />
    </summaries>
    <version>1.0.0</version>
    <originChamber>Senate</originChamber>
    <congress>116</congress>
    <latestAction>
      <actionDate>2019-03-25</actionDate>
      <text>Referred to the Committee on Foreign Relations. (text: CR S1942)</text>
      <links />
    </latestAction>
    <actions>
      <actionTypeCounts>
        <referredToCommittee>1</referredToCommittee>
        <introducedInSenate>1</introducedInSenate>
      </actionTypeCounts>
      <item>
        <actionDate>2019-03-25</actionDate>
        <committee>
          <name>Foreign Relations Committee</name>
          <systemCode>ssfr00</systemCode>
        </committee>
        <links>
          <link>
            <name>S1942</name>
            <url>https://www.congress.gov/congressional-record/volume-165/senate-section/page/S1942</url>
          </link>
        </links>
        <sourceSystem>
          <name>Senate</name>
          <code>0</code>
        </sourceSystem>
        <text>Referred to the Committee on Foreign Relations. (text: CR S1942)</text>
        <type>IntroReferral</type>
      </item>
      <item>
        <links />
        <sourceSystem>
          <name>Library of Congress</name>
          <code>9</code>
        </sourceSystem>
        <committee />
        <actionCode>10000</actionCode>
        <text>Introduced in Senate</text>
        <actionDate>2019-03-25</actionDate>
        <type>IntroReferral</type>
      </item>
      <actionByCounts>
        <senate>2</senate>
      </actionByCounts>
    </actions>
    <createDate>2019-03-26T04:27:06Z</createDate>
    <titles>
      <item>
        <parentTitleType />
        <chamberCode />
        <title>A resolution congratulating Israel and Egypt on the 40th anniversary of the signing of the Egypt-Israel Peace Treaty.</title>
        <titleType>Official Title as Introduced</titleType>
        <chamberName />
      </item>
      <item>
        <parentTitleType />
        <chamberCode />
        <title>A resolution congratulating Israel and Egypt on the 40th anniversary of the signing of the Egypt-Israel Peace Treaty.</title>
        <titleType>Display Title</titleType>
        <chamberName />
      </item>
    </titles>
    <laws />
    <introducedDate>2019-03-25</introducedDate>
    <calendarNumbers />
    <recordedVotes />
    <textVersions>
      <item>
        <formats>
          <item>
            <url>https://www.govinfo.gov/content/pkg/BILLS-116sres121is/xml/BILLS-116sres121is.xml</url>
          </item>
        </formats>
        <date>2019-03-25T04:00:00Z</date>
        <type>Introduced in Senate</type>
      </item>
    </textVersions>
    <cosponsors>
      <item>
        <party>R</party>
        <state>WY</state>
        <identifiers>
          <bioguideId>E000285</bioguideId>
          <gpoId>8328</gpoId>
          <lisID>1542</lisID>
        </identifiers>
        <middleName>B.</middleName>
        <sponsorshipWithdrawnDate />
        <bioguideId>E000285</bioguideId>
        <isOriginalCosponsor>True</isOriginalCosponsor>
        <firstName>MICHAEL</firstName>
        <fullName>Sen. Enzi, Michael B. [R-WY]</fullName>
        <sponsorshipDate>2019-03-25</sponsorshipDate>
        <lastName>ENZI</lastName>
      </item>
    </cosponsors>
    <amendments />
    <billNumber>121</billNumber>
    <updateDate>2019-11-15T21:56:27Z</updateDate>
    <cboCostEstimates />
    <title>A resolution congratulating Israel and Egypt on the 40th anniversary of the signing of the Egypt-Israel Peace Treaty.</title>
    <committeeReports />
    <policyArea>
      <name>International Affairs</name>
    </policyArea>
    <sponsors>
      <item>
        <party>R</party>
        <lastName>Boozman</lastName>
        <firstName>John</firstName>
        <state>AR</state>
        <fullName>Sen. Boozman, John [R-AR]</fullName>
        <identifiers>
          <bioguideId>B001236</bioguideId>
          <gpoId>8247</gpoId>
          <lisID>1687</lisID>
        </identifiers>
        <middleName />
        <bioguideId>B001236</bioguideId>
        <byRequestType />
      </item>
    </sponsors>
    <billType>SRES</billType>
  </bill>
  <dublinCore xmlns:dc="http://purl.org/dc/elements/1.1/">
    <dc:format>text/xml</dc:format>
    <dc:language>EN</dc:language>
    <dc:rights>Pursuant to Title 17 Section 105 of the United States Code, this file is not subject to copyright protection and is in the public domain.</dc:rights>
    <dc:contributor>Congressional Research Service, Library of Congress</dc:contributor>
    <dc:description>This file contains bill summaries and statuses for federal legislation. A bill summary describes the most significant provisions of a piece of legislation and details the effects the legislative text may have on current law and federal programs. Bill summaries are authored by the Congressional Research Service (CRS) of the Library of Congress. As stated in Public Law 91-510 (2 USC 166 (d)(6)), one of the duties of CRS is "to prepare summaries and digests of bills and resolutions of a public general nature introduced in the Senate or House of Representatives". For more information, refer to the User Guide that accompanies this file.</dc:description>
  </dublinCore>
</billStatus>

