<?xml version="1.0" encoding="UTF-8"?>
<billStatus>
  <bill>
    <committees>
      <billCommittees>
        <item>
          <systemCode>ssju00</systemCode>
          <activities>
            <item>
              <date>2019-10-24T20:59:36Z</date>
              <name>Discharged from</name>
            </item>
            <item>
              <date>2019-10-17T20:40:29Z</date>
              <name>Referred to</name>
            </item>
          </activities>
          <type>Standing</type>
          <subcommittees />
          <chamber>Senate</chamber>
          <name>Judiciary Committee</name>
        </item>
      </billCommittees>
    </committees>
    <titles>
      <item>
        <chamberName />
        <titleType>Official Title as Introduced</titleType>
        <parentTitleType />
        <chamberCode />
        <title>A resolution designating the week beginning on October 13, 2019, as "National Wildlife Refuge Week".</title>
      </item>
      <item>
        <chamberName />
        <titleType>Display Title</titleType>
        <parentTitleType />
        <chamberCode />
        <title>A resolution designating the week beginning on October 13, 2019, as "National Wildlife Refuge Week".</title>
      </item>
    </titles>
    <recordedVotes />
    <policyArea>
      <name>Public Lands and Natural Resources</name>
    </policyArea>
    <billType>SRES</billType>
    <actions>
      <actionTypeCounts>
        <introducedInSenate>1</introducedInSenate>
        <agreedToInSenate>1</agreedToInSenate>
        <passedAgreedToInSenate>1</passedAgreedToInSenate>
        <committeeDischarged>1</committeeDischarged>
        <referredToCommittee>1</referredToCommittee>
        <senateCommitteeDischarged>1</senateCommitteeDischarged>
      </actionTypeCounts>
      <actionByCounts>
        <senate>6</senate>
      </actionByCounts>
      <item>
        <actionDate>2019-10-24</actionDate>
        <committee />
        <links>
          <link>
            <url>https://www.congress.gov/congressional-record/volume-165/senate-section/page/S5901-5902</url>
            <name>S5901-5902</name>
          </link>
        </links>
        <sourceSystem>
          <name>Senate</name>
          <code>0</code>
        </sourceSystem>
        <text>Resolution agreed to in Senate without amendment and with a preamble by Unanimous Consent. (text: 10/17/2019 CR S5901-5902)</text>
        <type>Floor</type>
      </item>
      <item>
        <sourceSystem>
          <name>Library of Congress</name>
          <code>9</code>
        </sourceSystem>
        <text>Passed/agreed to in Senate: Resolution agreed to in Senate without amendment and with a preamble by Unanimous Consent.(text: 10/17/2019 CR S5901-5902)</text>
        <links>
          <link>
            <url>https://www.congress.gov/congressional-record/volume-165/senate-section/page/S5901-5902</url>
            <name>S5901-5902</name>
          </link>
        </links>
        <actionCode>17000</actionCode>
        <type>Floor</type>
        <committee />
        <actionDate>2019-10-24</actionDate>
      </item>
      <item>
        <actionDate>2019-10-24</actionDate>
        <committee>
          <name>Judiciary Committee</name>
          <systemCode>ssju00</systemCode>
        </committee>
        <links>
          <link>
            <url>https://www.congress.gov/congressional-record/volume-165/senate-section/page/S6177</url>
            <name>S6177</name>
          </link>
        </links>
        <sourceSystem>
          <name>Senate</name>
          <code>0</code>
        </sourceSystem>
        <text>Senate Committee on the Judiciary discharged by Unanimous Consent. (consideration: CR S6177)</text>
        <type>Discharge</type>
      </item>
      <item>
        <sourceSystem>
          <name>Library of Congress</name>
          <code>9</code>
        </sourceSystem>
        <text>Senate Committee on the Judiciary discharged by Unanimous Consent.(consideration: CR S6177)</text>
        <links>
          <link>
            <url>https://www.congress.gov/congressional-record/volume-165/senate-section/page/S6177</url>
            <name>S6177</name>
          </link>
        </links>
        <actionCode>14500</actionCode>
        <type>Committee</type>
        <committee>
          <name>Judiciary Committee</name>
          <systemCode>ssju00</systemCode>
        </committee>
        <actionDate>2019-10-24</actionDate>
      </item>
      <item>
        <actionDate>2019-10-17</actionDate>
        <committee>
          <name>Judiciary Committee</name>
          <systemCode>ssju00</systemCode>
        </committee>
        <links />
        <sourceSystem>
          <name>Senate</name>
          <code>0</code>
        </sourceSystem>
        <text>Referred to the Committee on the Judiciary.</text>
        <type>IntroReferral</type>
      </item>
      <item>
        <sourceSystem>
          <name>Library of Congress</name>
          <code>9</code>
        </sourceSystem>
        <text>Introduced in Senate</text>
        <links />
        <actionCode>10000</actionCode>
        <type>IntroReferral</type>
        <committee />
        <actionDate>2019-10-17</actionDate>
      </item>
    </actions>
    <subjects>
      <billSubjects>
        <legislativeSubjects>
          <item>
            <name>Birds</name>
          </item>
          <item>
            <name>Commemorative events and holidays</name>
          </item>
          <item>
            <name>Endangered and threatened species</name>
          </item>
          <item>
            <name>Hunting and fishing</name>
          </item>
          <item>
            <name>Outdoor recreation</name>
          </item>
          <item>
            <name>Wilderness and natural areas, wildlife refuges, wild rivers, habitats</name>
          </item>
        </legislativeSubjects>
        <policyArea>
          <name>Public Lands and Natural Resources</name>
        </policyArea>
      </billSubjects>
    </subjects>
    <congress>116</congress>
    <calendarNumbers />
    <originChamber>Senate</originChamber>
    <title>A resolution designating the week beginning on October 13, 2019, as "National Wildlife Refuge Week".</title>
    <version>1.0.0</version>
    <introducedDate>2019-10-17</introducedDate>
    <laws />
    <latestAction>
      <text>Resolution agreed to in Senate without amendment and with a preamble by Unanimous Consent. (text: 10/17/2019 CR S5901-5902)</text>
      <actionDate>2019-10-24</actionDate>
      <links />
    </latestAction>
    <sponsors>
      <item>
        <fullName>Sen. Coons, Christopher A. [D-DE]</fullName>
        <party>D</party>
        <firstName>Christopher</firstName>
        <bioguideId>C001088</bioguideId>
        <byRequestType />
        <state>DE</state>
        <lastName>Coons</lastName>
        <middleName>A.</middleName>
        <identifiers>
          <lisID>1984</lisID>
          <bioguideId>C001088</bioguideId>
          <gpoId>8297</gpoId>
        </identifiers>
      </item>
    </sponsors>
    <cosponsors>
      <item>
        <party>R</party>
        <firstName>John</firstName>
        <bioguideId>K000393</bioguideId>
        <isOriginalCosponsor>True</isOriginalCosponsor>
        <fullName>Sen. Kennedy, John [R-LA]</fullName>
        <sponsorshipWithdrawnDate />
        <sponsorshipDate>2019-10-17</sponsorshipDate>
        <state>LA</state>
        <lastName>Kennedy</lastName>
        <middleName>Neely</middleName>
        <identifiers>
          <lisID>2303</lisID>
          <gpoId />
          <bioguideId>K000393</bioguideId>
        </identifiers>
      </item>
    </cosponsors>
    <cboCostEstimates />
    <committeeReports />
    <textVersions>
      <item>
        <formats>
          <item>
            <url>https://www.govinfo.gov/content/pkg/BILLS-116sres362ats/xml/BILLS-116sres362ats.xml</url>
          </item>
        </formats>
        <type>Agreed to Senate</type>
        <date>2019-10-24T04:00:00Z</date>
      </item>
      <item>
        <formats>
          <item>
            <url>https://www.govinfo.gov/content/pkg/BILLS-116sres362is/xml/BILLS-116sres362is.xml</url>
          </item>
        </formats>
        <type>Introduced in Senate</type>
        <date>2019-10-17T04:00:00Z</date>
      </item>
    </textVersions>
    <summaries>
      <billSummaries />
    </summaries>
    <billNumber>362</billNumber>
    <relatedBills>
      <item>
        <latestAction>
          <text>Referred to the House Committee on Natural Resources.</text>
          <actionDate>2019-10-15</actionDate>
        </latestAction>
        <type>HRES</type>
        <relationshipDetails>
          <item>
            <identifiedBy>CRS</identifiedBy>
            <type>Related bill</type>
          </item>
        </relationshipDetails>
        <latestTitle>Expressing support for the designation of the week beginning on October 13, 2019, as National Wildlife Refuge Week.</latestTitle>
        <number>628</number>
        <congress>116</congress>
      </item>
    </relatedBills>
    <notes />
    <updateDate>2019-10-29T16:30:31Z</updateDate>
    <createDate>2019-10-18T04:42:31Z</createDate>
    <amendments />
  </bill>
  <dublinCore xmlns:dc="http://purl.org/dc/elements/1.1/">
    <dc:format>text/xml</dc:format>
    <dc:language>EN</dc:language>
    <dc:rights>Pursuant to Title 17 Section 105 of the United States Code, this file is not subject to copyright protection and is in the public domain.</dc:rights>
    <dc:contributor>Congressional Research Service, Library of Congress</dc:contributor>
    <dc:description>This file contains bill summaries and statuses for federal legislation. A bill summary describes the most significant provisions of a piece of legislation and details the effects the legislative text may have on current law and federal programs. Bill summaries are authored by the Congressional Research Service (CRS) of the Library of Congress. As stated in Public Law 91-510 (2 USC 166 (d)(6)), one of the duties of CRS is "to prepare summaries and digests of bills and resolutions of a public general nature introduced in the Senate or House of Representatives". For more information, refer to the User Guide that accompanies this file.</dc:description>
  </dublinCore>
</billStatus>

