<?xml version="1.0" encoding="UTF-8"?>
<billStatus>
  <bill>
    <laws />
    <amendments />
    <notes />
    <originChamber>Senate</originChamber>
    <committeeReports />
    <calendarNumbers />
    <subjects>
      <billSubjects>
        <policyArea>
          <name>Congress</name>
        </policyArea>
        <legislativeSubjects>
          <item>
            <name>Commemorative events and holidays</name>
          </item>
          <item>
            <name>Congressional tributes</name>
          </item>
          <item>
            <name>Due process and equal protection</name>
          </item>
          <item>
            <name>Elections, voting, political campaign regulation</name>
          </item>
          <item>
            <name>Employment discrimination and employee rights</name>
          </item>
          <item>
            <name>Hawaii</name>
          </item>
          <item>
            <name>House of Representatives</name>
          </item>
          <item>
            <name>Members of Congress</name>
          </item>
          <item>
            <name>Racial and ethnic relations</name>
          </item>
          <item>
            <name>Women's education</name>
          </item>
          <item>
            <name>Women's employment</name>
          </item>
          <item>
            <name>Women's rights</name>
          </item>
        </legislativeSubjects>
      </billSubjects>
    </subjects>
    <congress>116</congress>
    <cboCostEstimates />
    <cosponsors>
      <item>
        <sponsorshipDate>2019-05-23</sponsorshipDate>
        <state>HI</state>
        <middleName />
        <fullName>Sen. Schatz, Brian [D-HI]</fullName>
        <lastName>Schatz</lastName>
        <identifiers>
          <gpoId />
          <lisID>2173</lisID>
          <bioguideId>S001194</bioguideId>
        </identifiers>
        <party>D</party>
        <firstName>Brian</firstName>
        <bioguideId>S001194</bioguideId>
        <sponsorshipWithdrawnDate />
        <isOriginalCosponsor>True</isOriginalCosponsor>
      </item>
      <item>
        <sponsorshipDate>2019-05-23</sponsorshipDate>
        <state>WI</state>
        <middleName />
        <fullName>Sen. Baldwin, Tammy [D-WI]</fullName>
        <lastName>Baldwin</lastName>
        <identifiers>
          <gpoId>8215</gpoId>
          <bioguideId>B001230</bioguideId>
          <lisID>1558</lisID>
        </identifiers>
        <party>D</party>
        <firstName>Tammy</firstName>
        <bioguideId>B001230</bioguideId>
        <sponsorshipWithdrawnDate />
        <isOriginalCosponsor>True</isOriginalCosponsor>
      </item>
      <item>
        <sponsorshipDate>2019-05-23</sponsorshipDate>
        <state>NJ</state>
        <middleName>A.</middleName>
        <fullName>Sen. Booker, Cory A. [D-NJ]</fullName>
        <lastName>Booker</lastName>
        <identifiers>
          <lisID>2194</lisID>
          <bioguideId>B001288</bioguideId>
          <gpoId />
        </identifiers>
        <party>D</party>
        <firstName>Cory</firstName>
        <bioguideId>B001288</bioguideId>
        <sponsorshipWithdrawnDate />
        <isOriginalCosponsor>True</isOriginalCosponsor>
      </item>
      <item>
        <sponsorshipDate>2019-05-23</sponsorshipDate>
        <state>WA</state>
        <middleName />
        <fullName>Sen. Cantwell, Maria [D-WA]</fullName>
        <lastName>CANTWELL</lastName>
        <identifiers>
          <lisID>172</lisID>
          <gpoId>8288</gpoId>
          <bioguideId>C000127</bioguideId>
        </identifiers>
        <party>D</party>
        <firstName>MARIA</firstName>
        <bioguideId>C000127</bioguideId>
        <sponsorshipWithdrawnDate />
        <isOriginalCosponsor>True</isOriginalCosponsor>
      </item>
      <item>
        <sponsorshipDate>2019-05-23</sponsorshipDate>
        <state>NV</state>
        <middleName />
        <fullName>Sen. Cortez Masto, Catherine  [D-NV]</fullName>
        <lastName>Cortez Masto</lastName>
        <identifiers>
          <gpoId />
          <lisID>2299</lisID>
          <bioguideId>C001113</bioguideId>
        </identifiers>
        <party>D</party>
        <firstName>Catherine</firstName>
        <bioguideId>C001113</bioguideId>
        <sponsorshipWithdrawnDate />
        <isOriginalCosponsor>True</isOriginalCosponsor>
      </item>
      <item>
        <sponsorshipDate>2019-05-23</sponsorshipDate>
        <state>IL</state>
        <middleName />
        <fullName>Sen. Duckworth, Tammy [D-IL]</fullName>
        <lastName>Duckworth</lastName>
        <identifiers>
          <bioguideId>D000622</bioguideId>
          <lisID>2123</lisID>
          <gpoId />
        </identifiers>
        <party>D</party>
        <firstName>Tammy</firstName>
        <bioguideId>D000622</bioguideId>
        <sponsorshipWithdrawnDate />
        <isOriginalCosponsor>True</isOriginalCosponsor>
      </item>
      <item>
        <sponsorshipDate>2019-05-23</sponsorshipDate>
        <state>CA</state>
        <middleName />
        <fullName>Sen. Feinstein, Dianne [D-CA]</fullName>
        <lastName>FEINSTEIN</lastName>
        <identifiers>
          <bioguideId>F000062</bioguideId>
          <lisID>1332</lisID>
          <gpoId>8338</gpoId>
        </identifiers>
        <party>D</party>
        <firstName>DIANNE</firstName>
        <bioguideId>F000062</bioguideId>
        <sponsorshipWithdrawnDate />
        <isOriginalCosponsor>True</isOriginalCosponsor>
      </item>
      <item>
        <sponsorshipDate>2019-05-23</sponsorshipDate>
        <state>NY</state>
        <middleName>E.</middleName>
        <fullName>Sen. Gillibrand, Kirsten E. [D-NY]</fullName>
        <lastName>Gillibrand</lastName>
        <identifiers>
          <gpoId>8336</gpoId>
          <bioguideId>G000555</bioguideId>
          <lisID>1866</lisID>
        </identifiers>
        <party>D</party>
        <firstName>Kirsten</firstName>
        <bioguideId>G000555</bioguideId>
        <sponsorshipWithdrawnDate />
        <isOriginalCosponsor>True</isOriginalCosponsor>
      </item>
      <item>
        <sponsorshipDate>2019-05-23</sponsorshipDate>
        <state>CA</state>
        <middleName>D.</middleName>
        <fullName>Sen. Harris, Kamala D. [D-CA]</fullName>
        <lastName>Harris</lastName>
        <identifiers>
          <lisID>2301</lisID>
          <gpoId />
          <bioguideId>H001075</bioguideId>
        </identifiers>
        <party>D</party>
        <firstName>Kamala</firstName>
        <bioguideId>H001075</bioguideId>
        <sponsorshipWithdrawnDate />
        <isOriginalCosponsor>True</isOriginalCosponsor>
      </item>
      <item>
        <sponsorshipDate>2019-05-23</sponsorshipDate>
        <state>NH</state>
        <middleName>Wood</middleName>
        <fullName>Sen. Hassan, Margaret Wood [D-NH]</fullName>
        <lastName>Hassan</lastName>
        <identifiers>
          <bioguideId>H001076</bioguideId>
          <lisID>2302</lisID>
          <gpoId />
        </identifiers>
        <party>D</party>
        <firstName>Margaret</firstName>
        <bioguideId>H001076</bioguideId>
        <sponsorshipWithdrawnDate />
        <isOriginalCosponsor>True</isOriginalCosponsor>
      </item>
      <item>
        <sponsorshipDate>2019-05-23</sponsorshipDate>
        <state>MN</state>
        <middleName />
        <fullName>Sen. Klobuchar, Amy [D-MN]</fullName>
        <lastName>Klobuchar</lastName>
        <identifiers>
          <gpoId>8249</gpoId>
          <bioguideId>K000367</bioguideId>
          <lisID>1826</lisID>
        </identifiers>
        <party>D</party>
        <firstName>Amy</firstName>
        <bioguideId>K000367</bioguideId>
        <sponsorshipWithdrawnDate />
        <isOriginalCosponsor>True</isOriginalCosponsor>
      </item>
      <item>
        <sponsorshipDate>2019-05-23</sponsorshipDate>
        <state>WA</state>
        <middleName />
        <fullName>Sen. Murray, Patty [D-WA]</fullName>
        <lastName>MURRAY</lastName>
        <identifiers>
          <gpoId>8237</gpoId>
          <bioguideId>M001111</bioguideId>
          <lisID>1409</lisID>
        </identifiers>
        <party>D</party>
        <firstName>PATTY</firstName>
        <bioguideId>M001111</bioguideId>
        <sponsorshipWithdrawnDate />
        <isOriginalCosponsor>True</isOriginalCosponsor>
      </item>
      <item>
        <sponsorshipDate>2019-05-23</sponsorshipDate>
        <state>NV</state>
        <middleName />
        <fullName>Sen. Rosen, Jacky [D-NV]</fullName>
        <lastName>Rosen</lastName>
        <identifiers>
          <gpoId />
          <lisID>2339</lisID>
          <bioguideId>R000608</bioguideId>
        </identifiers>
        <party>D</party>
        <firstName>Jacklyn</firstName>
        <bioguideId>R000608</bioguideId>
        <sponsorshipWithdrawnDate />
        <isOriginalCosponsor>True</isOriginalCosponsor>
      </item>
      <item>
        <sponsorshipDate>2019-05-23</sponsorshipDate>
        <state>NH</state>
        <middleName />
        <fullName>Sen. Shaheen, Jeanne [D-NH]</fullName>
        <lastName>Shaheen</lastName>
        <identifiers>
          <lisID>1901</lisID>
          <bioguideId>S001181</bioguideId>
          <gpoId>8276</gpoId>
        </identifiers>
        <party>D</party>
        <firstName>Jeanne</firstName>
        <bioguideId>S001181</bioguideId>
        <sponsorshipWithdrawnDate />
        <isOriginalCosponsor>True</isOriginalCosponsor>
      </item>
      <item>
        <sponsorshipDate>2019-05-23</sponsorshipDate>
        <state>MN</state>
        <middleName />
        <fullName>Sen. Smith, Tina  [D-MN]</fullName>
        <lastName>Smith</lastName>
        <identifiers>
          <gpoId />
          <lisID>2365</lisID>
          <bioguideId>S001203</bioguideId>
        </identifiers>
        <party>D</party>
        <firstName>Tina</firstName>
        <bioguideId>S001203</bioguideId>
        <sponsorshipWithdrawnDate />
        <isOriginalCosponsor>True</isOriginalCosponsor>
      </item>
      <item>
        <sponsorshipDate>2019-05-23</sponsorshipDate>
        <state>MI</state>
        <middleName>ANN</middleName>
        <fullName>Sen. Stabenow, Debbie [D-MI]</fullName>
        <lastName>STABENOW</lastName>
        <identifiers>
          <gpoId>8261</gpoId>
          <lisID>1531</lisID>
          <bioguideId>S000770</bioguideId>
        </identifiers>
        <party>D</party>
        <firstName>DEBORAH</firstName>
        <bioguideId>S000770</bioguideId>
        <sponsorshipWithdrawnDate />
        <isOriginalCosponsor>True</isOriginalCosponsor>
      </item>
      <item>
        <sponsorshipDate>2019-05-23</sponsorshipDate>
        <state>MD</state>
        <middleName />
        <fullName>Sen. Van Hollen, Chris [D-MD]</fullName>
        <lastName>Van Hollen</lastName>
        <identifiers>
          <gpoId>7983</gpoId>
          <lisID>1729</lisID>
          <bioguideId>V000128</bioguideId>
        </identifiers>
        <party>D</party>
        <firstName>Chris</firstName>
        <bioguideId>V000128</bioguideId>
        <sponsorshipWithdrawnDate />
        <isOriginalCosponsor>True</isOriginalCosponsor>
      </item>
      <item>
        <sponsorshipDate>2019-05-23</sponsorshipDate>
        <state>MA</state>
        <middleName>A.</middleName>
        <fullName>Sen. Warren, Elizabeth [D-MA]</fullName>
        <lastName>Warren</lastName>
        <identifiers>
          <gpoId />
          <bioguideId>W000817</bioguideId>
          <lisID>2182</lisID>
        </identifiers>
        <party>D</party>
        <firstName>Elizabeth</firstName>
        <bioguideId>W000817</bioguideId>
        <sponsorshipWithdrawnDate />
        <isOriginalCosponsor>True</isOriginalCosponsor>
      </item>
      <item>
        <sponsorshipDate>2019-05-23</sponsorshipDate>
        <state>AZ</state>
        <middleName />
        <fullName>Sen. Sinema, Kyrsten [D-AZ]</fullName>
        <lastName>Sinema</lastName>
        <identifiers>
          <gpoId />
          <bioguideId>S001191</bioguideId>
          <lisID>2099</lisID>
        </identifiers>
        <party>D</party>
        <firstName>Kyrsten</firstName>
        <bioguideId>S001191</bioguideId>
        <sponsorshipWithdrawnDate />
        <isOriginalCosponsor>True</isOriginalCosponsor>
      </item>
      <item>
        <sponsorshipDate>2019-05-23</sponsorshipDate>
        <state>VA</state>
        <middleName />
        <fullName>Sen. Kaine, Tim [D-VA]</fullName>
        <lastName>Kaine</lastName>
        <identifiers>
          <lisID>2176</lisID>
          <bioguideId>K000384</bioguideId>
          <gpoId />
        </identifiers>
        <party>D</party>
        <firstName>Timothy</firstName>
        <bioguideId>K000384</bioguideId>
        <sponsorshipWithdrawnDate />
        <isOriginalCosponsor>True</isOriginalCosponsor>
      </item>
    </cosponsors>
    <version>1.0.0</version>
    <sponsors>
      <item>
        <bioguideId>H001042</bioguideId>
        <state>HI</state>
        <middleName>K.</middleName>
        <party>D</party>
        <byRequestType />
        <firstName>Mazie</firstName>
        <lastName>Hirono</lastName>
        <fullName>Sen. Hirono, Mazie K. [D-HI]</fullName>
        <identifiers>
          <gpoId>7913</gpoId>
          <bioguideId>H001042</bioguideId>
          <lisID>1844</lisID>
        </identifiers>
      </item>
    </sponsors>
    <summaries>
      <billSummaries>
        <item>
          <text><![CDATA[<p>This resolution acknowledges the 55th anniversary of the election to the House of Representatives of Patsy Takemoto Mink, the first woman of color in Congress.</p>]]></text>
          <actionDesc>Introduced in Senate</actionDesc>
          <actionDate>2019-05-23</actionDate>
          <versionCode>00</versionCode>
          <name>Introduced in Senate</name>
          <lastSummaryUpdateDate>2019-06-14T20:28:57Z</lastSummaryUpdateDate>
          <updateDate>2019-05-23T04:00:00Z</updateDate>
        </item>
      </billSummaries>
    </summaries>
    <latestAction>
      <actionDate>2019-05-23</actionDate>
      <text>Referred to the Committee on the Judiciary. (Sponsor introductory remarks on measure: CR S3113-3114; text: CR S3113)</text>
      <links />
    </latestAction>
    <relatedBills />
    <recordedVotes />
    <billNumber>219</billNumber>
    <billType>SRES</billType>
    <committees>
      <billCommittees>
        <item>
          <subcommittees />
          <type>Standing</type>
          <name>Judiciary Committee</name>
          <systemCode>ssju00</systemCode>
          <chamber>Senate</chamber>
          <activities>
            <item>
              <name>Referred to</name>
              <date>2019-05-23T16:42:18Z</date>
            </item>
          </activities>
        </item>
      </billCommittees>
    </committees>
    <actions>
      <actionTypeCounts>
        <introducedInSenate>1</introducedInSenate>
        <referredToCommittee>1</referredToCommittee>
      </actionTypeCounts>
      <actionByCounts>
        <senate>2</senate>
      </actionByCounts>
      <item>
        <actionDate>2019-05-23</actionDate>
        <committee>
          <name>Judiciary Committee</name>
          <systemCode>ssju00</systemCode>
        </committee>
        <links>
          <link>
            <name>S3113</name>
            <url>https://www.congress.gov/congressional-record/volume-165/senate-section/page/S3113</url>
          </link>
          <link>
            <name>S3113-3114</name>
            <url>https://www.congress.gov/congressional-record/volume-165/senate-section/page/S3113-3114</url>
          </link>
        </links>
        <sourceSystem>
          <code>0</code>
          <name>Senate</name>
        </sourceSystem>
        <text>Referred to the Committee on the Judiciary. (Sponsor introductory remarks on measure: CR S3113-3114; text: CR S3113)</text>
        <type>IntroReferral</type>
      </item>
      <item>
        <links />
        <committee />
        <actionCode>10000</actionCode>
        <actionDate>2019-05-23</actionDate>
        <type>IntroReferral</type>
        <sourceSystem>
          <code>9</code>
          <name>Library of Congress</name>
        </sourceSystem>
        <text>Introduced in Senate</text>
      </item>
    </actions>
    <textVersions>
      <item>
        <formats>
          <item>
            <url>https://www.govinfo.gov/content/pkg/BILLS-116sres219is/xml/BILLS-116sres219is.xml</url>
          </item>
        </formats>
        <type>Introduced in Senate</type>
        <date>2019-05-23T04:00:00Z</date>
      </item>
    </textVersions>
    <titles>
      <item>
        <titleType>Official Title as Introduced</titleType>
        <title>A resolution honoring the life and legacy of Patsy Takemoto Mink, the first woman of color to serve in Congress.</title>
        <chamberCode />
        <parentTitleType />
        <chamberName />
      </item>
      <item>
        <titleType>Display Title</titleType>
        <title>A resolution honoring the life and legacy of Patsy Takemoto Mink, the first woman of color to serve in Congress.</title>
        <chamberCode />
        <parentTitleType />
        <chamberName />
      </item>
    </titles>
    <title>A resolution honoring the life and legacy of Patsy Takemoto Mink, the first woman of color to serve in Congress.</title>
    <policyArea>
      <name>Congress</name>
    </policyArea>
    <updateDate>2019-07-11T09:24:06Z</updateDate>
    <createDate>2019-05-24T05:27:12Z</createDate>
    <introducedDate>2019-05-23</introducedDate>
  </bill>
  <dublinCore xmlns:dc="http://purl.org/dc/elements/1.1/">
    <dc:format>text/xml</dc:format>
    <dc:language>EN</dc:language>
    <dc:rights>Pursuant to Title 17 Section 105 of the United States Code, this file is not subject to copyright protection and is in the public domain.</dc:rights>
    <dc:contributor>Congressional Research Service, Library of Congress</dc:contributor>
    <dc:description>This file contains bill summaries and statuses for federal legislation. A bill summary describes the most significant provisions of a piece of legislation and details the effects the legislative text may have on current law and federal programs. Bill summaries are authored by the Congressional Research Service (CRS) of the Library of Congress. As stated in Public Law 91-510 (2 USC 166 (d)(6)), one of the duties of CRS is "to prepare summaries and digests of bills and resolutions of a public general nature introduced in the Senate or House of Representatives". For more information, refer to the User Guide that accompanies this file.</dc:description>
  </dublinCore>
</billStatus>

