<?xml version="1.0" encoding="UTF-8"?>
<billStatus>
  <bill>
    <summaries>
      <billSummaries>
        <item>
          <name>Introduced in Senate</name>
          <actionDate>2019-05-09</actionDate>
          <versionCode>00</versionCode>
          <updateDate>2019-05-09T04:00:00Z</updateDate>
          <lastSummaryUpdateDate>2019-05-15T16:24:19Z</lastSummaryUpdateDate>
          <actionDesc>Introduced in Senate</actionDesc>
          <text><![CDATA[<p>This resolution suspends specified provisions of Rule IV of the Rules for the Regulation of the Senate Wing of the U.S. Capitol and Senate Office Buildings (prohibiting the taking of pictures in the Senate Chamber) to permit the Senate Photographic Studio to photograph the U.S. Senate in actual session on Tuesday, May 14, 2019, at 2:15 p.m.</p>]]></text>
        </item>
      </billSummaries>
    </summaries>
    <title>A resolution authorizing the taking of a photograph in the Senate Chamber.</title>
    <calendarNumbers />
    <laws />
    <cboCostEstimates />
    <congress>116</congress>
    <billType>SRES</billType>
    <textVersions>
      <item>
        <date>2019-05-09T04:00:00Z</date>
        <type>Agreed to Senate</type>
        <formats>
          <item>
            <url>https://www.govinfo.gov/content/pkg/BILLS-116sres200ats/xml/BILLS-116sres200ats.xml</url>
          </item>
        </formats>
      </item>
    </textVersions>
    <amendments />
    <introducedDate>2019-05-09</introducedDate>
    <committees>
      <billCommittees />
    </committees>
    <updateDate>2019-05-18T09:20:08Z</updateDate>
    <actions>
      <actionByCounts>
        <senate>3</senate>
      </actionByCounts>
      <actionTypeCounts>
        <introducedInSenate>1</introducedInSenate>
        <passedAgreedToInSenate>1</passedAgreedToInSenate>
        <passedOrAgreedToInSenateDayOf>1</passedOrAgreedToInSenateDayOf>
      </actionTypeCounts>
      <item>
        <actionDate>2019-05-09</actionDate>
        <committee />
        <links>
          <link>
            <url>https://www.congress.gov/congressional-record/volume-165/senate-section/page/S2773-2774</url>
            <name>S2773-2774</name>
          </link>
          <link>
            <url>https://www.congress.gov/congressional-record/volume-165/senate-section/page/S2774</url>
            <name>S2774</name>
          </link>
        </links>
        <sourceSystem>
          <code>0</code>
          <name>Senate</name>
        </sourceSystem>
        <text>Submitted in the Senate, considered, and agreed to without amendment by Unanimous Consent. (consideration: CR S2774; text: CR S2773-2774)</text>
        <type>Floor</type>
      </item>
      <item>
        <actionDate>2019-05-09</actionDate>
        <text>Passed/agreed to in Senate: Submitted in the Senate, considered, and agreed to without amendment by Unanimous Consent.(consideration: CR S2774; text: CR S2773-2774)</text>
        <committee />
        <actionCode>17000</actionCode>
        <type>Floor</type>
        <links>
          <link>
            <url>https://www.congress.gov/congressional-record/volume-165/senate-section/page/S2773-2774</url>
            <name>S2773-2774</name>
          </link>
          <link>
            <url>https://www.congress.gov/congressional-record/volume-165/senate-section/page/S2774</url>
            <name>S2774</name>
          </link>
        </links>
        <sourceSystem>
          <code>9</code>
          <name>Library of Congress</name>
        </sourceSystem>
      </item>
      <item>
        <actionDate>2019-05-09</actionDate>
        <text>Introduced in Senate</text>
        <committee />
        <actionCode>10000</actionCode>
        <type>IntroReferral</type>
        <links />
        <sourceSystem>
          <code>9</code>
          <name>Library of Congress</name>
        </sourceSystem>
      </item>
    </actions>
    <latestAction>
      <text>Submitted in the Senate, considered, and agreed to without amendment by Unanimous Consent. (consideration: CR S2774; text: CR S2773-2774)</text>
      <actionDate>2019-05-09</actionDate>
      <links />
    </latestAction>
    <relatedBills />
    <originChamber>Senate</originChamber>
    <cosponsors>
      <item>
        <firstName>Amy</firstName>
        <state>MN</state>
        <identifiers>
          <lisID>1826</lisID>
          <bioguideId>K000367</bioguideId>
          <gpoId>8249</gpoId>
        </identifiers>
        <isOriginalCosponsor>True</isOriginalCosponsor>
        <middleName />
        <sponsorshipDate>2019-05-09</sponsorshipDate>
        <bioguideId>K000367</bioguideId>
        <sponsorshipWithdrawnDate />
        <party>D</party>
        <fullName>Sen. Klobuchar, Amy [D-MN]</fullName>
        <lastName>Klobuchar</lastName>
      </item>
    </cosponsors>
    <policyArea>
      <name>Congress</name>
    </policyArea>
    <createDate>2019-05-10T04:42:09Z</createDate>
    <subjects>
      <billSubjects>
        <legislativeSubjects>
          <item>
            <name>Legislative rules and procedure</name>
          </item>
          <item>
            <name>Photography and imaging</name>
          </item>
          <item>
            <name>Senate</name>
          </item>
          <item>
            <name>U.S. Capitol</name>
          </item>
        </legislativeSubjects>
        <policyArea>
          <name>Congress</name>
        </policyArea>
      </billSubjects>
    </subjects>
    <sponsors>
      <item>
        <fullName>Sen. Blunt, Roy [R-MO]</fullName>
        <byRequestType />
        <bioguideId>B000575</bioguideId>
        <middleName />
        <lastName>Blunt</lastName>
        <identifiers>
          <gpoId>8313</gpoId>
          <lisID>1464</lisID>
          <bioguideId>B000575</bioguideId>
        </identifiers>
        <firstName>Roy</firstName>
        <party>R</party>
        <state>MO</state>
      </item>
    </sponsors>
    <recordedVotes />
    <committeeReports />
    <version>1.0.0</version>
    <notes />
    <titles>
      <item>
        <chamberName />
        <title>A resolution authorizing the taking of a photograph in the Senate Chamber.</title>
        <titleType>Official Title as Introduced</titleType>
        <parentTitleType />
        <chamberCode />
      </item>
      <item>
        <chamberName />
        <title>A resolution authorizing the taking of a photograph in the Senate Chamber.</title>
        <titleType>Display Title</titleType>
        <parentTitleType />
        <chamberCode />
      </item>
    </titles>
    <billNumber>200</billNumber>
  </bill>
  <dublinCore xmlns:dc="http://purl.org/dc/elements/1.1/">
    <dc:format>text/xml</dc:format>
    <dc:language>EN</dc:language>
    <dc:rights>Pursuant to Title 17 Section 105 of the United States Code, this file is not subject to copyright protection and is in the public domain.</dc:rights>
    <dc:contributor>Congressional Research Service, Library of Congress</dc:contributor>
    <dc:description>This file contains bill summaries and statuses for federal legislation. A bill summary describes the most significant provisions of a piece of legislation and details the effects the legislative text may have on current law and federal programs. Bill summaries are authored by the Congressional Research Service (CRS) of the Library of Congress. As stated in Public Law 91-510 (2 USC 166 (d)(6)), one of the duties of CRS is "to prepare summaries and digests of bills and resolutions of a public general nature introduced in the Senate or House of Representatives". For more information, refer to the User Guide that accompanies this file.</dc:description>
  </dublinCore>
</billStatus>

