<?xml version="1.0" encoding="UTF-8"?>
<billStatus>
  <bill>
    <billNumber>44</billNumber>
    <version>1.0.0</version>
    <subjects>
      <billSubjects>
        <policyArea>
          <name>Crime and Law Enforcement</name>
        </policyArea>
        <legislativeSubjects>
          <item>
            <name>Assault and harassment offenses</name>
          </item>
          <item>
            <name>Commemorative events and holidays</name>
          </item>
          <item>
            <name>Congressional tributes</name>
          </item>
          <item>
            <name>Crime victims</name>
          </item>
          <item>
            <name>Law enforcement officers</name>
          </item>
        </legislativeSubjects>
      </billSubjects>
    </subjects>
    <createDate>2019-02-06T06:10:14Z</createDate>
    <summaries>
      <billSummaries>
        <item>
          <updateDate>2019-02-05T05:00:00Z</updateDate>
          <lastSummaryUpdateDate>2019-02-21T19:49:36Z</lastSummaryUpdateDate>
          <actionDesc>Introduced in Senate</actionDesc>
          <text><![CDATA[<p>This resolution designates January 2019 as National Stalking Awareness Month.</p> <p>Additionally, it does the following:</p> <ul> <li>applauds the efforts of service providers, police, prosecutors, national and community organizations, campuses, and private sector supporters to promote awareness of stalking;</li> <li>encourages increased awareness of stalking and the availability of services for stalking victims; and</li> <li>urges national and community organizations, private businesses, and the media to promote awareness of the crime of stalking through National Stalking Awareness Month.</li> </ul>]]></text>
          <actionDate>2019-02-05</actionDate>
          <name>Introduced in Senate</name>
          <versionCode>00</versionCode>
        </item>
        <item>
          <updateDate>2019-02-05T13:44:59Z</updateDate>
          <lastSummaryUpdateDate>2019-03-18T14:04:28Z</lastSummaryUpdateDate>
          <actionDesc>Passed Senate</actionDesc>
          <text><![CDATA[<p>This resolution designates January 2019 as National Stalking Awareness Month.</p> <p>Additionally, it does the following:</p> <ul> <li>applauds the efforts of service providers, police, prosecutors, national and community organizations, campuses, and private sector supporters to promote awareness of stalking;</li> <li>encourages increased awareness of stalking and the availability of services for stalking victims; and</li> <li>urges national and community organizations, private businesses, and the media to promote awareness of the crime of stalking through National Stalking Awareness Month.</li> </ul>]]></text>
          <actionDate>2019-02-05</actionDate>
          <name>Passed Senate</name>
          <versionCode>55</versionCode>
        </item>
      </billSummaries>
    </summaries>
    <actions>
      <actionByCounts>
        <senate>3</senate>
      </actionByCounts>
      <actionTypeCounts>
        <passedAgreedToInSenate>1</passedAgreedToInSenate>
        <passedOrAgreedToInSenateDayOf>1</passedOrAgreedToInSenateDayOf>
        <introducedInSenate>1</introducedInSenate>
      </actionTypeCounts>
      <item>
        <actionDate>2019-02-05</actionDate>
        <committee />
        <links>
          <link>
            <url>https://www.congress.gov/congressional-record/volume-165/senate-section/page/S870-871</url>
            <name>S870-871</name>
          </link>
          <link>
            <url>https://www.congress.gov/congressional-record/volume-165/senate-section/page/S874</url>
            <name>S874</name>
          </link>
        </links>
        <sourceSystem>
          <code>0</code>
          <name>Senate</name>
        </sourceSystem>
        <text>Submitted in the Senate, considered, and agreed to without amendment and with a preamble by Voice Vote. (consideration: CR S874; text: CR S870-871)</text>
        <type>Floor</type>
      </item>
      <item>
        <links>
          <link>
            <url>https://www.congress.gov/congressional-record/volume-165/senate-section/page/S870-871</url>
            <name>S870-871</name>
          </link>
          <link>
            <url>https://www.congress.gov/congressional-record/volume-165/senate-section/page/S874</url>
            <name>S874</name>
          </link>
        </links>
        <text>Passed/agreed to in Senate: Submitted in the Senate, considered, and agreed to without amendment and with a preamble by Voice Vote.(consideration: CR S874; text: CR S870-871)</text>
        <committee />
        <actionCode>17000</actionCode>
        <type>Floor</type>
        <sourceSystem>
          <code>9</code>
          <name>Library of Congress</name>
        </sourceSystem>
        <actionDate>2019-02-05</actionDate>
      </item>
      <item>
        <links />
        <text>Introduced in Senate</text>
        <committee />
        <actionCode>10000</actionCode>
        <type>IntroReferral</type>
        <sourceSystem>
          <code>9</code>
          <name>Library of Congress</name>
        </sourceSystem>
        <actionDate>2019-02-05</actionDate>
      </item>
    </actions>
    <calendarNumbers />
    <recordedVotes />
    <billType>SRES</billType>
    <originChamber>Senate</originChamber>
    <title>A resolution raising awareness and encouraging the prevention of stalking by designating January 2019 as "National Stalking Awareness Month".</title>
    <congress>116</congress>
    <policyArea>
      <name>Crime and Law Enforcement</name>
    </policyArea>
    <sponsors>
      <item>
        <firstName>Amy</firstName>
        <party>D</party>
        <bioguideId>K000367</bioguideId>
        <identifiers>
          <lisID>1826</lisID>
          <bioguideId>K000367</bioguideId>
          <gpoId>8249</gpoId>
        </identifiers>
        <fullName>Sen. Klobuchar, Amy [D-MN]</fullName>
        <state>MN</state>
        <byRequestType />
        <middleName />
        <lastName>Klobuchar</lastName>
      </item>
    </sponsors>
    <latestAction>
      <text>Submitted in the Senate, considered, and agreed to without amendment and with a preamble by Voice Vote. (consideration: CR S874; text: CR S870-871)</text>
      <links />
      <actionDate>2019-02-05</actionDate>
    </latestAction>
    <textVersions>
      <item>
        <date>2019-02-05T05:00:00Z</date>
        <formats>
          <item>
            <url>https://www.govinfo.gov/content/pkg/BILLS-116sres44ats/xml/BILLS-116sres44ats.xml</url>
          </item>
        </formats>
        <type>Agreed to Senate</type>
      </item>
    </textVersions>
    <titles>
      <item>
        <title>A resolution raising awareness and encouraging the prevention of stalking by designating January 2019 as "National Stalking Awareness Month".</title>
        <titleType>Official Title as Introduced</titleType>
        <chamberName />
        <chamberCode />
        <parentTitleType />
      </item>
      <item>
        <title>A resolution raising awareness and encouraging the prevention of stalking by designating January 2019 as "National Stalking Awareness Month".</title>
        <titleType>Display Title</titleType>
        <chamberName />
        <chamberCode />
        <parentTitleType />
      </item>
    </titles>
    <cosponsors>
      <item>
        <fullName>Sen. Grassley, Chuck [R-IA]</fullName>
        <sponsorshipWithdrawnDate />
        <middleName>ERNEST</middleName>
        <firstName>CHARLES</firstName>
        <identifiers>
          <lisID>457</lisID>
          <gpoId>8316</gpoId>
          <bioguideId>G000386</bioguideId>
        </identifiers>
        <lastName>GRASSLEY</lastName>
        <isOriginalCosponsor>True</isOriginalCosponsor>
        <bioguideId>G000386</bioguideId>
        <sponsorshipDate>2019-02-05</sponsorshipDate>
        <state>IA</state>
        <party>R</party>
      </item>
      <item>
        <fullName>Sen. Feinstein, Dianne [D-CA]</fullName>
        <sponsorshipWithdrawnDate />
        <middleName />
        <firstName>DIANNE</firstName>
        <identifiers>
          <gpoId>8338</gpoId>
          <lisID>1332</lisID>
          <bioguideId>F000062</bioguideId>
        </identifiers>
        <lastName>FEINSTEIN</lastName>
        <isOriginalCosponsor>True</isOriginalCosponsor>
        <bioguideId>F000062</bioguideId>
        <sponsorshipDate>2019-02-05</sponsorshipDate>
        <state>CA</state>
        <party>D</party>
      </item>
      <item>
        <fullName>Sen. Hirono, Mazie K. [D-HI]</fullName>
        <sponsorshipWithdrawnDate />
        <middleName>K.</middleName>
        <firstName>Mazie</firstName>
        <identifiers>
          <lisID>1844</lisID>
          <gpoId>7913</gpoId>
          <bioguideId>H001042</bioguideId>
        </identifiers>
        <lastName>Hirono</lastName>
        <isOriginalCosponsor>True</isOriginalCosponsor>
        <bioguideId>H001042</bioguideId>
        <sponsorshipDate>2019-02-05</sponsorshipDate>
        <state>HI</state>
        <party>D</party>
      </item>
      <item>
        <fullName>Sen. Harris, Kamala D. [D-CA]</fullName>
        <sponsorshipWithdrawnDate />
        <middleName>D.</middleName>
        <firstName>Kamala</firstName>
        <identifiers>
          <gpoId />
          <bioguideId>H001075</bioguideId>
          <lisID>2301</lisID>
        </identifiers>
        <lastName>Harris</lastName>
        <isOriginalCosponsor>True</isOriginalCosponsor>
        <bioguideId>H001075</bioguideId>
        <sponsorshipDate>2019-02-05</sponsorshipDate>
        <state>CA</state>
        <party>D</party>
      </item>
      <item>
        <fullName>Sen. Ernst, Joni  [R-IA]</fullName>
        <sponsorshipWithdrawnDate />
        <middleName />
        <firstName>Joni</firstName>
        <identifiers>
          <lisID>2283</lisID>
          <bioguideId>E000295</bioguideId>
          <gpoId />
        </identifiers>
        <lastName>Ernst</lastName>
        <isOriginalCosponsor>True</isOriginalCosponsor>
        <bioguideId>E000295</bioguideId>
        <sponsorshipDate>2019-02-05</sponsorshipDate>
        <state>IA</state>
        <party>R</party>
      </item>
      <item>
        <fullName>Sen. Blackburn, Marsha [R-TN]</fullName>
        <sponsorshipWithdrawnDate />
        <middleName />
        <firstName>Marsha</firstName>
        <identifiers>
          <bioguideId>B001243</bioguideId>
          <lisID>1748</lisID>
          <gpoId>8154</gpoId>
        </identifiers>
        <lastName>Blackburn</lastName>
        <isOriginalCosponsor>True</isOriginalCosponsor>
        <bioguideId>B001243</bioguideId>
        <sponsorshipDate>2019-02-05</sponsorshipDate>
        <state>TN</state>
        <party>R</party>
      </item>
      <item>
        <fullName>Sen. Tillis, Thom [R-NC]</fullName>
        <sponsorshipWithdrawnDate />
        <middleName>Roland</middleName>
        <firstName>Thomas</firstName>
        <identifiers>
          <bioguideId>T000476</bioguideId>
          <gpoId />
          <lisID>2291</lisID>
        </identifiers>
        <lastName>Tillis</lastName>
        <isOriginalCosponsor>True</isOriginalCosponsor>
        <bioguideId>T000476</bioguideId>
        <sponsorshipDate>2019-02-05</sponsorshipDate>
        <state>NC</state>
        <party>R</party>
      </item>
      <item>
        <fullName>Sen. Crapo, Mike [R-ID]</fullName>
        <sponsorshipWithdrawnDate />
        <middleName>D.</middleName>
        <firstName>MICHAEL</firstName>
        <identifiers>
          <lisID>250</lisID>
          <bioguideId>C000880</bioguideId>
          <gpoId>8289</gpoId>
        </identifiers>
        <lastName>CRAPO</lastName>
        <isOriginalCosponsor>True</isOriginalCosponsor>
        <bioguideId>C000880</bioguideId>
        <sponsorshipDate>2019-02-05</sponsorshipDate>
        <state>ID</state>
        <party>R</party>
      </item>
    </cosponsors>
    <amendments />
    <introducedDate>2019-02-05</introducedDate>
    <updateDate>2019-04-03T17:30:09Z</updateDate>
    <cboCostEstimates />
    <laws />
    <relatedBills>
      <item>
        <relationshipDetails>
          <item>
            <type>Related bill</type>
            <identifiedBy>CRS</identifiedBy>
          </item>
        </relationshipDetails>
        <latestAction>
          <text>Referred to the Subcommittee on Crime, Terrorism, and Homeland Security.</text>
          <actionDate>2019-01-31</actionDate>
        </latestAction>
        <congress>116</congress>
        <type>HRES</type>
        <latestTitle>Raising awareness and encouraging the prevention of stalking by expressing support for the designation of January 2019 as "National Stalking Awareness Month".</latestTitle>
        <number>94</number>
      </item>
    </relatedBills>
    <committees>
      <billCommittees />
    </committees>
    <committeeReports />
    <notes />
  </bill>
  <dublinCore xmlns:dc="http://purl.org/dc/elements/1.1/">
    <dc:format>text/xml</dc:format>
    <dc:language>EN</dc:language>
    <dc:rights>Pursuant to Title 17 Section 105 of the United States Code, this file is not subject to copyright protection and is in the public domain.</dc:rights>
    <dc:contributor>Congressional Research Service, Library of Congress</dc:contributor>
    <dc:description>This file contains bill summaries and statuses for federal legislation. A bill summary describes the most significant provisions of a piece of legislation and details the effects the legislative text may have on current law and federal programs. Bill summaries are authored by the Congressional Research Service (CRS) of the Library of Congress. As stated in Public Law 91-510 (2 USC 166 (d)(6)), one of the duties of CRS is "to prepare summaries and digests of bills and resolutions of a public general nature introduced in the Senate or House of Representatives". For more information, refer to the User Guide that accompanies this file.</dc:description>
  </dublinCore>
</billStatus>

