<?xml version="1.0" encoding="UTF-8"?>
<billStatus>
  <bill>
    <policyArea>
      <name>Health</name>
    </policyArea>
    <summaries>
      <billSummaries />
    </summaries>
    <updateDate>2019-10-26T09:58:22Z</updateDate>
    <cboCostEstimates />
    <textVersions>
      <item>
        <date>2019-09-26T04:00:00Z</date>
        <type>Agreed to Senate</type>
        <formats>
          <item>
            <url>https://www.govinfo.gov/content/pkg/BILLS-116sres354ats/xml/BILLS-116sres354ats.xml</url>
          </item>
        </formats>
      </item>
    </textVersions>
    <committees>
      <billCommittees />
    </committees>
    <latestAction>
      <actionDate>2019-09-26</actionDate>
      <text>Submitted in the Senate, considered, and agreed to without amendment and with a preamble by Unanimous Consent. (consideration: CR S5760; text: CR S5756)</text>
      <links />
    </latestAction>
    <createDate>2019-09-27T04:42:29Z</createDate>
    <sponsors>
      <item>
        <identifiers>
          <bioguideId>M000133</bioguideId>
          <lisID>735</lisID>
          <gpoId>7972</gpoId>
        </identifiers>
        <fullName>Sen. Markey, Edward J. [D-MA]</fullName>
        <middleName>J.</middleName>
        <party>D</party>
        <bioguideId>M000133</bioguideId>
        <state>MA</state>
        <byRequestType />
        <firstName>EDWARD</firstName>
        <lastName>MARKEY</lastName>
      </item>
    </sponsors>
    <subjects>
      <billSubjects>
        <legislativeSubjects />
        <policyArea>
          <name>Health</name>
        </policyArea>
      </billSubjects>
    </subjects>
    <amendments />
    <relatedBills />
    <recordedVotes />
    <billType>SRES</billType>
    <originChamber>Senate</originChamber>
    <titles>
      <item>
        <titleType>Official Title as Introduced</titleType>
        <parentTitleType />
        <chamberName />
        <title>A resolution designating September 2019 as "National Brain Aneurysm Awareness Month".</title>
        <chamberCode />
      </item>
      <item>
        <titleType>Display Title</titleType>
        <parentTitleType />
        <chamberName />
        <title>A resolution designating September 2019 as "National Brain Aneurysm Awareness Month".</title>
        <chamberCode />
      </item>
    </titles>
    <cosponsors>
      <item>
        <middleName />
        <isOriginalCosponsor>True</isOriginalCosponsor>
        <identifiers>
          <bioguideId>H001079</bioguideId>
          <lisID>2366</lisID>
          <gpoId />
        </identifiers>
        <bioguideId>H001079</bioguideId>
        <party>R</party>
        <sponsorshipWithdrawnDate />
        <sponsorshipDate>2019-09-26</sponsorshipDate>
        <state>MS</state>
        <fullName>Sen. Hyde-Smith, Cindy [R-MS]</fullName>
        <lastName>Hyde-Smith</lastName>
        <firstName>Cindy</firstName>
      </item>
    </cosponsors>
    <actions>
      <actionTypeCounts>
        <passedAgreedToInSenate>1</passedAgreedToInSenate>
        <introducedInSenate>1</introducedInSenate>
        <passedOrAgreedToInSenateDayOf>1</passedOrAgreedToInSenateDayOf>
      </actionTypeCounts>
      <item>
        <actionDate>2019-09-26</actionDate>
        <committee />
        <links>
          <link>
            <url>https://www.congress.gov/congressional-record/volume-165/senate-section/page/S5756</url>
            <name>S5756</name>
          </link>
          <link>
            <url>https://www.congress.gov/congressional-record/volume-165/senate-section/page/S5760</url>
            <name>S5760</name>
          </link>
        </links>
        <sourceSystem>
          <code>0</code>
          <name>Senate</name>
        </sourceSystem>
        <text>Submitted in the Senate, considered, and agreed to without amendment and with a preamble by Unanimous Consent. (consideration: CR S5760; text: CR S5756)</text>
        <type>Floor</type>
      </item>
      <item>
        <links>
          <link>
            <url>https://www.congress.gov/congressional-record/volume-165/senate-section/page/S5756</url>
            <name>S5756</name>
          </link>
          <link>
            <url>https://www.congress.gov/congressional-record/volume-165/senate-section/page/S5760</url>
            <name>S5760</name>
          </link>
        </links>
        <actionDate>2019-09-26</actionDate>
        <text>Passed/agreed to in Senate: Submitted in the Senate, considered, and agreed to without amendment and with a preamble by Unanimous Consent.(consideration: CR S5760; text: CR S5756)</text>
        <type>Floor</type>
        <committee />
        <sourceSystem>
          <code>9</code>
          <name>Library of Congress</name>
        </sourceSystem>
        <actionCode>17000</actionCode>
      </item>
      <item>
        <links />
        <actionDate>2019-09-26</actionDate>
        <text>Introduced in Senate</text>
        <type>IntroReferral</type>
        <committee />
        <sourceSystem>
          <code>9</code>
          <name>Library of Congress</name>
        </sourceSystem>
        <actionCode>10000</actionCode>
      </item>
      <actionByCounts>
        <senate>3</senate>
      </actionByCounts>
    </actions>
    <laws />
    <committeeReports />
    <introducedDate>2019-09-26</introducedDate>
    <version>1.0.0</version>
    <congress>116</congress>
    <billNumber>354</billNumber>
    <notes />
    <calendarNumbers />
    <title>A resolution designating September 2019 as "National Brain Aneurysm Awareness Month".</title>
  </bill>
  <dublinCore xmlns:dc="http://purl.org/dc/elements/1.1/">
    <dc:format>text/xml</dc:format>
    <dc:language>EN</dc:language>
    <dc:rights>Pursuant to Title 17 Section 105 of the United States Code, this file is not subject to copyright protection and is in the public domain.</dc:rights>
    <dc:contributor>Congressional Research Service, Library of Congress</dc:contributor>
    <dc:description>This file contains bill summaries and statuses for federal legislation. A bill summary describes the most significant provisions of a piece of legislation and details the effects the legislative text may have on current law and federal programs. Bill summaries are authored by the Congressional Research Service (CRS) of the Library of Congress. As stated in Public Law 91-510 (2 USC 166 (d)(6)), one of the duties of CRS is "to prepare summaries and digests of bills and resolutions of a public general nature introduced in the Senate or House of Representatives". For more information, refer to the User Guide that accompanies this file.</dc:description>
  </dublinCore>
</billStatus>

