<?xml version="1.0" encoding="UTF-8"?>
<billStatus>
  <bill>
    <relatedBills />
    <cboCostEstimates />
    <summaries>
      <billSummaries>
        <item>
          <name>Introduced in Senate</name>
          <versionCode>00</versionCode>
          <text><![CDATA[<p>This resolution designates March 2019 as National Women's History Month. The resolution also recognizes the celebration of such month as a time to reflect on the contributions that women have made to the United States.</p> <ul></ul>]]></text>
          <lastSummaryUpdateDate>2019-04-09T20:38:27Z</lastSummaryUpdateDate>
          <actionDesc>Introduced in Senate</actionDesc>
          <actionDate>2019-03-27</actionDate>
          <updateDate>2019-03-27T04:00:00Z</updateDate>
        </item>
        <item>
          <name>Passed Senate</name>
          <versionCode>55</versionCode>
          <text><![CDATA[<p>This resolution designates March 2019 as National Women's History Month. The resolution also recognizes the celebration of such month as a time to reflect on the contributions that women have made to the United States.</p> <ul></ul>]]></text>
          <lastSummaryUpdateDate>2019-04-11T19:01:07Z</lastSummaryUpdateDate>
          <actionDesc>Passed Senate</actionDesc>
          <actionDate>2019-03-27</actionDate>
          <updateDate>2019-03-27T13:48:48Z</updateDate>
        </item>
      </billSummaries>
    </summaries>
    <originChamber>Senate</originChamber>
    <policyArea>
      <name>Civil Rights and Liberties, Minority Issues</name>
    </policyArea>
    <updateDate>2019-04-16T04:27:28Z</updateDate>
    <notes />
    <amendments />
    <congress>116</congress>
    <titles>
      <item>
        <title>A resolution designating March 2019 as "National Women's History Month".</title>
        <chamberName />
        <titleType>Official Title as Introduced</titleType>
        <parentTitleType />
        <chamberCode />
      </item>
      <item>
        <title>A resolution designating March 2019 as "National Women's History Month".</title>
        <chamberName />
        <titleType>Display Title</titleType>
        <parentTitleType />
        <chamberCode />
      </item>
    </titles>
    <actions>
      <actionTypeCounts>
        <introducedInSenate>1</introducedInSenate>
        <passedOrAgreedToInSenateDayOf>1</passedOrAgreedToInSenateDayOf>
        <passedAgreedToInSenate>1</passedAgreedToInSenate>
      </actionTypeCounts>
      <item>
        <actionDate>2019-03-27</actionDate>
        <committee />
        <links>
          <link>
            <url>https://www.congress.gov/congressional-record/volume-165/senate-section/page/S2056</url>
            <name>S2056</name>
          </link>
          <link>
            <url>https://www.congress.gov/congressional-record/volume-165/senate-section/page/S2062</url>
            <name>S2062</name>
          </link>
        </links>
        <sourceSystem>
          <name>Senate</name>
          <code>0</code>
        </sourceSystem>
        <text>Submitted in the Senate, considered, and agreed to without amendment and with a preamble by Unanimous Consent. (consideration: CR S2062; text: CR S2056)</text>
        <type>Floor</type>
      </item>
      <item>
        <actionCode>17000</actionCode>
        <actionDate>2019-03-27</actionDate>
        <committee />
        <links>
          <link>
            <url>https://www.congress.gov/congressional-record/volume-165/senate-section/page/S2056</url>
            <name>S2056</name>
          </link>
          <link>
            <url>https://www.congress.gov/congressional-record/volume-165/senate-section/page/S2062</url>
            <name>S2062</name>
          </link>
        </links>
        <text>Passed/agreed to in Senate: Submitted in the Senate, considered, and agreed to without amendment and with a preamble by Unanimous Consent.(consideration: CR S2062; text: CR S2056)</text>
        <type>Floor</type>
        <sourceSystem>
          <name>Library of Congress</name>
          <code>9</code>
        </sourceSystem>
      </item>
      <item>
        <actionCode>10000</actionCode>
        <actionDate>2019-03-27</actionDate>
        <committee />
        <links />
        <text>Introduced in Senate</text>
        <type>IntroReferral</type>
        <sourceSystem>
          <name>Library of Congress</name>
          <code>9</code>
        </sourceSystem>
      </item>
      <actionByCounts>
        <senate>3</senate>
      </actionByCounts>
    </actions>
    <committeeReports />
    <billType>SRES</billType>
    <committees>
      <billCommittees />
    </committees>
    <version>1.0.0</version>
    <sponsors>
      <item>
        <firstName>DIANNE</firstName>
        <bioguideId>F000062</bioguideId>
        <byRequestType />
        <identifiers>
          <bioguideId>F000062</bioguideId>
          <gpoId>8338</gpoId>
          <lisID>1332</lisID>
        </identifiers>
        <state>CA</state>
        <lastName>FEINSTEIN</lastName>
        <middleName />
        <fullName>Sen. Feinstein, Dianne [D-CA]</fullName>
        <party>D</party>
      </item>
    </sponsors>
    <introducedDate>2019-03-27</introducedDate>
    <laws />
    <calendarNumbers />
    <createDate>2019-03-28T04:42:07Z</createDate>
    <title>A resolution designating March 2019 as "National Women's History Month".</title>
    <textVersions>
      <item>
        <type>Agreed to Senate</type>
        <formats>
          <item>
            <url>https://www.govinfo.gov/content/pkg/BILLS-116sres125ats/xml/BILLS-116sres125ats.xml</url>
          </item>
        </formats>
        <date>2019-03-27T04:00:00Z</date>
      </item>
    </textVersions>
    <subjects>
      <billSubjects>
        <policyArea>
          <name>Civil Rights and Liberties, Minority Issues</name>
        </policyArea>
        <legislativeSubjects>
          <item>
            <name>Commemorative events and holidays</name>
          </item>
          <item>
            <name>U.S. history</name>
          </item>
          <item>
            <name>Women's rights</name>
          </item>
        </legislativeSubjects>
      </billSubjects>
    </subjects>
    <billNumber>125</billNumber>
    <latestAction>
      <text>Submitted in the Senate, considered, and agreed to without amendment and with a preamble by Unanimous Consent. (consideration: CR S2062; text: CR S2056)</text>
      <links />
      <actionDate>2019-03-27</actionDate>
    </latestAction>
    <cosponsors>
      <item>
        <lastName>Murkowski</lastName>
        <middleName />
        <state>AK</state>
        <firstName>Lisa</firstName>
        <sponsorshipDate>2019-03-27</sponsorshipDate>
        <bioguideId>M001153</bioguideId>
        <party>R</party>
        <fullName>Sen. Murkowski, Lisa [R-AK]</fullName>
        <identifiers>
          <bioguideId>M001153</bioguideId>
          <gpoId>8234</gpoId>
          <lisID>1694</lisID>
        </identifiers>
        <sponsorshipWithdrawnDate />
        <isOriginalCosponsor>True</isOriginalCosponsor>
      </item>
      <item>
        <lastName>Menendez</lastName>
        <middleName />
        <state>NJ</state>
        <firstName>Robert</firstName>
        <sponsorshipDate>2019-03-27</sponsorshipDate>
        <bioguideId>M000639</bioguideId>
        <party>D</party>
        <fullName>Sen. Menendez, Robert [D-NJ]</fullName>
        <identifiers>
          <gpoId>8239</gpoId>
          <bioguideId>M000639</bioguideId>
          <lisID>791</lisID>
        </identifiers>
        <sponsorshipWithdrawnDate />
        <isOriginalCosponsor>True</isOriginalCosponsor>
      </item>
      <item>
        <lastName>COLLINS</lastName>
        <middleName>MARGARET</middleName>
        <state>ME</state>
        <firstName>SUSAN</firstName>
        <sponsorshipDate>2019-03-27</sponsorshipDate>
        <bioguideId>C001035</bioguideId>
        <party>R</party>
        <fullName>Sen. Collins, Susan M. [R-ME]</fullName>
        <identifiers>
          <bioguideId>C001035</bioguideId>
          <lisID>1541</lisID>
          <gpoId>8291</gpoId>
        </identifiers>
        <sponsorshipWithdrawnDate />
        <isOriginalCosponsor>True</isOriginalCosponsor>
      </item>
      <item>
        <lastName>Brown</lastName>
        <middleName />
        <state>OH</state>
        <firstName>Sherrod</firstName>
        <sponsorshipDate>2019-03-27</sponsorshipDate>
        <bioguideId>B000944</bioguideId>
        <party>D</party>
        <fullName>Sen. Brown, Sherrod [D-OH]</fullName>
        <identifiers>
          <lisID>136</lisID>
          <bioguideId>B000944</bioguideId>
          <gpoId>8309</gpoId>
        </identifiers>
        <sponsorshipWithdrawnDate />
        <isOriginalCosponsor>True</isOriginalCosponsor>
      </item>
      <item>
        <lastName>Ernst</lastName>
        <middleName />
        <state>IA</state>
        <firstName>Joni</firstName>
        <sponsorshipDate>2019-03-27</sponsorshipDate>
        <bioguideId>E000295</bioguideId>
        <party>R</party>
        <fullName>Sen. Ernst, Joni  [R-IA]</fullName>
        <identifiers>
          <lisID>2283</lisID>
          <bioguideId>E000295</bioguideId>
          <gpoId />
        </identifiers>
        <sponsorshipWithdrawnDate />
        <isOriginalCosponsor>True</isOriginalCosponsor>
      </item>
      <item>
        <lastName>Coons</lastName>
        <middleName>A.</middleName>
        <state>DE</state>
        <firstName>Christopher</firstName>
        <sponsorshipDate>2019-03-27</sponsorshipDate>
        <bioguideId>C001088</bioguideId>
        <party>D</party>
        <fullName>Sen. Coons, Christopher A. [D-DE]</fullName>
        <identifiers>
          <lisID>1984</lisID>
          <bioguideId>C001088</bioguideId>
          <gpoId>8297</gpoId>
        </identifiers>
        <sponsorshipWithdrawnDate />
        <isOriginalCosponsor>True</isOriginalCosponsor>
      </item>
      <item>
        <lastName>MARKEY</lastName>
        <middleName>J.</middleName>
        <state>MA</state>
        <firstName>EDWARD</firstName>
        <sponsorshipDate>2019-03-27</sponsorshipDate>
        <bioguideId>M000133</bioguideId>
        <party>D</party>
        <fullName>Sen. Markey, Edward J. [D-MA]</fullName>
        <identifiers>
          <lisID>735</lisID>
          <bioguideId>M000133</bioguideId>
          <gpoId>7972</gpoId>
        </identifiers>
        <sponsorshipWithdrawnDate />
        <isOriginalCosponsor>True</isOriginalCosponsor>
      </item>
      <item>
        <lastName>Blumenthal</lastName>
        <middleName />
        <state>CT</state>
        <firstName>Richard</firstName>
        <sponsorshipDate>2019-03-27</sponsorshipDate>
        <bioguideId>B001277</bioguideId>
        <party>D</party>
        <fullName>Sen. Blumenthal, Richard [D-CT]</fullName>
        <identifiers>
          <bioguideId>B001277</bioguideId>
          <lisID>2076</lisID>
          <gpoId>8332</gpoId>
        </identifiers>
        <sponsorshipWithdrawnDate />
        <isOriginalCosponsor>True</isOriginalCosponsor>
      </item>
      <item>
        <lastName>Shaheen</lastName>
        <middleName />
        <state>NH</state>
        <firstName>Jeanne</firstName>
        <sponsorshipDate>2019-03-27</sponsorshipDate>
        <bioguideId>S001181</bioguideId>
        <party>D</party>
        <fullName>Sen. Shaheen, Jeanne [D-NH]</fullName>
        <identifiers>
          <lisID>1901</lisID>
          <bioguideId>S001181</bioguideId>
          <gpoId>8276</gpoId>
        </identifiers>
        <sponsorshipWithdrawnDate />
        <isOriginalCosponsor>True</isOriginalCosponsor>
      </item>
      <item>
        <lastName>Harris</lastName>
        <middleName>D.</middleName>
        <state>CA</state>
        <firstName>Kamala</firstName>
        <sponsorshipDate>2019-03-27</sponsorshipDate>
        <bioguideId>H001075</bioguideId>
        <party>D</party>
        <fullName>Sen. Harris, Kamala D. [D-CA]</fullName>
        <identifiers>
          <bioguideId>H001075</bioguideId>
          <lisID>2301</lisID>
          <gpoId />
        </identifiers>
        <sponsorshipWithdrawnDate />
        <isOriginalCosponsor>True</isOriginalCosponsor>
      </item>
      <item>
        <lastName>CARPER</lastName>
        <middleName>R.</middleName>
        <state>DE</state>
        <firstName>THOMAS</firstName>
        <sponsorshipDate>2019-03-27</sponsorshipDate>
        <bioguideId>C000174</bioguideId>
        <party>D</party>
        <fullName>Sen. Carper, Thomas R. [D-DE]</fullName>
        <identifiers>
          <lisID>179</lisID>
          <bioguideId>C000174</bioguideId>
          <gpoId>8283</gpoId>
        </identifiers>
        <sponsorshipWithdrawnDate />
        <isOriginalCosponsor>True</isOriginalCosponsor>
      </item>
      <item>
        <lastName>Jones</lastName>
        <middleName />
        <state>AL</state>
        <firstName>Doug</firstName>
        <sponsorshipDate>2019-03-27</sponsorshipDate>
        <bioguideId>J000300</bioguideId>
        <party>D</party>
        <fullName>Sen. Jones, Doug  [D-AL]</fullName>
        <identifiers>
          <gpoId />
          <bioguideId>J000300</bioguideId>
          <lisID>2364</lisID>
        </identifiers>
        <sponsorshipWithdrawnDate />
        <isOriginalCosponsor>True</isOriginalCosponsor>
      </item>
      <item>
        <lastName>REED</lastName>
        <middleName>F.</middleName>
        <state>RI</state>
        <firstName>JOHN</firstName>
        <sponsorshipDate>2019-03-27</sponsorshipDate>
        <bioguideId>R000122</bioguideId>
        <party>D</party>
        <fullName>Sen. Reed, Jack [D-RI]</fullName>
        <identifiers>
          <bioguideId>R000122</bioguideId>
          <lisID>949</lisID>
          <gpoId>8272</gpoId>
        </identifiers>
        <sponsorshipWithdrawnDate />
        <isOriginalCosponsor>True</isOriginalCosponsor>
      </item>
      <item>
        <lastName>Van Hollen</lastName>
        <middleName />
        <state>MD</state>
        <firstName>Chris</firstName>
        <sponsorshipDate>2019-03-27</sponsorshipDate>
        <bioguideId>V000128</bioguideId>
        <party>D</party>
        <fullName>Sen. Van Hollen, Chris [D-MD]</fullName>
        <identifiers>
          <bioguideId>V000128</bioguideId>
          <lisID>1729</lisID>
          <gpoId>7983</gpoId>
        </identifiers>
        <sponsorshipWithdrawnDate />
        <isOriginalCosponsor>True</isOriginalCosponsor>
      </item>
      <item>
        <lastName>Hirono</lastName>
        <middleName>K.</middleName>
        <state>HI</state>
        <firstName>Mazie</firstName>
        <sponsorshipDate>2019-03-27</sponsorshipDate>
        <bioguideId>H001042</bioguideId>
        <party>D</party>
        <fullName>Sen. Hirono, Mazie K. [D-HI]</fullName>
        <identifiers>
          <lisID>1844</lisID>
          <bioguideId>H001042</bioguideId>
          <gpoId>7913</gpoId>
        </identifiers>
        <sponsorshipWithdrawnDate />
        <isOriginalCosponsor>True</isOriginalCosponsor>
      </item>
      <item>
        <lastName>Cortez Masto</lastName>
        <middleName />
        <state>NV</state>
        <firstName>Catherine</firstName>
        <sponsorshipDate>2019-03-27</sponsorshipDate>
        <bioguideId>C001113</bioguideId>
        <party>D</party>
        <fullName>Sen. Cortez Masto, Catherine  [D-NV]</fullName>
        <identifiers>
          <bioguideId>C001113</bioguideId>
          <lisID>2299</lisID>
          <gpoId />
        </identifiers>
        <sponsorshipWithdrawnDate />
        <isOriginalCosponsor>True</isOriginalCosponsor>
      </item>
      <item>
        <lastName>UDALL</lastName>
        <middleName />
        <state>NM</state>
        <firstName>TOM</firstName>
        <sponsorshipDate>2019-03-27</sponsorshipDate>
        <bioguideId>U000039</bioguideId>
        <party>D</party>
        <fullName>Sen. Udall, Tom [D-NM]</fullName>
        <identifiers>
          <lisID>1567</lisID>
          <bioguideId>U000039</bioguideId>
          <gpoId>8260</gpoId>
        </identifiers>
        <sponsorshipWithdrawnDate />
        <isOriginalCosponsor>True</isOriginalCosponsor>
      </item>
      <item>
        <lastName>Warren</lastName>
        <middleName>A.</middleName>
        <state>MA</state>
        <firstName>Elizabeth</firstName>
        <sponsorshipDate>2019-03-27</sponsorshipDate>
        <bioguideId>W000817</bioguideId>
        <party>D</party>
        <fullName>Sen. Warren, Elizabeth [D-MA]</fullName>
        <identifiers>
          <lisID>2182</lisID>
          <bioguideId>W000817</bioguideId>
          <gpoId />
        </identifiers>
        <sponsorshipWithdrawnDate />
        <isOriginalCosponsor>True</isOriginalCosponsor>
      </item>
      <item>
        <lastName>Smith</lastName>
        <middleName />
        <state>MN</state>
        <firstName>Tina</firstName>
        <sponsorshipDate>2019-03-27</sponsorshipDate>
        <bioguideId>S001203</bioguideId>
        <party>D</party>
        <fullName>Sen. Smith, Tina  [D-MN]</fullName>
        <identifiers>
          <gpoId />
          <lisID>2365</lisID>
          <bioguideId>S001203</bioguideId>
        </identifiers>
        <sponsorshipWithdrawnDate />
        <isOriginalCosponsor>True</isOriginalCosponsor>
      </item>
      <item>
        <lastName>Klobuchar</lastName>
        <middleName />
        <state>MN</state>
        <firstName>Amy</firstName>
        <sponsorshipDate>2019-03-27</sponsorshipDate>
        <bioguideId>K000367</bioguideId>
        <party>D</party>
        <fullName>Sen. Klobuchar, Amy [D-MN]</fullName>
        <identifiers>
          <bioguideId>K000367</bioguideId>
          <gpoId>8249</gpoId>
          <lisID>1826</lisID>
        </identifiers>
        <sponsorshipWithdrawnDate />
        <isOriginalCosponsor>True</isOriginalCosponsor>
      </item>
      <item>
        <lastName>DURBIN</lastName>
        <middleName>J.</middleName>
        <state>IL</state>
        <firstName>RICHARD</firstName>
        <sponsorshipDate>2019-03-27</sponsorshipDate>
        <bioguideId>D000563</bioguideId>
        <party>D</party>
        <fullName>Sen. Durbin, Richard J. [D-IL]</fullName>
        <identifiers>
          <gpoId>8326</gpoId>
          <bioguideId>D000563</bioguideId>
          <lisID>326</lisID>
        </identifiers>
        <sponsorshipWithdrawnDate />
        <isOriginalCosponsor>True</isOriginalCosponsor>
      </item>
      <item>
        <lastName>STABENOW</lastName>
        <middleName>ANN</middleName>
        <state>MI</state>
        <firstName>DEBORAH</firstName>
        <sponsorshipDate>2019-03-27</sponsorshipDate>
        <bioguideId>S000770</bioguideId>
        <party>D</party>
        <fullName>Sen. Stabenow, Debbie [D-MI]</fullName>
        <identifiers>
          <gpoId>8261</gpoId>
          <lisID>1531</lisID>
          <bioguideId>S000770</bioguideId>
        </identifiers>
        <sponsorshipWithdrawnDate />
        <isOriginalCosponsor>True</isOriginalCosponsor>
      </item>
      <item>
        <lastName>SCHUMER</lastName>
        <middleName>E.</middleName>
        <state>NY</state>
        <firstName>CHARLES</firstName>
        <sponsorshipDate>2019-03-27</sponsorshipDate>
        <bioguideId>S000148</bioguideId>
        <party>D</party>
        <fullName>Sen. Schumer, Charles E. [D-NY]</fullName>
        <identifiers>
          <gpoId>8279</gpoId>
          <lisID>1036</lisID>
          <bioguideId>S000148</bioguideId>
        </identifiers>
        <sponsorshipWithdrawnDate />
        <isOriginalCosponsor>True</isOriginalCosponsor>
      </item>
      <item>
        <lastName>Peters</lastName>
        <middleName>C.</middleName>
        <state>MI</state>
        <firstName>Gary</firstName>
        <sponsorshipDate>2019-03-27</sponsorshipDate>
        <bioguideId>P000595</bioguideId>
        <party>D</party>
        <fullName>Sen. Peters, Gary C. [D-MI]</fullName>
        <identifiers>
          <bioguideId>P000595</bioguideId>
          <lisID>1929</lisID>
          <gpoId>7994</gpoId>
        </identifiers>
        <sponsorshipWithdrawnDate />
        <isOriginalCosponsor>True</isOriginalCosponsor>
      </item>
      <item>
        <lastName>Kaine</lastName>
        <middleName />
        <state>VA</state>
        <firstName>Timothy</firstName>
        <sponsorshipDate>2019-03-27</sponsorshipDate>
        <bioguideId>K000384</bioguideId>
        <party>D</party>
        <fullName>Sen. Kaine, Tim [D-VA]</fullName>
        <identifiers>
          <gpoId />
          <lisID>2176</lisID>
          <bioguideId>K000384</bioguideId>
        </identifiers>
        <sponsorshipWithdrawnDate />
        <isOriginalCosponsor>True</isOriginalCosponsor>
      </item>
      <item>
        <lastName>Baldwin</lastName>
        <middleName />
        <state>WI</state>
        <firstName>Tammy</firstName>
        <sponsorshipDate>2019-03-27</sponsorshipDate>
        <bioguideId>B001230</bioguideId>
        <party>D</party>
        <fullName>Sen. Baldwin, Tammy [D-WI]</fullName>
        <identifiers>
          <bioguideId>B001230</bioguideId>
          <lisID>1558</lisID>
          <gpoId>8215</gpoId>
        </identifiers>
        <sponsorshipWithdrawnDate />
        <isOriginalCosponsor>True</isOriginalCosponsor>
      </item>
      <item>
        <lastName>CANTWELL</lastName>
        <middleName />
        <state>WA</state>
        <firstName>MARIA</firstName>
        <sponsorshipDate>2019-03-27</sponsorshipDate>
        <bioguideId>C000127</bioguideId>
        <party>D</party>
        <fullName>Sen. Cantwell, Maria [D-WA]</fullName>
        <identifiers>
          <gpoId>8288</gpoId>
          <lisID>172</lisID>
          <bioguideId>C000127</bioguideId>
        </identifiers>
        <sponsorshipWithdrawnDate />
        <isOriginalCosponsor>True</isOriginalCosponsor>
      </item>
      <item>
        <lastName>MURRAY</lastName>
        <middleName />
        <state>WA</state>
        <firstName>PATTY</firstName>
        <sponsorshipDate>2019-03-27</sponsorshipDate>
        <bioguideId>M001111</bioguideId>
        <party>D</party>
        <fullName>Sen. Murray, Patty [D-WA]</fullName>
        <identifiers>
          <gpoId>8237</gpoId>
          <lisID>1409</lisID>
          <bioguideId>M001111</bioguideId>
        </identifiers>
        <sponsorshipWithdrawnDate />
        <isOriginalCosponsor>True</isOriginalCosponsor>
      </item>
      <item>
        <lastName>Heinrich</lastName>
        <middleName />
        <state>NM</state>
        <firstName>Martin</firstName>
        <sponsorshipDate>2019-03-27</sponsorshipDate>
        <bioguideId>H001046</bioguideId>
        <party>D</party>
        <fullName>Sen. Heinrich, Martin [D-NM]</fullName>
        <identifiers>
          <lisID>1937</lisID>
          <bioguideId>H001046</bioguideId>
          <gpoId>8056</gpoId>
        </identifiers>
        <sponsorshipWithdrawnDate />
        <isOriginalCosponsor>True</isOriginalCosponsor>
      </item>
      <item>
        <lastName>Rosen</lastName>
        <middleName />
        <state>NV</state>
        <firstName>Jacklyn</firstName>
        <sponsorshipDate>2019-03-27</sponsorshipDate>
        <bioguideId>R000608</bioguideId>
        <party>D</party>
        <fullName>Sen. Rosen, Jacky [D-NV]</fullName>
        <identifiers>
          <gpoId />
          <bioguideId>R000608</bioguideId>
          <lisID>2339</lisID>
        </identifiers>
        <sponsorshipWithdrawnDate />
        <isOriginalCosponsor>True</isOriginalCosponsor>
      </item>
      <item>
        <lastName>King</lastName>
        <middleName />
        <state>ME</state>
        <firstName>Angus</firstName>
        <sponsorshipDate>2019-03-27</sponsorshipDate>
        <bioguideId>K000383</bioguideId>
        <party>I</party>
        <fullName>Sen. King, Angus S., Jr. [I-ME]</fullName>
        <identifiers>
          <lisID>2185</lisID>
          <bioguideId>K000383</bioguideId>
          <gpoId />
        </identifiers>
        <sponsorshipWithdrawnDate />
        <isOriginalCosponsor>True</isOriginalCosponsor>
      </item>
      <item>
        <lastName>CARDIN</lastName>
        <middleName>L.</middleName>
        <state>MD</state>
        <firstName>BENJAMIN</firstName>
        <sponsorshipDate>2019-03-27</sponsorshipDate>
        <bioguideId>C000141</bioguideId>
        <party>D</party>
        <fullName>Sen. Cardin, Benjamin L. [D-MD]</fullName>
        <identifiers>
          <gpoId>8287</gpoId>
          <lisID>174</lisID>
          <bioguideId>C000141</bioguideId>
        </identifiers>
        <sponsorshipWithdrawnDate />
        <isOriginalCosponsor>True</isOriginalCosponsor>
      </item>
      <item>
        <lastName>Casey</lastName>
        <middleName />
        <state>PA</state>
        <firstName>Bob</firstName>
        <sponsorshipDate>2019-03-27</sponsorshipDate>
        <bioguideId>C001070</bioguideId>
        <party>D</party>
        <fullName>Sen. Casey, Robert P., Jr. [D-PA]</fullName>
        <identifiers>
          <bioguideId>C001070</bioguideId>
          <gpoId>8282</gpoId>
          <lisID>1828</lisID>
        </identifiers>
        <sponsorshipWithdrawnDate />
        <isOriginalCosponsor>True</isOriginalCosponsor>
      </item>
      <item>
        <lastName>WYDEN</lastName>
        <middleName />
        <state>OR</state>
        <firstName>RON</firstName>
        <sponsorshipDate>2019-03-27</sponsorshipDate>
        <bioguideId>W000779</bioguideId>
        <party>D</party>
        <fullName>Sen. Wyden, Ron [D-OR]</fullName>
        <identifiers>
          <bioguideId>W000779</bioguideId>
          <gpoId>8265</gpoId>
          <lisID>1247</lisID>
        </identifiers>
        <sponsorshipWithdrawnDate />
        <isOriginalCosponsor>True</isOriginalCosponsor>
      </item>
      <item>
        <lastName>McSally</lastName>
        <middleName />
        <state>AZ</state>
        <firstName>Martha</firstName>
        <sponsorshipDate>2019-03-27</sponsorshipDate>
        <bioguideId>M001197</bioguideId>
        <party>R</party>
        <fullName>Sen. McSally, Martha [R-AZ]</fullName>
        <identifiers>
          <gpoId />
          <lisID>2225</lisID>
          <bioguideId>M001197</bioguideId>
        </identifiers>
        <sponsorshipWithdrawnDate />
        <isOriginalCosponsor>True</isOriginalCosponsor>
      </item>
    </cosponsors>
    <recordedVotes />
  </bill>
  <dublinCore xmlns:dc="http://purl.org/dc/elements/1.1/">
    <dc:format>text/xml</dc:format>
    <dc:language>EN</dc:language>
    <dc:rights>Pursuant to Title 17 Section 105 of the United States Code, this file is not subject to copyright protection and is in the public domain.</dc:rights>
    <dc:contributor>Congressional Research Service, Library of Congress</dc:contributor>
    <dc:description>This file contains bill summaries and statuses for federal legislation. A bill summary describes the most significant provisions of a piece of legislation and details the effects the legislative text may have on current law and federal programs. Bill summaries are authored by the Congressional Research Service (CRS) of the Library of Congress. As stated in Public Law 91-510 (2 USC 166 (d)(6)), one of the duties of CRS is "to prepare summaries and digests of bills and resolutions of a public general nature introduced in the Senate or House of Representatives". For more information, refer to the User Guide that accompanies this file.</dc:description>
  </dublinCore>
</billStatus>

