<?xml version="1.0" encoding="UTF-8"?>
<billStatus>
  <bill>
    <cosponsors>
      <item>
        <sponsorshipDate>2019-05-07</sponsorshipDate>
        <state>NY</state>
        <middleName>E.</middleName>
        <fullName>Sen. Schumer, Charles E. [D-NY]</fullName>
        <lastName>SCHUMER</lastName>
        <identifiers>
          <gpoId>8279</gpoId>
          <lisID>1036</lisID>
          <bioguideId>S000148</bioguideId>
        </identifiers>
        <party>D</party>
        <firstName>CHARLES</firstName>
        <bioguideId>S000148</bioguideId>
        <sponsorshipWithdrawnDate />
        <isOriginalCosponsor>True</isOriginalCosponsor>
      </item>
    </cosponsors>
    <introducedDate>2019-05-07</introducedDate>
    <relatedBills />
    <version>1.0.0</version>
    <subjects>
      <billSubjects>
        <policyArea>
          <name>Congress</name>
        </policyArea>
        <legislativeSubjects>
          <item>
            <name>Congressional officers and employees</name>
          </item>
          <item>
            <name>Criminal investigation, prosecution, interrogation</name>
          </item>
          <item>
            <name>Evidence and witnesses</name>
          </item>
          <item>
            <name>Legislative rules and procedure</name>
          </item>
          <item>
            <name>Members of Congress</name>
          </item>
          <item>
            <name>Nevada</name>
          </item>
          <item>
            <name>Senate</name>
          </item>
        </legislativeSubjects>
      </billSubjects>
    </subjects>
    <notes />
    <committeeReports />
    <committees>
      <billCommittees />
    </committees>
    <billNumber>192</billNumber>
    <recordedVotes />
    <policyArea>
      <name>Congress</name>
    </policyArea>
    <updateDate>2019-07-10T17:42:13Z</updateDate>
    <laws />
    <congress>116</congress>
    <sponsors>
      <item>
        <firstName>MITCH</firstName>
        <state>KY</state>
        <party>R</party>
        <bioguideId>M000355</bioguideId>
        <byRequestType />
        <fullName>Sen. McConnell, Mitch [R-KY]</fullName>
        <lastName>MCCONNELL</lastName>
        <middleName />
        <identifiers>
          <bioguideId>M000355</bioguideId>
          <lisID>1395</lisID>
          <gpoId>8254</gpoId>
        </identifiers>
      </item>
    </sponsors>
    <title>A resolution to authorize testimony and representation in State of Nevada v. Lacamera.</title>
    <billType>SRES</billType>
    <latestAction>
      <links />
      <actionDate>2019-05-07</actionDate>
      <text>Submitted in the Senate, considered, and agreed to without amendment and with a preamble by Unanimous Consent. (Sponsor introductory remarks on measure: CR S2700; consideration: CR S2700-2701; text: CR S2699-2700)</text>
    </latestAction>
    <summaries>
      <billSummaries>
        <item>
          <text><![CDATA[<p>This resolution authorizes (1) Ariana Morales, an employee of the Office of Senator Catherine Cortez Masto, and any other current or former employee of the Senator's office from whom relevant evidence may be necessary, to testify in the case of <em>State of Nevada v. Lacamera</em>, except concerning matters for which a privilege should be asserted; and (2) the Senate Legal Counsel to represent Senator Cortez Masto and those employees in connection with this case.</p>]]></text>
          <actionDate>2019-05-07</actionDate>
          <lastSummaryUpdateDate>2019-05-09T19:59:32Z</lastSummaryUpdateDate>
          <name>Introduced in Senate</name>
          <actionDesc>Introduced in Senate</actionDesc>
          <versionCode>00</versionCode>
          <updateDate>2019-05-07T04:00:00Z</updateDate>
        </item>
        <item>
          <text><![CDATA[<p>This resolution authorizes (1) Ariana Morales, an employee of the Office of Senator Catherine Cortez Masto, and any other current or former employee of the Senator's office from whom relevant evidence may be necessary, to testify in the case of <em>State of Nevada v. Lacamera</em>, except concerning matters for which a privilege should be asserted; and (2) the Senate Legal Counsel to represent Senator Cortez Masto and those employees in connection with this case.</p>]]></text>
          <actionDate>2019-05-07</actionDate>
          <lastSummaryUpdateDate>2019-05-13T21:41:30Z</lastSummaryUpdateDate>
          <name>Passed Senate</name>
          <actionDesc>Passed Senate</actionDesc>
          <versionCode>55</versionCode>
          <updateDate>2019-05-07T12:47:16Z</updateDate>
        </item>
      </billSummaries>
    </summaries>
    <calendarNumbers />
    <createDate>2019-05-08T04:42:07Z</createDate>
    <textVersions>
      <item>
        <formats>
          <item>
            <url>https://www.govinfo.gov/content/pkg/BILLS-116sres192ats/xml/BILLS-116sres192ats.xml</url>
          </item>
        </formats>
        <type>Agreed to Senate</type>
        <date>2019-05-07T04:00:00Z</date>
      </item>
    </textVersions>
    <cboCostEstimates />
    <actions>
      <item>
        <actionDate>2019-05-07</actionDate>
        <committee />
        <links>
          <link>
            <name>S2699-2700</name>
            <url>https://www.congress.gov/congressional-record/volume-165/senate-section/page/S2699-2700</url>
          </link>
          <link>
            <name>S2700</name>
            <url>https://www.congress.gov/congressional-record/volume-165/senate-section/page/S2700</url>
          </link>
          <link>
            <name>S2700-2701</name>
            <url>https://www.congress.gov/congressional-record/volume-165/senate-section/page/S2700-2701</url>
          </link>
        </links>
        <sourceSystem>
          <name>Senate</name>
          <code>0</code>
        </sourceSystem>
        <text>Submitted in the Senate, considered, and agreed to without amendment and with a preamble by Unanimous Consent. (Sponsor introductory remarks on measure: CR S2700; consideration: CR S2700-2701; text: CR S2699-2700)</text>
        <type>Floor</type>
      </item>
      <item>
        <sourceSystem>
          <name>Library of Congress</name>
          <code>9</code>
        </sourceSystem>
        <actionCode>17000</actionCode>
        <type>Floor</type>
        <links>
          <link>
            <name>S2699-2700</name>
            <url>https://www.congress.gov/congressional-record/volume-165/senate-section/page/S2699-2700</url>
          </link>
          <link>
            <name>S2700</name>
            <url>https://www.congress.gov/congressional-record/volume-165/senate-section/page/S2700</url>
          </link>
          <link>
            <name>S2700-2701</name>
            <url>https://www.congress.gov/congressional-record/volume-165/senate-section/page/S2700-2701</url>
          </link>
        </links>
        <committee />
        <text>Passed/agreed to in Senate: Submitted in the Senate, considered, and agreed to without amendment and with a preamble by Unanimous Consent.(Sponsor introductory remarks on measure: CR S2700; consideration: CR S2700-2701; text: CR S2699-2700)</text>
        <actionDate>2019-05-07</actionDate>
      </item>
      <item>
        <sourceSystem>
          <name>Library of Congress</name>
          <code>9</code>
        </sourceSystem>
        <actionCode>10000</actionCode>
        <type>IntroReferral</type>
        <links />
        <committee />
        <text>Introduced in Senate</text>
        <actionDate>2019-05-07</actionDate>
      </item>
      <actionByCounts>
        <senate>3</senate>
      </actionByCounts>
      <actionTypeCounts>
        <passedAgreedToInSenate>1</passedAgreedToInSenate>
        <passedOrAgreedToInSenateDayOf>1</passedOrAgreedToInSenateDayOf>
        <introducedInSenate>1</introducedInSenate>
      </actionTypeCounts>
    </actions>
    <originChamber>Senate</originChamber>
    <titles>
      <item>
        <titleType>Official Title as Introduced</titleType>
        <chamberName />
        <title>A resolution to authorize testimony and representation in State of Nevada v. Lacamera.</title>
        <parentTitleType />
        <chamberCode />
      </item>
      <item>
        <titleType>Display Title</titleType>
        <chamberName />
        <title>A resolution to authorize testimony and representation in State of Nevada v. Lacamera.</title>
        <parentTitleType />
        <chamberCode />
      </item>
    </titles>
    <amendments />
  </bill>
  <dublinCore xmlns:dc="http://purl.org/dc/elements/1.1/">
    <dc:format>text/xml</dc:format>
    <dc:language>EN</dc:language>
    <dc:rights>Pursuant to Title 17 Section 105 of the United States Code, this file is not subject to copyright protection and is in the public domain.</dc:rights>
    <dc:contributor>Congressional Research Service, Library of Congress</dc:contributor>
    <dc:description>This file contains bill summaries and statuses for federal legislation. A bill summary describes the most significant provisions of a piece of legislation and details the effects the legislative text may have on current law and federal programs. Bill summaries are authored by the Congressional Research Service (CRS) of the Library of Congress. As stated in Public Law 91-510 (2 USC 166 (d)(6)), one of the duties of CRS is "to prepare summaries and digests of bills and resolutions of a public general nature introduced in the Senate or House of Representatives". For more information, refer to the User Guide that accompanies this file.</dc:description>
  </dublinCore>
</billStatus>

