<?xml version="1.0" encoding="UTF-8"?>
<billStatus>
  <bill>
    <subjects>
      <billSubjects>
        <policyArea>
          <name>International Affairs</name>
        </policyArea>
        <legislativeSubjects>
          <item>
            <name>Asia</name>
          </item>
          <item>
            <name>Commemorative events and holidays</name>
          </item>
          <item>
            <name>Conflicts and wars</name>
          </item>
          <item>
            <name>Congressional tributes</name>
          </item>
          <item>
            <name>Crime victims</name>
          </item>
          <item>
            <name>Human rights</name>
          </item>
          <item>
            <name>International organizations and cooperation</name>
          </item>
          <item>
            <name>Political movements and philosophies</name>
          </item>
          <item>
            <name>Religion</name>
          </item>
          <item>
            <name>Sovereignty, recognition, national governance and status</name>
          </item>
          <item>
            <name>Sri Lanka</name>
          </item>
          <item>
            <name>Terrorism</name>
          </item>
        </legislativeSubjects>
      </billSubjects>
    </subjects>
    <relatedBills />
    <notes />
    <committees>
      <billCommittees>
        <item>
          <subcommittees />
          <type>Standing</type>
          <systemCode>ssfr00</systemCode>
          <chamber>Senate</chamber>
          <name>Foreign Relations Committee</name>
          <activities>
            <item>
              <date>2019-06-03T23:16:23Z</date>
              <name>Reported by</name>
            </item>
            <item>
              <date>2019-05-22T17:45:00Z</date>
              <name>Markup by</name>
            </item>
            <item>
              <date>2019-05-02T20:11:04Z</date>
              <name>Referred to</name>
            </item>
          </activities>
        </item>
      </billCommittees>
    </committees>
    <summaries>
      <billSummaries>
        <item>
          <versionCode>00</versionCode>
          <actionDesc>Introduced in Senate</actionDesc>
          <updateDate>2019-05-02T04:00:00Z</updateDate>
          <name>Introduced in Senate</name>
          <lastSummaryUpdateDate>2019-08-01T21:57:12Z</lastSummaryUpdateDate>
          <actionDate>2019-05-02</actionDate>
          <text><![CDATA[<p>This resolution condemns the terrorist attacks in Sri Lanka by Islamist extremists against innocent civilians on Easter Sunday. It also offers condolences to the victims and their families and friends. It notes the importance of national unity in light of the 10th anniversary of the end of Sri Lanka's civil war.</p>]]></text>
        </item>
        <item>
          <versionCode>25</versionCode>
          <actionDesc>Reported to Senate</actionDesc>
          <updateDate>2019-06-03T13:37:34Z</updateDate>
          <name>Reported to Senate</name>
          <lastSummaryUpdateDate>2019-08-07T20:46:56Z</lastSummaryUpdateDate>
          <actionDate>2019-06-03</actionDate>
          <text><![CDATA[<p>This resolution condemns the terrorist attacks in Sri Lanka by Islamist extremists against innocent civilians on Easter Sunday. It also offers condolences to the victims and their families and friends. It notes the importance of national unity in light of the 10th anniversary of the end of Sri Lanka's civil war.</p>]]></text>
        </item>
        <item>
          <versionCode>55</versionCode>
          <actionDesc>Passed Senate</actionDesc>
          <updateDate>2019-06-10T14:38:10Z</updateDate>
          <name>Passed Senate</name>
          <lastSummaryUpdateDate>2019-08-07T20:48:40Z</lastSummaryUpdateDate>
          <actionDate>2019-06-10</actionDate>
          <text><![CDATA[<p>This resolution condemns the terrorist attacks in Sri Lanka by Islamist extremists against innocent civilians on Easter Sunday. It also offers condolences to the victims and their families and friends. It notes the importance of national unity in light of the 10th anniversary of the end of Sri Lanka's civil war.</p>]]></text>
        </item>
      </billSummaries>
    </summaries>
    <version>1.0.0</version>
    <originChamber>Senate</originChamber>
    <congress>116</congress>
    <latestAction>
      <actionDate>2019-06-10</actionDate>
      <text>Resolution agreed to in Senate with an amendment and an amended preamble by Unanimous Consent. (consideration: CR S3296-3297; text: CR S3296-3297)</text>
      <links />
    </latestAction>
    <actions>
      <actionByCounts>
        <senate>8</senate>
      </actionByCounts>
      <item>
        <actionDate>2019-06-10</actionDate>
        <committee />
        <links>
          <link>
            <url>https://www.congress.gov/congressional-record/volume-165/senate-section/page/S3296-3297</url>
            <name>S3296-3297</name>
          </link>
        </links>
        <sourceSystem>
          <code>0</code>
          <name>Senate</name>
        </sourceSystem>
        <text>Resolution agreed to in Senate with an amendment and an amended preamble by Unanimous Consent. (consideration: CR S3296-3297; text: CR S3296-3297)</text>
        <type>Floor</type>
      </item>
      <item>
        <actionDate>2019-06-10</actionDate>
        <committee />
        <type>Floor</type>
        <actionCode>17000</actionCode>
        <links>
          <link>
            <url>https://www.congress.gov/congressional-record/volume-165/senate-section/page/S3296-3297</url>
            <name>S3296-3297</name>
          </link>
        </links>
        <sourceSystem>
          <code>9</code>
          <name>Library of Congress</name>
        </sourceSystem>
        <text>Passed/agreed to in Senate: Resolution agreed to in Senate with an amendment and an amended preamble by Unanimous Consent.(consideration: CR S3296-3297; text: CR S3296-3297)</text>
      </item>
      <item>
        <actionDate>2019-06-03</actionDate>
        <committee />
        <links />
        <sourceSystem>
          <code>0</code>
          <name>Senate</name>
        </sourceSystem>
        <text>Placed on Senate Legislative Calendar under General Orders. Calendar No. 105.</text>
        <type>Calendars</type>
      </item>
      <item>
        <actionDate>2019-06-03</actionDate>
        <committee>
          <name>Foreign Relations Committee</name>
          <systemCode>ssfr00</systemCode>
        </committee>
        <links />
        <sourceSystem>
          <code>0</code>
          <name>Senate</name>
        </sourceSystem>
        <text>Committee on Foreign Relations. Reported by Senator Risch with an amendment and with an amended preamble. Without written report.</text>
        <type>Committee</type>
      </item>
      <item>
        <actionDate>2019-06-03</actionDate>
        <committee>
          <name>Foreign Relations Committee</name>
          <systemCode>ssfr00</systemCode>
        </committee>
        <type>Committee</type>
        <actionCode>14000</actionCode>
        <links />
        <sourceSystem>
          <code>9</code>
          <name>Library of Congress</name>
        </sourceSystem>
        <text>Committee on Foreign Relations. Reported by Senator Risch with an amendment and with an amended preamble. Without written report.</text>
      </item>
      <item>
        <actionDate>2019-05-22</actionDate>
        <committee>
          <name>Foreign Relations Committee</name>
          <systemCode>ssfr00</systemCode>
        </committee>
        <links />
        <sourceSystem>
          <code>0</code>
          <name>Senate</name>
        </sourceSystem>
        <text>Committee on Foreign Relations. Ordered to be reported with amendments favorably.</text>
        <type>Committee</type>
      </item>
      <item>
        <actionDate>2019-05-02</actionDate>
        <committee>
          <name>Foreign Relations Committee</name>
          <systemCode>ssfr00</systemCode>
        </committee>
        <links>
          <link>
            <url>https://www.congress.gov/congressional-record/volume-165/senate-section/page/S2620</url>
            <name>S2620</name>
          </link>
        </links>
        <sourceSystem>
          <code>0</code>
          <name>Senate</name>
        </sourceSystem>
        <text>Referred to the Committee on Foreign Relations. (text: CR S2620)</text>
        <type>IntroReferral</type>
      </item>
      <item>
        <actionDate>2019-05-02</actionDate>
        <committee />
        <type>IntroReferral</type>
        <actionCode>10000</actionCode>
        <links />
        <sourceSystem>
          <code>9</code>
          <name>Library of Congress</name>
        </sourceSystem>
        <text>Introduced in Senate</text>
      </item>
      <actionTypeCounts>
        <orderedReported>1</orderedReported>
        <referredToCommittee>1</referredToCommittee>
        <placedOnCalendarGeneralOrders>1</placedOnCalendarGeneralOrders>
        <passedAgreedToInSenate>1</passedAgreedToInSenate>
        <reportedToSenate>2</reportedToSenate>
        <agreedToInSenate>1</agreedToInSenate>
        <introducedInSenate>1</introducedInSenate>
      </actionTypeCounts>
    </actions>
    <createDate>2019-05-03T04:42:09Z</createDate>
    <titles>
      <item>
        <parentTitleType />
        <chamberCode />
        <title>A resolution condemning the Easter Sunday terrorist attacks in Sri Lanka, offering sincere condolences to the victims, to their families and friends, and to the people and nation of Sri Lanka, and expressing solidarity and support for Sri Lanka.</title>
        <titleType>Official Title as Introduced</titleType>
        <chamberName />
      </item>
      <item>
        <parentTitleType />
        <chamberCode />
        <title>A resolution condemning the Easter Sunday terrorist attacks in Sri Lanka, offering sincere condolences to the victims, to their families and friends, and to the people and nation of Sri Lanka, and expressing solidarity and support for Sri Lanka.</title>
        <titleType>Display Title</titleType>
        <chamberName />
      </item>
    </titles>
    <laws />
    <introducedDate>2019-05-02</introducedDate>
    <calendarNumbers>
      <item>
        <calendar>Senate Calendar of Business</calendar>
        <number>0105</number>
      </item>
    </calendarNumbers>
    <recordedVotes />
    <textVersions>
      <item>
        <type>Agreed to Senate</type>
        <date>2019-06-10T04:00:00Z</date>
        <formats>
          <item>
            <url>https://www.govinfo.gov/content/pkg/BILLS-116sres184ats/xml/BILLS-116sres184ats.xml</url>
          </item>
        </formats>
      </item>
      <item>
        <type>Reported to Senate</type>
        <date>2019-06-03T04:00:00Z</date>
        <formats>
          <item>
            <url>https://www.govinfo.gov/content/pkg/BILLS-116sres184rs/xml/BILLS-116sres184rs.xml</url>
          </item>
        </formats>
      </item>
      <item>
        <type>Introduced in Senate</type>
        <date>2019-05-02T04:00:00Z</date>
        <formats>
          <item>
            <url>https://www.govinfo.gov/content/pkg/BILLS-116sres184is/xml/BILLS-116sres184is.xml</url>
          </item>
        </formats>
      </item>
    </textVersions>
    <cosponsors>
      <item>
        <bioguideId>M000639</bioguideId>
        <state>NJ</state>
        <party>D</party>
        <fullName>Sen. Menendez, Robert [D-NJ]</fullName>
        <lastName>Menendez</lastName>
        <sponsorshipWithdrawnDate />
        <isOriginalCosponsor>True</isOriginalCosponsor>
        <firstName>Robert</firstName>
        <identifiers>
          <bioguideId>M000639</bioguideId>
          <lisID>791</lisID>
          <gpoId>8239</gpoId>
        </identifiers>
        <middleName />
        <sponsorshipDate>2019-05-02</sponsorshipDate>
      </item>
      <item>
        <bioguideId>R000615</bioguideId>
        <state>UT</state>
        <party>R</party>
        <fullName>Sen. Romney, Mitt  [R-UT]</fullName>
        <lastName>Romney</lastName>
        <sponsorshipWithdrawnDate />
        <isOriginalCosponsor>True</isOriginalCosponsor>
        <firstName>Mitt</firstName>
        <identifiers>
          <bioguideId>R000615</bioguideId>
          <gpoId />
          <lisID>2466</lisID>
        </identifiers>
        <middleName />
        <sponsorshipDate>2019-05-02</sponsorshipDate>
      </item>
      <item>
        <bioguideId>M001169</bioguideId>
        <state>CT</state>
        <party>D</party>
        <fullName>Sen. Murphy, Christopher [D-CT]</fullName>
        <lastName>Murphy</lastName>
        <sponsorshipWithdrawnDate />
        <isOriginalCosponsor>True</isOriginalCosponsor>
        <firstName>Christopher</firstName>
        <identifiers>
          <lisID>1837</lisID>
          <gpoId>7870</gpoId>
          <bioguideId>M001169</bioguideId>
        </identifiers>
        <middleName />
        <sponsorshipDate>2019-05-02</sponsorshipDate>
      </item>
      <item>
        <bioguideId>B001277</bioguideId>
        <state>CT</state>
        <party>D</party>
        <fullName>Sen. Blumenthal, Richard [D-CT]</fullName>
        <lastName>Blumenthal</lastName>
        <sponsorshipWithdrawnDate />
        <isOriginalCosponsor>False</isOriginalCosponsor>
        <firstName>Richard</firstName>
        <identifiers>
          <lisID>2076</lisID>
          <gpoId>8332</gpoId>
          <bioguideId>B001277</bioguideId>
        </identifiers>
        <middleName />
        <sponsorshipDate>2019-05-06</sponsorshipDate>
      </item>
      <item>
        <bioguideId>B001230</bioguideId>
        <state>WI</state>
        <party>D</party>
        <fullName>Sen. Baldwin, Tammy [D-WI]</fullName>
        <lastName>Baldwin</lastName>
        <sponsorshipWithdrawnDate />
        <isOriginalCosponsor>False</isOriginalCosponsor>
        <firstName>Tammy</firstName>
        <identifiers>
          <lisID>1558</lisID>
          <gpoId>8215</gpoId>
          <bioguideId>B001230</bioguideId>
        </identifiers>
        <middleName />
        <sponsorshipDate>2019-05-06</sponsorshipDate>
      </item>
      <item>
        <bioguideId>C000127</bioguideId>
        <state>WA</state>
        <party>D</party>
        <fullName>Sen. Cantwell, Maria [D-WA]</fullName>
        <lastName>CANTWELL</lastName>
        <sponsorshipWithdrawnDate />
        <isOriginalCosponsor>False</isOriginalCosponsor>
        <firstName>MARIA</firstName>
        <identifiers>
          <lisID>172</lisID>
          <gpoId>8288</gpoId>
          <bioguideId>C000127</bioguideId>
        </identifiers>
        <middleName />
        <sponsorshipDate>2019-05-06</sponsorshipDate>
      </item>
      <item>
        <bioguideId>G000562</bioguideId>
        <state>CO</state>
        <party>R</party>
        <fullName>Sen. Gardner, Cory [R-CO]</fullName>
        <lastName>Gardner</lastName>
        <sponsorshipWithdrawnDate />
        <isOriginalCosponsor>False</isOriginalCosponsor>
        <firstName>Cory</firstName>
        <identifiers>
          <bioguideId>G000562</bioguideId>
          <gpoId>7862</gpoId>
          <lisID>1998</lisID>
        </identifiers>
        <middleName />
        <sponsorshipDate>2019-05-07</sponsorshipDate>
      </item>
      <item>
        <bioguideId>S001181</bioguideId>
        <state>NH</state>
        <party>D</party>
        <fullName>Sen. Shaheen, Jeanne [D-NH]</fullName>
        <lastName>Shaheen</lastName>
        <sponsorshipWithdrawnDate />
        <isOriginalCosponsor>False</isOriginalCosponsor>
        <firstName>Jeanne</firstName>
        <identifiers>
          <bioguideId>S001181</bioguideId>
          <lisID>1901</lisID>
          <gpoId>8276</gpoId>
        </identifiers>
        <middleName />
        <sponsorshipDate>2019-05-08</sponsorshipDate>
      </item>
      <item>
        <bioguideId>R000595</bioguideId>
        <state>FL</state>
        <party>R</party>
        <fullName>Sen. Rubio, Marco [R-FL]</fullName>
        <lastName>Rubio</lastName>
        <sponsorshipWithdrawnDate />
        <isOriginalCosponsor>False</isOriginalCosponsor>
        <firstName>Marco</firstName>
        <identifiers>
          <lisID>2084</lisID>
          <gpoId>8242</gpoId>
          <bioguideId>R000595</bioguideId>
        </identifiers>
        <middleName />
        <sponsorshipDate>2019-05-08</sponsorshipDate>
      </item>
      <item>
        <bioguideId>P000595</bioguideId>
        <state>MI</state>
        <party>D</party>
        <fullName>Sen. Peters, Gary C. [D-MI]</fullName>
        <lastName>Peters</lastName>
        <sponsorshipWithdrawnDate />
        <isOriginalCosponsor>False</isOriginalCosponsor>
        <firstName>Gary</firstName>
        <identifiers>
          <lisID>1929</lisID>
          <gpoId>7994</gpoId>
          <bioguideId>P000595</bioguideId>
        </identifiers>
        <middleName>C.</middleName>
        <sponsorshipDate>2019-05-08</sponsorshipDate>
      </item>
      <item>
        <bioguideId>K000384</bioguideId>
        <state>VA</state>
        <party>D</party>
        <fullName>Sen. Kaine, Tim [D-VA]</fullName>
        <lastName>Kaine</lastName>
        <sponsorshipWithdrawnDate />
        <isOriginalCosponsor>False</isOriginalCosponsor>
        <firstName>Timothy</firstName>
        <identifiers>
          <lisID>2176</lisID>
          <gpoId />
          <bioguideId>K000384</bioguideId>
        </identifiers>
        <middleName />
        <sponsorshipDate>2019-05-14</sponsorshipDate>
      </item>
      <item>
        <bioguideId>C000141</bioguideId>
        <state>MD</state>
        <party>D</party>
        <fullName>Sen. Cardin, Benjamin L. [D-MD]</fullName>
        <lastName>CARDIN</lastName>
        <sponsorshipWithdrawnDate />
        <isOriginalCosponsor>False</isOriginalCosponsor>
        <firstName>BENJAMIN</firstName>
        <identifiers>
          <bioguideId>C000141</bioguideId>
          <gpoId>8287</gpoId>
          <lisID>174</lisID>
        </identifiers>
        <middleName>L.</middleName>
        <sponsorshipDate>2019-05-21</sponsorshipDate>
      </item>
      <item>
        <bioguideId>C001098</bioguideId>
        <state>TX</state>
        <party>R</party>
        <fullName>Sen. Cruz, Ted [R-TX]</fullName>
        <lastName>Cruz</lastName>
        <sponsorshipWithdrawnDate />
        <isOriginalCosponsor>False</isOriginalCosponsor>
        <firstName>Ted</firstName>
        <identifiers>
          <lisID>2175</lisID>
          <gpoId />
          <bioguideId>C001098</bioguideId>
        </identifiers>
        <middleName />
        <sponsorshipDate>2019-05-21</sponsorshipDate>
      </item>
      <item>
        <bioguideId>G000555</bioguideId>
        <state>NY</state>
        <party>D</party>
        <fullName>Sen. Gillibrand, Kirsten E. [D-NY]</fullName>
        <lastName>Gillibrand</lastName>
        <sponsorshipWithdrawnDate />
        <isOriginalCosponsor>False</isOriginalCosponsor>
        <firstName>Kirsten</firstName>
        <identifiers>
          <bioguideId>G000555</bioguideId>
          <lisID>1866</lisID>
          <gpoId>8336</gpoId>
        </identifiers>
        <middleName>E.</middleName>
        <sponsorshipDate>2019-06-04</sponsorshipDate>
      </item>
      <item>
        <bioguideId>B000944</bioguideId>
        <state>OH</state>
        <party>D</party>
        <fullName>Sen. Brown, Sherrod [D-OH]</fullName>
        <lastName>Brown</lastName>
        <sponsorshipWithdrawnDate />
        <isOriginalCosponsor>False</isOriginalCosponsor>
        <firstName>Sherrod</firstName>
        <identifiers>
          <lisID>136</lisID>
          <gpoId>8309</gpoId>
          <bioguideId>B000944</bioguideId>
        </identifiers>
        <middleName />
        <sponsorshipDate>2019-06-10</sponsorshipDate>
      </item>
    </cosponsors>
    <amendments />
    <billNumber>184</billNumber>
    <updateDate>2019-11-15T21:56:30Z</updateDate>
    <cboCostEstimates />
    <title>A resolution condemning the Easter Sunday terrorist attacks in Sri Lanka, offering sincere condolences to the victims, to their families and friends, and to the people and nation of Sri Lanka, and expressing solidarity and support for Sri Lanka.</title>
    <committeeReports />
    <policyArea>
      <name>International Affairs</name>
    </policyArea>
    <sponsors>
      <item>
        <party>R</party>
        <lastName>Risch</lastName>
        <firstName>James</firstName>
        <state>ID</state>
        <fullName>Sen. Risch, James E. [R-ID]</fullName>
        <identifiers>
          <lisID>1896</lisID>
          <gpoId>8274</gpoId>
          <bioguideId>R000584</bioguideId>
        </identifiers>
        <middleName>E.</middleName>
        <bioguideId>R000584</bioguideId>
        <byRequestType />
      </item>
    </sponsors>
    <billType>SRES</billType>
  </bill>
  <dublinCore xmlns:dc="http://purl.org/dc/elements/1.1/">
    <dc:format>text/xml</dc:format>
    <dc:language>EN</dc:language>
    <dc:rights>Pursuant to Title 17 Section 105 of the United States Code, this file is not subject to copyright protection and is in the public domain.</dc:rights>
    <dc:contributor>Congressional Research Service, Library of Congress</dc:contributor>
    <dc:description>This file contains bill summaries and statuses for federal legislation. A bill summary describes the most significant provisions of a piece of legislation and details the effects the legislative text may have on current law and federal programs. Bill summaries are authored by the Congressional Research Service (CRS) of the Library of Congress. As stated in Public Law 91-510 (2 USC 166 (d)(6)), one of the duties of CRS is "to prepare summaries and digests of bills and resolutions of a public general nature introduced in the Senate or House of Representatives". For more information, refer to the User Guide that accompanies this file.</dc:description>
  </dublinCore>
</billStatus>

