<?xml version="1.0" encoding="UTF-8"?>
<billStatus>
  <bill>
    <notes />
    <actions>
      <actionTypeCounts>
        <introducedInSenate>1</introducedInSenate>
        <referredToCommittee>1</referredToCommittee>
      </actionTypeCounts>
      <actionByCounts>
        <senate>2</senate>
      </actionByCounts>
      <item>
        <actionDate>2019-07-09</actionDate>
        <committee>
          <name>Commerce, Science, and Transportation Committee</name>
          <systemCode>sscm00</systemCode>
        </committee>
        <links>
          <link>
            <url>https://www.congress.gov/congressional-record/volume-165/senate-section/page/S4732</url>
            <name>S4732</name>
          </link>
        </links>
        <sourceSystem>
          <name>Senate</name>
          <code>0</code>
        </sourceSystem>
        <text>Referred to the Committee on Commerce, Science, and Transportation. (text: CR S4732)</text>
        <type>IntroReferral</type>
      </item>
      <item>
        <links />
        <actionDate>2019-07-09</actionDate>
        <sourceSystem>
          <name>Library of Congress</name>
          <code>9</code>
        </sourceSystem>
        <actionCode>10000</actionCode>
        <type>IntroReferral</type>
        <committee />
        <text>Introduced in Senate</text>
      </item>
    </actions>
    <subjects>
      <billSubjects>
        <policyArea>
          <name>Sports and Recreation</name>
        </policyArea>
        <legislativeSubjects>
          <item>
            <name>Athletes</name>
          </item>
          <item>
            <name>Congressional tributes</name>
          </item>
          <item>
            <name>Professional sports</name>
          </item>
        </legislativeSubjects>
      </billSubjects>
    </subjects>
    <cosponsors />
    <billNumber>272</billNumber>
    <createDate>2019-07-10T04:42:14Z</createDate>
    <policyArea>
      <name>Sports and Recreation</name>
    </policyArea>
    <summaries>
      <billSummaries>
        <item>
          <actionDesc>Introduced in Senate</actionDesc>
          <versionCode>00</versionCode>
          <actionDate>2019-07-09</actionDate>
          <name>Introduced in Senate</name>
          <text><![CDATA[<p>This resolution congratulates the U.S. Women's National Soccer Team for winning an unprecedented four Women's World Cup titles and for inspiring a new generation of youth to strive for physical greatness and athletic achievement.</p>]]></text>
          <updateDate>2019-07-09T04:00:00Z</updateDate>
          <lastSummaryUpdateDate>2019-11-21T17:37:46Z</lastSummaryUpdateDate>
        </item>
      </billSummaries>
    </summaries>
    <titles>
      <item>
        <parentTitleType />
        <titleType>Official Title as Introduced</titleType>
        <title>A resolution congratulating the United States Women's National Soccer Team on winning the 2019 FIFA Women's World Cup.</title>
        <chamberCode />
        <chamberName />
      </item>
      <item>
        <parentTitleType />
        <titleType>Display Title</titleType>
        <title>A resolution congratulating the United States Women's National Soccer Team on winning the 2019 FIFA Women's World Cup.</title>
        <chamberCode />
        <chamberName />
      </item>
    </titles>
    <relatedBills />
    <sponsors>
      <item>
        <fullName>Sen. Wicker, Roger F. [R-MS]</fullName>
        <party>R</party>
        <middleName>F.</middleName>
        <lastName>WICKER</lastName>
        <state>MS</state>
        <bioguideId>W000437</bioguideId>
        <identifiers>
          <gpoId>8263</gpoId>
          <lisID>1226</lisID>
          <bioguideId>W000437</bioguideId>
        </identifiers>
        <firstName>ROGER</firstName>
        <byRequestType />
      </item>
    </sponsors>
    <calendarNumbers />
    <recordedVotes />
    <congress>116</congress>
    <latestAction>
      <actionDate>2019-07-09</actionDate>
      <links />
      <text>Referred to the Committee on Commerce, Science, and Transportation. (text: CR S4732)</text>
    </latestAction>
    <amendments />
    <billType>SRES</billType>
    <originChamber>Senate</originChamber>
    <committeeReports />
    <updateDate>2019-11-26T05:27:56Z</updateDate>
    <textVersions>
      <item>
        <formats>
          <item>
            <url>https://www.govinfo.gov/content/pkg/BILLS-116sres272is/xml/BILLS-116sres272is.xml</url>
          </item>
        </formats>
        <type>Introduced in Senate</type>
        <date>2019-07-09T04:00:00Z</date>
      </item>
    </textVersions>
    <cboCostEstimates />
    <committees>
      <billCommittees>
        <item>
          <type>Standing</type>
          <name>Commerce, Science, and Transportation Committee</name>
          <subcommittees />
          <systemCode>sscm00</systemCode>
          <chamber>Senate</chamber>
          <activities>
            <item>
              <date>2019-07-09T20:49:11Z</date>
              <name>Referred to</name>
            </item>
          </activities>
        </item>
      </billCommittees>
    </committees>
    <title>A resolution congratulating the United States Women's National Soccer Team on winning the 2019 FIFA Women's World Cup.</title>
    <laws />
    <introducedDate>2019-07-09</introducedDate>
    <version>1.0.0</version>
  </bill>
  <dublinCore xmlns:dc="http://purl.org/dc/elements/1.1/">
    <dc:format>text/xml</dc:format>
    <dc:language>EN</dc:language>
    <dc:rights>Pursuant to Title 17 Section 105 of the United States Code, this file is not subject to copyright protection and is in the public domain.</dc:rights>
    <dc:contributor>Congressional Research Service, Library of Congress</dc:contributor>
    <dc:description>This file contains bill summaries and statuses for federal legislation. A bill summary describes the most significant provisions of a piece of legislation and details the effects the legislative text may have on current law and federal programs. Bill summaries are authored by the Congressional Research Service (CRS) of the Library of Congress. As stated in Public Law 91-510 (2 USC 166 (d)(6)), one of the duties of CRS is "to prepare summaries and digests of bills and resolutions of a public general nature introduced in the Senate or House of Representatives". For more information, refer to the User Guide that accompanies this file.</dc:description>
  </dublinCore>
</billStatus>

