<?xml version="1.0" encoding="UTF-8"?>
<billStatus>
  <bill>
    <billNumber>75</billNumber>
    <summaries>
      <billSummaries />
    </summaries>
    <actions>
      <item>
        <actionDate>2019-02-14</actionDate>
        <committee />
        <links>
          <link>
            <url>https://www.congress.gov/congressional-record/volume-165/senate-section/page/S1390</url>
            <name>S1390</name>
          </link>
          <link>
            <url>https://www.congress.gov/congressional-record/volume-165/senate-section/page/S1392-1393</url>
            <name>S1392-1393</name>
          </link>
        </links>
        <sourceSystem>
          <code>0</code>
          <name>Senate</name>
        </sourceSystem>
        <text>Submitted in the Senate, considered, and agreed to without amendment and with a preamble by Unanimous Consent. (consideration: CR S1392-1393; text: CR S1390)</text>
        <type>Floor</type>
      </item>
      <item>
        <links>
          <link>
            <url>https://www.congress.gov/congressional-record/volume-165/senate-section/page/S1390</url>
            <name>S1390</name>
          </link>
          <link>
            <url>https://www.congress.gov/congressional-record/volume-165/senate-section/page/S1392-1393</url>
            <name>S1392-1393</name>
          </link>
        </links>
        <actionCode>17000</actionCode>
        <committee />
        <text>Passed/agreed to in Senate: Submitted in the Senate, considered, and agreed to without amendment and with a preamble by Unanimous Consent.(consideration: CR S1392-1393; text: CR S1390)</text>
        <type>Floor</type>
        <sourceSystem>
          <code>9</code>
          <name>Library of Congress</name>
        </sourceSystem>
        <actionDate>2019-02-14</actionDate>
      </item>
      <item>
        <links />
        <actionCode>10000</actionCode>
        <committee />
        <text>Introduced in Senate</text>
        <type>IntroReferral</type>
        <sourceSystem>
          <code>9</code>
          <name>Library of Congress</name>
        </sourceSystem>
        <actionDate>2019-02-14</actionDate>
      </item>
      <actionByCounts>
        <senate>3</senate>
      </actionByCounts>
      <actionTypeCounts>
        <passedAgreedToInSenate>1</passedAgreedToInSenate>
        <introducedInSenate>1</introducedInSenate>
        <passedOrAgreedToInSenateDayOf>1</passedOrAgreedToInSenateDayOf>
      </actionTypeCounts>
    </actions>
    <calendarNumbers />
    <introducedDate>2019-02-14</introducedDate>
    <recordedVotes />
    <policyArea>
      <name>Congress</name>
    </policyArea>
    <subjects>
      <billSubjects>
        <policyArea>
          <name>Congress</name>
        </policyArea>
        <legislativeSubjects>
          <item>
            <name>Congressional tributes</name>
          </item>
          <item>
            <name>House of Representatives</name>
          </item>
          <item>
            <name>Members of Congress</name>
          </item>
          <item>
            <name>Michigan</name>
          </item>
        </legislativeSubjects>
      </billSubjects>
    </subjects>
    <sponsors>
      <item>
        <byRequestType />
        <fullName>Sen. Stabenow, Debbie [D-MI]</fullName>
        <lastName>STABENOW</lastName>
        <identifiers>
          <bioguideId>S000770</bioguideId>
          <lisID>1531</lisID>
          <gpoId>8261</gpoId>
        </identifiers>
        <bioguideId>S000770</bioguideId>
        <firstName>DEBORAH</firstName>
        <state>MI</state>
        <party>D</party>
        <middleName>ANN</middleName>
      </item>
    </sponsors>
    <updateDate>2019-09-27T10:41:23Z</updateDate>
    <title>A resolution honoring the life, achievements, and distinguished public service of John David Dingell, Jr., and expressing condolences to his family on his passing.</title>
    <cosponsors>
      <item>
        <fullName>Sen. Peters, Gary C. [D-MI]</fullName>
        <sponsorshipWithdrawnDate />
        <isOriginalCosponsor>True</isOriginalCosponsor>
        <state>MI</state>
        <lastName>Peters</lastName>
        <firstName>Gary</firstName>
        <sponsorshipDate>2019-02-14</sponsorshipDate>
        <bioguideId>P000595</bioguideId>
        <party>D</party>
        <middleName>C.</middleName>
        <identifiers>
          <bioguideId>P000595</bioguideId>
          <lisID>1929</lisID>
          <gpoId>7994</gpoId>
        </identifiers>
      </item>
      <item>
        <fullName>Sen. Blunt, Roy [R-MO]</fullName>
        <sponsorshipWithdrawnDate />
        <isOriginalCosponsor>True</isOriginalCosponsor>
        <state>MO</state>
        <lastName>Blunt</lastName>
        <firstName>Roy</firstName>
        <sponsorshipDate>2019-02-14</sponsorshipDate>
        <bioguideId>B000575</bioguideId>
        <party>R</party>
        <middleName />
        <identifiers>
          <gpoId>8313</gpoId>
          <lisID>1464</lisID>
          <bioguideId>B000575</bioguideId>
        </identifiers>
      </item>
      <item>
        <fullName>Sen. Schumer, Charles E. [D-NY]</fullName>
        <sponsorshipWithdrawnDate />
        <isOriginalCosponsor>True</isOriginalCosponsor>
        <state>NY</state>
        <lastName>SCHUMER</lastName>
        <firstName>CHARLES</firstName>
        <sponsorshipDate>2019-02-14</sponsorshipDate>
        <bioguideId>S000148</bioguideId>
        <party>D</party>
        <middleName>E.</middleName>
        <identifiers>
          <gpoId>8279</gpoId>
          <lisID>1036</lisID>
          <bioguideId>S000148</bioguideId>
        </identifiers>
      </item>
      <item>
        <fullName>Sen. Markey, Edward J. [D-MA]</fullName>
        <sponsorshipWithdrawnDate />
        <isOriginalCosponsor>True</isOriginalCosponsor>
        <state>MA</state>
        <lastName>MARKEY</lastName>
        <firstName>EDWARD</firstName>
        <sponsorshipDate>2019-02-14</sponsorshipDate>
        <bioguideId>M000133</bioguideId>
        <party>D</party>
        <middleName>J.</middleName>
        <identifiers>
          <bioguideId>M000133</bioguideId>
          <gpoId>7972</gpoId>
          <lisID>735</lisID>
        </identifiers>
      </item>
      <item>
        <fullName>Sen. Casey, Robert P., Jr. [D-PA]</fullName>
        <sponsorshipWithdrawnDate />
        <isOriginalCosponsor>True</isOriginalCosponsor>
        <state>PA</state>
        <lastName>Casey</lastName>
        <firstName>Bob</firstName>
        <sponsorshipDate>2019-02-14</sponsorshipDate>
        <bioguideId>C001070</bioguideId>
        <party>D</party>
        <middleName />
        <identifiers>
          <bioguideId>C001070</bioguideId>
          <gpoId>8282</gpoId>
          <lisID>1828</lisID>
        </identifiers>
      </item>
      <item>
        <fullName>Sen. Van Hollen, Chris [D-MD]</fullName>
        <sponsorshipWithdrawnDate />
        <isOriginalCosponsor>True</isOriginalCosponsor>
        <state>MD</state>
        <lastName>Van Hollen</lastName>
        <firstName>Chris</firstName>
        <sponsorshipDate>2019-02-14</sponsorshipDate>
        <bioguideId>V000128</bioguideId>
        <party>D</party>
        <middleName />
        <identifiers>
          <bioguideId>V000128</bioguideId>
          <gpoId>7983</gpoId>
          <lisID>1729</lisID>
        </identifiers>
      </item>
      <item>
        <fullName>Sen. Booker, Cory A. [D-NJ]</fullName>
        <sponsorshipWithdrawnDate />
        <isOriginalCosponsor>True</isOriginalCosponsor>
        <state>NJ</state>
        <lastName>Booker</lastName>
        <firstName>Cory</firstName>
        <sponsorshipDate>2019-02-14</sponsorshipDate>
        <bioguideId>B001288</bioguideId>
        <party>D</party>
        <middleName>A.</middleName>
        <identifiers>
          <bioguideId>B001288</bioguideId>
          <gpoId />
          <lisID>2194</lisID>
        </identifiers>
      </item>
      <item>
        <fullName>Sen. Carper, Thomas R. [D-DE]</fullName>
        <sponsorshipWithdrawnDate />
        <isOriginalCosponsor>True</isOriginalCosponsor>
        <state>DE</state>
        <lastName>CARPER</lastName>
        <firstName>THOMAS</firstName>
        <sponsorshipDate>2019-02-14</sponsorshipDate>
        <bioguideId>C000174</bioguideId>
        <party>D</party>
        <middleName>R.</middleName>
        <identifiers>
          <gpoId>8283</gpoId>
          <lisID>179</lisID>
          <bioguideId>C000174</bioguideId>
        </identifiers>
      </item>
      <item>
        <fullName>Sen. Klobuchar, Amy [D-MN]</fullName>
        <sponsorshipWithdrawnDate />
        <isOriginalCosponsor>True</isOriginalCosponsor>
        <state>MN</state>
        <lastName>Klobuchar</lastName>
        <firstName>Amy</firstName>
        <sponsorshipDate>2019-02-14</sponsorshipDate>
        <bioguideId>K000367</bioguideId>
        <party>D</party>
        <middleName />
        <identifiers>
          <bioguideId>K000367</bioguideId>
          <gpoId>8249</gpoId>
          <lisID>1826</lisID>
        </identifiers>
      </item>
      <item>
        <fullName>Sen. Durbin, Richard J. [D-IL]</fullName>
        <sponsorshipWithdrawnDate />
        <isOriginalCosponsor>True</isOriginalCosponsor>
        <state>IL</state>
        <lastName>DURBIN</lastName>
        <firstName>RICHARD</firstName>
        <sponsorshipDate>2019-02-14</sponsorshipDate>
        <bioguideId>D000563</bioguideId>
        <party>D</party>
        <middleName>J.</middleName>
        <identifiers>
          <gpoId>8326</gpoId>
          <lisID>326</lisID>
          <bioguideId>D000563</bioguideId>
        </identifiers>
      </item>
      <item>
        <fullName>Sen. Brown, Sherrod [D-OH]</fullName>
        <sponsorshipWithdrawnDate />
        <isOriginalCosponsor>True</isOriginalCosponsor>
        <state>OH</state>
        <lastName>Brown</lastName>
        <firstName>Sherrod</firstName>
        <sponsorshipDate>2019-02-14</sponsorshipDate>
        <bioguideId>B000944</bioguideId>
        <party>D</party>
        <middleName />
        <identifiers>
          <bioguideId>B000944</bioguideId>
          <lisID>136</lisID>
          <gpoId>8309</gpoId>
        </identifiers>
      </item>
      <item>
        <fullName>Sen. Leahy, Patrick J. [D-VT]</fullName>
        <sponsorshipWithdrawnDate />
        <isOriginalCosponsor>True</isOriginalCosponsor>
        <state>VT</state>
        <lastName>LEAHY</lastName>
        <firstName>PATRICK</firstName>
        <sponsorshipDate>2019-02-14</sponsorshipDate>
        <bioguideId>L000174</bioguideId>
        <party>D</party>
        <middleName>JOSEPH</middleName>
        <identifiers>
          <bioguideId>L000174</bioguideId>
          <gpoId>8244</gpoId>
          <lisID>1383</lisID>
        </identifiers>
      </item>
      <item>
        <fullName>Sen. Harris, Kamala D. [D-CA]</fullName>
        <sponsorshipWithdrawnDate />
        <isOriginalCosponsor>True</isOriginalCosponsor>
        <state>CA</state>
        <lastName>Harris</lastName>
        <firstName>Kamala</firstName>
        <sponsorshipDate>2019-02-14</sponsorshipDate>
        <bioguideId>H001075</bioguideId>
        <party>D</party>
        <middleName>D.</middleName>
        <identifiers>
          <bioguideId>H001075</bioguideId>
          <lisID>2301</lisID>
          <gpoId />
        </identifiers>
      </item>
      <item>
        <fullName>Sen. Feinstein, Dianne [D-CA]</fullName>
        <sponsorshipWithdrawnDate />
        <isOriginalCosponsor>True</isOriginalCosponsor>
        <state>CA</state>
        <lastName>FEINSTEIN</lastName>
        <firstName>DIANNE</firstName>
        <sponsorshipDate>2019-02-14</sponsorshipDate>
        <bioguideId>F000062</bioguideId>
        <party>D</party>
        <middleName />
        <identifiers>
          <gpoId>8338</gpoId>
          <lisID>1332</lisID>
          <bioguideId>F000062</bioguideId>
        </identifiers>
      </item>
      <item>
        <fullName>Sen. Murray, Patty [D-WA]</fullName>
        <sponsorshipWithdrawnDate />
        <isOriginalCosponsor>True</isOriginalCosponsor>
        <state>WA</state>
        <lastName>MURRAY</lastName>
        <firstName>PATTY</firstName>
        <sponsorshipDate>2019-02-14</sponsorshipDate>
        <bioguideId>M001111</bioguideId>
        <party>D</party>
        <middleName />
        <identifiers>
          <gpoId>8237</gpoId>
          <lisID>1409</lisID>
          <bioguideId>M001111</bioguideId>
        </identifiers>
      </item>
      <item>
        <fullName>Sen. Reed, Jack [D-RI]</fullName>
        <sponsorshipWithdrawnDate />
        <isOriginalCosponsor>True</isOriginalCosponsor>
        <state>RI</state>
        <lastName>REED</lastName>
        <firstName>JOHN</firstName>
        <sponsorshipDate>2019-02-14</sponsorshipDate>
        <bioguideId>R000122</bioguideId>
        <party>D</party>
        <middleName>F.</middleName>
        <identifiers>
          <gpoId>8272</gpoId>
          <lisID>949</lisID>
          <bioguideId>R000122</bioguideId>
        </identifiers>
      </item>
      <item>
        <fullName>Sen. Blackburn, Marsha [R-TN]</fullName>
        <sponsorshipWithdrawnDate />
        <isOriginalCosponsor>True</isOriginalCosponsor>
        <state>TN</state>
        <lastName>Blackburn</lastName>
        <firstName>Marsha</firstName>
        <sponsorshipDate>2019-02-14</sponsorshipDate>
        <bioguideId>B001243</bioguideId>
        <party>R</party>
        <middleName />
        <identifiers>
          <gpoId>8154</gpoId>
          <lisID>1748</lisID>
          <bioguideId>B001243</bioguideId>
        </identifiers>
      </item>
      <item>
        <fullName>Sen. Burr, Richard [R-NC]</fullName>
        <sponsorshipWithdrawnDate />
        <isOriginalCosponsor>True</isOriginalCosponsor>
        <state>NC</state>
        <lastName>BURR</lastName>
        <firstName>RICHARD</firstName>
        <sponsorshipDate>2019-02-14</sponsorshipDate>
        <bioguideId>B001135</bioguideId>
        <party>R</party>
        <middleName />
        <identifiers>
          <bioguideId>B001135</bioguideId>
          <lisID>153</lisID>
          <gpoId>8286</gpoId>
        </identifiers>
      </item>
    </cosponsors>
    <version>1.0.0</version>
    <laws />
    <committeeReports />
    <cboCostEstimates />
    <committees>
      <billCommittees />
    </committees>
    <notes />
    <createDate>2019-02-15T12:40:18Z</createDate>
    <billType>SRES</billType>
    <titles>
      <item>
        <chamberName />
        <parentTitleType />
        <title>A resolution honoring the life, achievements, and distinguished public service of John David Dingell, Jr., and expressing condolences to his family on his passing.</title>
        <chamberCode />
        <titleType>Official Title as Introduced</titleType>
      </item>
      <item>
        <chamberName />
        <parentTitleType />
        <title>A resolution honoring the life, achievements, and distinguished public service of John David Dingell, Jr., and expressing condolences to his family on his passing.</title>
        <chamberCode />
        <titleType>Display Title</titleType>
      </item>
    </titles>
    <amendments />
    <latestAction>
      <links />
      <text>Submitted in the Senate, considered, and agreed to without amendment and with a preamble by Unanimous Consent. (consideration: CR S1392-1393; text: CR S1390)</text>
      <actionDate>2019-02-14</actionDate>
    </latestAction>
    <relatedBills>
      <item>
        <relationshipDetails>
          <item>
            <identifiedBy>CRS</identifiedBy>
            <type>Identical bill</type>
          </item>
        </relationshipDetails>
        <congress>116</congress>
        <number>120</number>
        <type>HRES</type>
        <latestTitle>Honoring the life, achievements, and distinguished public service of John David Dingell, Jr., and expressing condolences to his family on his passing.</latestTitle>
        <latestAction>
          <actionDate>2019-02-11</actionDate>
          <text>Motion to reconsider laid on the table Agreed to without objection.</text>
          <actionTime>19:14:20</actionTime>
        </latestAction>
      </item>
    </relatedBills>
    <congress>116</congress>
    <textVersions>
      <item>
        <type>Agreed to Senate</type>
        <date>2019-02-14T05:00:00Z</date>
        <formats>
          <item>
            <url>https://www.govinfo.gov/content/pkg/BILLS-116sres75ats/xml/BILLS-116sres75ats.xml</url>
          </item>
        </formats>
      </item>
    </textVersions>
    <originChamber>Senate</originChamber>
  </bill>
  <dublinCore xmlns:dc="http://purl.org/dc/elements/1.1/">
    <dc:format>text/xml</dc:format>
    <dc:language>EN</dc:language>
    <dc:rights>Pursuant to Title 17 Section 105 of the United States Code, this file is not subject to copyright protection and is in the public domain.</dc:rights>
    <dc:contributor>Congressional Research Service, Library of Congress</dc:contributor>
    <dc:description>This file contains bill summaries and statuses for federal legislation. A bill summary describes the most significant provisions of a piece of legislation and details the effects the legislative text may have on current law and federal programs. Bill summaries are authored by the Congressional Research Service (CRS) of the Library of Congress. As stated in Public Law 91-510 (2 USC 166 (d)(6)), one of the duties of CRS is "to prepare summaries and digests of bills and resolutions of a public general nature introduced in the Senate or House of Representatives". For more information, refer to the User Guide that accompanies this file.</dc:description>
  </dublinCore>
</billStatus>

