<?xml version="1.0" encoding="UTF-8"?>
<billStatus>
  <bill>
    <cboCostEstimates />
    <billType>SRES</billType>
    <title>A resolution recognizing the REALTORS Land Institute on the occasion of its 75th anniversary.</title>
    <notes />
    <version>1.0.0</version>
    <latestAction>
      <text>Referred to the Committee on the Judiciary. (text: CR S1908)</text>
      <links />
      <actionDate>2019-03-14</actionDate>
    </latestAction>
    <committees>
      <billCommittees>
        <item>
          <chamber>Senate</chamber>
          <subcommittees />
          <activities>
            <item>
              <date>2019-03-14T20:47:46Z</date>
              <name>Referred to</name>
            </item>
          </activities>
          <type>Standing</type>
          <name>Judiciary Committee</name>
          <systemCode>ssju00</systemCode>
        </item>
      </billCommittees>
    </committees>
    <subjects>
      <billSubjects>
        <legislativeSubjects>
          <item>
            <name>Business education</name>
          </item>
          <item>
            <name>Commemorative events and holidays</name>
          </item>
          <item>
            <name>Congressional tributes</name>
          </item>
          <item>
            <name>Land use and conservation</name>
          </item>
          <item>
            <name>Real estate business</name>
          </item>
        </legislativeSubjects>
        <policyArea>
          <name>Commerce</name>
        </policyArea>
      </billSubjects>
    </subjects>
    <policyArea>
      <name>Commerce</name>
    </policyArea>
    <recordedVotes />
    <relatedBills>
      <item>
        <congress>116</congress>
        <number>381</number>
        <relationshipDetails>
          <item>
            <type>Identical bill</type>
            <identifiedBy>CRS</identifiedBy>
          </item>
        </relationshipDetails>
        <latestAction>
          <text>Referred to the House Committee on Financial Services.</text>
          <actionDate>2019-05-14</actionDate>
        </latestAction>
        <latestTitle>Recognizing the REALTORS Land Institute on the occasion of its 75th anniversary.</latestTitle>
        <type>HRES</type>
      </item>
    </relatedBills>
    <committeeReports />
    <laws />
    <updateDate>2019-10-29T16:45:28Z</updateDate>
    <amendments />
    <sponsors>
      <item>
        <firstName>Tom</firstName>
        <middleName />
        <lastName>Cotton</lastName>
        <state>AR</state>
        <fullName>Sen. Cotton, Tom [R-AR]</fullName>
        <party>R</party>
        <byRequestType />
        <bioguideId>C001095</bioguideId>
        <identifiers>
          <lisID>2098</lisID>
          <gpoId />
          <bioguideId>C001095</bioguideId>
        </identifiers>
      </item>
    </sponsors>
    <actions>
      <actionTypeCounts>
        <introducedInSenate>1</introducedInSenate>
        <referredToCommittee>1</referredToCommittee>
      </actionTypeCounts>
      <item>
        <actionDate>2019-03-14</actionDate>
        <committee>
          <systemCode>ssju00</systemCode>
          <name>Judiciary Committee</name>
        </committee>
        <links>
          <link>
            <name>S1908</name>
            <url>https://www.congress.gov/congressional-record/volume-165/senate-section/page/S1908</url>
          </link>
        </links>
        <sourceSystem>
          <code>0</code>
          <name>Senate</name>
        </sourceSystem>
        <text>Referred to the Committee on the Judiciary. (text: CR S1908)</text>
        <type>IntroReferral</type>
      </item>
      <item>
        <committee />
        <text>Introduced in Senate</text>
        <actionDate>2019-03-14</actionDate>
        <type>IntroReferral</type>
        <links />
        <actionCode>10000</actionCode>
        <sourceSystem>
          <code>9</code>
          <name>Library of Congress</name>
        </sourceSystem>
      </item>
      <actionByCounts>
        <senate>2</senate>
      </actionByCounts>
    </actions>
    <textVersions>
      <item>
        <date>2019-03-14T04:00:00Z</date>
        <type>Introduced in Senate</type>
        <formats>
          <item>
            <url>https://www.govinfo.gov/content/pkg/BILLS-116sres115is/xml/BILLS-116sres115is.xml</url>
          </item>
        </formats>
      </item>
    </textVersions>
    <originChamber>Senate</originChamber>
    <createDate>2019-03-15T04:42:06Z</createDate>
    <titles>
      <item>
        <titleType>Official Title as Introduced</titleType>
        <title>A resolution recognizing the REALTORS Land Institute on the occasion of its 75th anniversary.</title>
        <parentTitleType />
        <chamberCode />
        <chamberName />
      </item>
      <item>
        <titleType>Display Title</titleType>
        <title>A resolution recognizing the REALTORS Land Institute on the occasion of its 75th anniversary.</title>
        <parentTitleType />
        <chamberCode />
        <chamberName />
      </item>
    </titles>
    <cosponsors>
      <item>
        <party>D</party>
        <isOriginalCosponsor>True</isOriginalCosponsor>
        <firstName>Tammy</firstName>
        <fullName>Sen. Duckworth, Tammy [D-IL]</fullName>
        <state>IL</state>
        <sponsorshipDate>2019-03-14</sponsorshipDate>
        <middleName />
        <sponsorshipWithdrawnDate />
        <identifiers>
          <lisID>2123</lisID>
          <gpoId />
          <bioguideId>D000622</bioguideId>
        </identifiers>
        <lastName>Duckworth</lastName>
        <bioguideId>D000622</bioguideId>
      </item>
    </cosponsors>
    <calendarNumbers />
    <introducedDate>2019-03-14</introducedDate>
    <congress>116</congress>
    <summaries>
      <billSummaries>
        <item>
          <versionCode>00</versionCode>
          <actionDate>2019-03-14</actionDate>
          <lastSummaryUpdateDate>2019-10-29T16:33:48Z</lastSummaryUpdateDate>
          <actionDesc>Introduced in Senate</actionDesc>
          <text><![CDATA[<p>This resolution recognizes the 75th anniversary of the REALTORS&reg; Land Institute.</p>]]></text>
          <name>Introduced in Senate</name>
          <updateDate>2019-03-14T04:00:00Z</updateDate>
        </item>
      </billSummaries>
    </summaries>
    <billNumber>115</billNumber>
  </bill>
  <dublinCore xmlns:dc="http://purl.org/dc/elements/1.1/">
    <dc:format>text/xml</dc:format>
    <dc:language>EN</dc:language>
    <dc:rights>Pursuant to Title 17 Section 105 of the United States Code, this file is not subject to copyright protection and is in the public domain.</dc:rights>
    <dc:contributor>Congressional Research Service, Library of Congress</dc:contributor>
    <dc:description>This file contains bill summaries and statuses for federal legislation. A bill summary describes the most significant provisions of a piece of legislation and details the effects the legislative text may have on current law and federal programs. Bill summaries are authored by the Congressional Research Service (CRS) of the Library of Congress. As stated in Public Law 91-510 (2 USC 166 (d)(6)), one of the duties of CRS is "to prepare summaries and digests of bills and resolutions of a public general nature introduced in the Senate or House of Representatives". For more information, refer to the User Guide that accompanies this file.</dc:description>
  </dublinCore>
</billStatus>

