<?xml version="1.0" encoding="UTF-8"?>
<billStatus>
  <bill>
    <summaries>
      <billSummaries />
    </summaries>
    <congress>116</congress>
    <titles>
      <item>
        <title>A resolution expressing the sense of the Senate that Members of Congress should substitute teach at least 1 day per year in a public school to gain firsthand knowledge on how to address the prevailing challenges facing educators and how to remove obstacles to learning for students.</title>
        <chamberCode />
        <parentTitleType />
        <titleType>Official Title as Introduced</titleType>
        <chamberName />
      </item>
      <item>
        <title>A resolution expressing the sense of the Senate that Members of Congress should substitute teach at least 1 day per year in a public school to gain firsthand knowledge on how to address the prevailing challenges facing educators and how to remove obstacles to learning for students.</title>
        <chamberCode />
        <parentTitleType />
        <titleType>Display Title</titleType>
        <chamberName />
      </item>
    </titles>
    <billType>SRES</billType>
    <updateDate>2019-11-23T05:27:58Z</updateDate>
    <title>A resolution expressing the sense of the Senate that Members of Congress should substitute teach at least 1 day per year in a public school to gain firsthand knowledge on how to address the prevailing challenges facing educators and how to remove obstacles to learning for students.</title>
    <recordedVotes />
    <committees>
      <billCommittees>
        <item>
          <chamber>Senate</chamber>
          <subcommittees />
          <type>Standing</type>
          <activities>
            <item>
              <name>Referred to</name>
              <date>2019-11-14T20:35:16Z</date>
            </item>
          </activities>
          <name>Health, Education, Labor, and Pensions Committee</name>
          <systemCode>sshr00</systemCode>
        </item>
      </billCommittees>
    </committees>
    <actions>
      <actionByCounts>
        <senate>2</senate>
      </actionByCounts>
      <item>
        <actionDate>2019-11-14</actionDate>
        <committee>
          <systemCode>sshr00</systemCode>
          <name>Health, Education, Labor, and Pensions Committee</name>
        </committee>
        <links>
          <link>
            <name>S6612</name>
            <url>https://www.congress.gov/congressional-record/volume-165/senate-section/page/S6612</url>
          </link>
        </links>
        <sourceSystem>
          <name>Senate</name>
          <code>0</code>
        </sourceSystem>
        <text>Referred to the Committee on Health, Education, Labor, and Pensions. (text: CR S6612)</text>
        <type>IntroReferral</type>
      </item>
      <item>
        <committee />
        <type>IntroReferral</type>
        <actionDate>2019-11-14</actionDate>
        <actionCode>10000</actionCode>
        <text>Introduced in Senate</text>
        <links />
        <sourceSystem>
          <name>Library of Congress</name>
          <code>9</code>
        </sourceSystem>
      </item>
      <actionTypeCounts>
        <referredToCommittee>1</referredToCommittee>
        <introducedInSenate>1</introducedInSenate>
      </actionTypeCounts>
    </actions>
    <createDate>2019-11-15T05:57:34Z</createDate>
    <policyArea>
      <name>Congress</name>
    </policyArea>
    <originChamber>Senate</originChamber>
    <committeeReports />
    <version>1.0.0</version>
    <textVersions>
      <item>
        <date>2019-11-14T05:00:00Z</date>
        <type>Introduced in Senate</type>
        <formats>
          <item>
            <url>https://www.govinfo.gov/content/pkg/BILLS-116sres426is/xml/BILLS-116sres426is.xml</url>
          </item>
        </formats>
      </item>
    </textVersions>
    <billNumber>426</billNumber>
    <notes />
    <sponsors>
      <item>
        <firstName>John</firstName>
        <middleName>Neely</middleName>
        <lastName>Kennedy</lastName>
        <identifiers>
          <lisID>2303</lisID>
          <gpoId />
          <bioguideId>K000393</bioguideId>
        </identifiers>
        <bioguideId>K000393</bioguideId>
        <byRequestType />
        <state>LA</state>
        <fullName>Sen. Kennedy, John [R-LA]</fullName>
        <party>R</party>
      </item>
    </sponsors>
    <calendarNumbers />
    <introducedDate>2019-11-14</introducedDate>
    <amendments />
    <subjects>
      <billSubjects>
        <policyArea>
          <name>Congress</name>
        </policyArea>
        <legislativeSubjects>
          <item>
            <name>Congressional tributes</name>
          </item>
          <item>
            <name>Elementary and secondary education</name>
          </item>
          <item>
            <name>Members of Congress</name>
          </item>
        </legislativeSubjects>
      </billSubjects>
    </subjects>
    <laws />
    <cosponsors />
    <relatedBills />
    <cboCostEstimates />
    <latestAction>
      <text>Referred to the Committee on Health, Education, Labor, and Pensions. (text: CR S6612)</text>
      <links />
      <actionDate>2019-11-14</actionDate>
    </latestAction>
  </bill>
  <dublinCore xmlns:dc="http://purl.org/dc/elements/1.1/">
    <dc:format>text/xml</dc:format>
    <dc:language>EN</dc:language>
    <dc:rights>Pursuant to Title 17 Section 105 of the United States Code, this file is not subject to copyright protection and is in the public domain.</dc:rights>
    <dc:contributor>Congressional Research Service, Library of Congress</dc:contributor>
    <dc:description>This file contains bill summaries and statuses for federal legislation. A bill summary describes the most significant provisions of a piece of legislation and details the effects the legislative text may have on current law and federal programs. Bill summaries are authored by the Congressional Research Service (CRS) of the Library of Congress. As stated in Public Law 91-510 (2 USC 166 (d)(6)), one of the duties of CRS is "to prepare summaries and digests of bills and resolutions of a public general nature introduced in the Senate or House of Representatives". For more information, refer to the User Guide that accompanies this file.</dc:description>
  </dublinCore>
</billStatus>

