<?xml version="1.0" encoding="UTF-8"?>
<billStatus>
  <bill>
    <createDate>2019-02-06T06:10:14Z</createDate>
    <recordedVotes />
    <summaries>
      <billSummaries>
        <item>
          <actionDate>2019-02-05</actionDate>
          <lastSummaryUpdateDate>2019-02-15T23:20:38Z</lastSummaryUpdateDate>
          <actionDesc>Introduced in Senate</actionDesc>
          <updateDate>2019-02-05T05:00:00Z</updateDate>
          <versionCode>00</versionCode>
          <text><![CDATA[<p>This resolution authorizes expenditures by the Senate Committee on Environment and Public Works for the 116th Congress.</p>]]></text>
          <name>Introduced in Senate</name>
        </item>
        <item>
          <actionDate>2019-02-05</actionDate>
          <lastSummaryUpdateDate>2019-02-15T23:20:21Z</lastSummaryUpdateDate>
          <actionDesc>Reported to Senate</actionDesc>
          <updateDate>2019-02-05T13:41:09Z</updateDate>
          <versionCode>25</versionCode>
          <text><![CDATA[<p>This resolution authorizes expenditures by the Senate Committee on Environment and Public Works for the 116th Congress.</p>]]></text>
          <name>Reported to Senate</name>
        </item>
      </billSummaries>
    </summaries>
    <relatedBills>
      <item>
        <relationshipDetails>
          <item>
            <identifiedBy>CRS</identifiedBy>
            <type>Identical bill</type>
          </item>
        </relationshipDetails>
        <type>SRES</type>
        <latestTitle>An original resolution authorizing expenditures by the Committee on Environment and Public Works.</latestTitle>
        <latestAction>
          <actionDate>2019-02-05</actionDate>
          <text>Referred to the Committee on Rules and Administration. (text: CR S869-870)</text>
        </latestAction>
        <number>41</number>
        <congress>116</congress>
      </item>
    </relatedBills>
    <sponsors>
      <item>
        <party>R</party>
        <fullName>Sen. Barrasso, John [R-WY]</fullName>
        <firstName>John</firstName>
        <byRequestType />
        <identifiers>
          <lisID>1881</lisID>
          <bioguideId>B001261</bioguideId>
          <gpoId>8300</gpoId>
        </identifiers>
        <bioguideId>B001261</bioguideId>
        <lastName>Barrasso</lastName>
        <middleName />
        <state>WY</state>
      </item>
    </sponsors>
    <cboCostEstimates />
    <titles>
      <item>
        <titleType>Official Title as Introduced</titleType>
        <chamberName />
        <parentTitleType />
        <title>An original resolution authorizing expenditures by the Committee on Environment and Public Works.</title>
        <chamberCode />
      </item>
      <item>
        <titleType>Display Title</titleType>
        <chamberName />
        <parentTitleType />
        <title>An original resolution authorizing expenditures by the Committee on Environment and Public Works.</title>
        <chamberCode />
      </item>
    </titles>
    <billNumber>46</billNumber>
    <committees>
      <billCommittees>
        <item>
          <systemCode>ssra00</systemCode>
          <subcommittees />
          <chamber>Senate</chamber>
          <name>Rules and Administration Committee</name>
          <type>Standing</type>
          <activities>
            <item>
              <date>2019-02-05T21:51:44Z</date>
              <name>Referred to</name>
            </item>
          </activities>
        </item>
        <item>
          <systemCode>ssev00</systemCode>
          <subcommittees />
          <chamber>Senate</chamber>
          <name>Environment and Public Works Committee</name>
          <type>Standing</type>
          <activities>
            <item>
              <date>2019-02-05T21:51:23Z</date>
              <name>Reported original measure</name>
            </item>
          </activities>
        </item>
      </billCommittees>
    </committees>
    <policyArea>
      <name>Congress</name>
    </policyArea>
    <laws />
    <title>An original resolution authorizing expenditures by the Committee on Environment and Public Works.</title>
    <subjects>
      <billSubjects>
        <policyArea>
          <name>Congress</name>
        </policyArea>
        <legislativeSubjects>
          <item>
            <name>Congressional committees</name>
          </item>
          <item>
            <name>Senate Committee on Environment and Public Works</name>
          </item>
        </legislativeSubjects>
      </billSubjects>
    </subjects>
    <version>1.0.0</version>
    <introducedDate>2019-02-05</introducedDate>
    <notes />
    <textVersions>
      <item>
        <date>2019-02-05T05:00:00Z</date>
        <type>Introduced in Senate</type>
        <formats>
          <item>
            <url>https://www.govinfo.gov/content/pkg/BILLS-116sres46is/xml/BILLS-116sres46is.xml</url>
          </item>
        </formats>
      </item>
    </textVersions>
    <calendarNumbers />
    <updateDate>2019-08-03T07:56:11Z</updateDate>
    <committeeReports />
    <latestAction>
      <actionDate>2019-02-05</actionDate>
      <text>Referred to the Committee on Rules and Administration. (text: CR S871-872)</text>
      <links />
    </latestAction>
    <cosponsors />
    <amendments />
    <actions>
      <actionTypeCounts>
        <originalBillReported>1</originalBillReported>
        <introducedInSenate>1</introducedInSenate>
        <referredToCommittee>1</referredToCommittee>
        <reportedToSenate>1</reportedToSenate>
      </actionTypeCounts>
      <actionByCounts>
        <senate>4</senate>
      </actionByCounts>
      <item>
        <actionDate>2019-02-05</actionDate>
        <committee>
          <systemCode>ssra00</systemCode>
          <name>Rules and Administration Committee</name>
        </committee>
        <links>
          <link>
            <url>https://www.congress.gov/congressional-record/volume-165/senate-section/page/S871-872</url>
            <name>S871-872</name>
          </link>
        </links>
        <sourceSystem>
          <code>0</code>
          <name>Senate</name>
        </sourceSystem>
        <text>Referred to the Committee on Rules and Administration. (text: CR S871-872)</text>
        <type>IntroReferral</type>
      </item>
      <item>
        <actionDate>2019-02-05</actionDate>
        <committee>
          <systemCode>ssev00</systemCode>
          <name>Environment and Public Works Committee</name>
        </committee>
        <links />
        <sourceSystem>
          <code>0</code>
          <name>Senate</name>
        </sourceSystem>
        <text>Committee on Environment and Public Works. Original measure reported to Senate by Senator Barrasso. Without written report.</text>
        <type>Committee</type>
      </item>
      <item>
        <sourceSystem>
          <code>9</code>
          <name>Library of Congress</name>
        </sourceSystem>
        <links />
        <actionCode>14000</actionCode>
        <type>Committee</type>
        <text>Committee on Environment and Public Works. Original measure reported to Senate by Senator Barrasso. Without written report.</text>
        <actionDate>2019-02-05</actionDate>
        <committee>
          <systemCode>ssev00</systemCode>
          <name>Environment and Public Works Committee</name>
        </committee>
      </item>
      <item>
        <sourceSystem>
          <code>9</code>
          <name>Library of Congress</name>
        </sourceSystem>
        <links />
        <text>Introduced in Senate</text>
        <type>IntroReferral</type>
        <actionCode>10000</actionCode>
        <actionDate>2019-02-05</actionDate>
        <committee />
      </item>
    </actions>
    <billType>SRES</billType>
    <congress>116</congress>
    <originChamber>Senate</originChamber>
  </bill>
  <dublinCore xmlns:dc="http://purl.org/dc/elements/1.1/">
    <dc:format>text/xml</dc:format>
    <dc:language>EN</dc:language>
    <dc:rights>Pursuant to Title 17 Section 105 of the United States Code, this file is not subject to copyright protection and is in the public domain.</dc:rights>
    <dc:contributor>Congressional Research Service, Library of Congress</dc:contributor>
    <dc:description>This file contains bill summaries and statuses for federal legislation. A bill summary describes the most significant provisions of a piece of legislation and details the effects the legislative text may have on current law and federal programs. Bill summaries are authored by the Congressional Research Service (CRS) of the Library of Congress. As stated in Public Law 91-510 (2 USC 166 (d)(6)), one of the duties of CRS is "to prepare summaries and digests of bills and resolutions of a public general nature introduced in the Senate or House of Representatives". For more information, refer to the User Guide that accompanies this file.</dc:description>
  </dublinCore>
</billStatus>

