<?xml version="1.0" encoding="UTF-8"?>
<billStatus>
  <bill>
    <policyArea>
      <name>Congress</name>
    </policyArea>
    <summaries>
      <billSummaries>
        <item>
          <versionCode>00</versionCode>
          <updateDate>2019-04-10T04:00:00Z</updateDate>
          <lastSummaryUpdateDate>2019-05-06T20:12:46Z</lastSummaryUpdateDate>
          <name>Introduced in Senate</name>
          <text><![CDATA[<p>This resolution authorizes the use of the atrium in the Philip A. Hart Senate Office Building on April 24, 2019, for the National Prescription Drug Take Back Day, a semiannual event of the Drug Enforcement Administration.</p>]]></text>
          <actionDate>2019-04-10</actionDate>
          <actionDesc>Introduced in Senate</actionDesc>
        </item>
        <item>
          <versionCode>55</versionCode>
          <updateDate>2019-04-10T20:15:48Z</updateDate>
          <lastSummaryUpdateDate>2019-05-23T14:29:28Z</lastSummaryUpdateDate>
          <name>Passed Senate</name>
          <text><![CDATA[<p>This resolution authorizes the use of the atrium in the Philip A. Hart Senate Office Building on April 24, 2019, for the National Prescription Drug Take Back Day, a semiannual event of the Drug Enforcement Administration.</p>]]></text>
          <actionDate>2019-04-10</actionDate>
          <actionDesc>Passed Senate</actionDesc>
        </item>
      </billSummaries>
    </summaries>
    <updateDate>2019-10-24T02:25:33Z</updateDate>
    <cboCostEstimates />
    <textVersions>
      <item>
        <formats>
          <item>
            <url>https://www.govinfo.gov/content/pkg/BILLS-116sres158ats/xml/BILLS-116sres158ats.xml</url>
          </item>
        </formats>
        <date>2019-04-10T04:00:00Z</date>
        <type>Agreed to Senate</type>
      </item>
    </textVersions>
    <committees>
      <billCommittees />
    </committees>
    <latestAction>
      <actionDate>2019-04-10</actionDate>
      <text>Submitted in the Senate, considered, and agreed to without amendment by Unanimous Consent. (consideration: CR S2392; text: CR S2391)</text>
      <links />
    </latestAction>
    <createDate>2019-04-11T04:57:10Z</createDate>
    <sponsors>
      <item>
        <identifiers>
          <bioguideId>K000367</bioguideId>
          <lisID>1826</lisID>
          <gpoId>8249</gpoId>
        </identifiers>
        <fullName>Sen. Klobuchar, Amy [D-MN]</fullName>
        <middleName />
        <party>D</party>
        <bioguideId>K000367</bioguideId>
        <state>MN</state>
        <byRequestType />
        <firstName>Amy</firstName>
        <lastName>Klobuchar</lastName>
      </item>
    </sponsors>
    <subjects>
      <billSubjects>
        <policyArea>
          <name>Congress</name>
        </policyArea>
        <legislativeSubjects>
          <item>
            <name>Commemorative events and holidays</name>
          </item>
          <item>
            <name>Government buildings, facilities, and property</name>
          </item>
          <item>
            <name>Prescription drugs</name>
          </item>
          <item>
            <name>Senate</name>
          </item>
        </legislativeSubjects>
      </billSubjects>
    </subjects>
    <amendments />
    <relatedBills>
      <item>
        <latestTitle>A resolution authorizing the use of the atrium in the Philip A. Hart Senate Office Building for the National Prescription Drug Take Back Day, a semiannual event for the Drug Enforcement Administration.</latestTitle>
        <latestAction>
          <text>Submitted in the Senate, considered, and agreed to without amendment by Unanimous Consent. (consideration: CR S5853; text: CR S5851)</text>
          <actionDate>2019-10-16</actionDate>
        </latestAction>
        <number>359</number>
        <relationshipDetails>
          <item>
            <identifiedBy>CRS</identifiedBy>
            <type>Related bill</type>
          </item>
        </relationshipDetails>
        <congress>116</congress>
        <type>SRES</type>
      </item>
    </relatedBills>
    <recordedVotes />
    <billType>SRES</billType>
    <originChamber>Senate</originChamber>
    <titles>
      <item>
        <titleType>Official Title as Introduced</titleType>
        <parentTitleType />
        <chamberName />
        <title>A resolution authorizing the use of the atrium in the Philip A. Hart Senate Office Building for the National Prescription Drug Take Back Day, a semiannual event of the Drug Enforcement Administration.</title>
        <chamberCode />
      </item>
      <item>
        <titleType>Display Title</titleType>
        <parentTitleType />
        <chamberName />
        <title>A resolution authorizing the use of the atrium in the Philip A. Hart Senate Office Building for the National Prescription Drug Take Back Day, a semiannual event of the Drug Enforcement Administration.</title>
        <chamberCode />
      </item>
    </titles>
    <cosponsors>
      <item>
        <bioguideId>B000575</bioguideId>
        <sponsorshipWithdrawnDate />
        <lastName>Blunt</lastName>
        <state>MO</state>
        <fullName>Sen. Blunt, Roy [R-MO]</fullName>
        <firstName>Roy</firstName>
        <sponsorshipDate>2019-04-10</sponsorshipDate>
        <identifiers>
          <bioguideId>B000575</bioguideId>
          <gpoId>8313</gpoId>
          <lisID>1464</lisID>
        </identifiers>
        <middleName />
        <isOriginalCosponsor>True</isOriginalCosponsor>
        <party>R</party>
      </item>
    </cosponsors>
    <actions>
      <actionByCounts>
        <senate>3</senate>
      </actionByCounts>
      <actionTypeCounts>
        <passedAgreedToInSenate>1</passedAgreedToInSenate>
        <passedOrAgreedToInSenateDayOf>1</passedOrAgreedToInSenateDayOf>
        <introducedInSenate>1</introducedInSenate>
      </actionTypeCounts>
      <item>
        <actionDate>2019-04-10</actionDate>
        <committee />
        <links>
          <link>
            <name>S2391</name>
            <url>https://www.congress.gov/congressional-record/volume-165/senate-section/page/S2391</url>
          </link>
          <link>
            <name>S2392</name>
            <url>https://www.congress.gov/congressional-record/volume-165/senate-section/page/S2392</url>
          </link>
        </links>
        <sourceSystem>
          <code>0</code>
          <name>Senate</name>
        </sourceSystem>
        <text>Submitted in the Senate, considered, and agreed to without amendment by Unanimous Consent. (consideration: CR S2392; text: CR S2391)</text>
        <type>Floor</type>
      </item>
      <item>
        <links>
          <link>
            <name>S2391</name>
            <url>https://www.congress.gov/congressional-record/volume-165/senate-section/page/S2391</url>
          </link>
          <link>
            <name>S2392</name>
            <url>https://www.congress.gov/congressional-record/volume-165/senate-section/page/S2392</url>
          </link>
        </links>
        <committee />
        <type>Floor</type>
        <actionDate>2019-04-10</actionDate>
        <text>Passed/agreed to in Senate: Submitted in the Senate, considered, and agreed to without amendment by Unanimous Consent.(consideration: CR S2392; text: CR S2391)</text>
        <actionCode>17000</actionCode>
        <sourceSystem>
          <code>9</code>
          <name>Library of Congress</name>
        </sourceSystem>
      </item>
      <item>
        <links />
        <committee />
        <type>IntroReferral</type>
        <actionDate>2019-04-10</actionDate>
        <text>Introduced in Senate</text>
        <actionCode>10000</actionCode>
        <sourceSystem>
          <code>9</code>
          <name>Library of Congress</name>
        </sourceSystem>
      </item>
    </actions>
    <laws />
    <committeeReports />
    <introducedDate>2019-04-10</introducedDate>
    <version>1.0.0</version>
    <congress>116</congress>
    <billNumber>158</billNumber>
    <notes />
    <calendarNumbers />
    <title>A resolution authorizing the use of the atrium in the Philip A. Hart Senate Office Building for the National Prescription Drug Take Back Day, a semiannual event of the Drug Enforcement Administration.</title>
  </bill>
  <dublinCore xmlns:dc="http://purl.org/dc/elements/1.1/">
    <dc:format>text/xml</dc:format>
    <dc:language>EN</dc:language>
    <dc:rights>Pursuant to Title 17 Section 105 of the United States Code, this file is not subject to copyright protection and is in the public domain.</dc:rights>
    <dc:contributor>Congressional Research Service, Library of Congress</dc:contributor>
    <dc:description>This file contains bill summaries and statuses for federal legislation. A bill summary describes the most significant provisions of a piece of legislation and details the effects the legislative text may have on current law and federal programs. Bill summaries are authored by the Congressional Research Service (CRS) of the Library of Congress. As stated in Public Law 91-510 (2 USC 166 (d)(6)), one of the duties of CRS is "to prepare summaries and digests of bills and resolutions of a public general nature introduced in the Senate or House of Representatives". For more information, refer to the User Guide that accompanies this file.</dc:description>
  </dublinCore>
</billStatus>

