<?xml version="1.0" encoding="UTF-8"?>
<billStatus>
  <bill>
    <notes />
    <laws />
    <committees>
      <billCommittees>
        <item>
          <activities>
            <item>
              <date>2019-07-29T21:31:33Z</date>
              <name>Referred to</name>
            </item>
          </activities>
          <chamber>Senate</chamber>
          <name>Judiciary Committee</name>
          <subcommittees />
          <systemCode>ssju00</systemCode>
          <type>Standing</type>
        </item>
      </billCommittees>
    </committees>
    <titles>
      <item>
        <titleType>Official Title as Introduced</titleType>
        <chamberCode />
        <title>A resolution expressing the sense of the Senate that socialism poses a significant threat to freedom, liberty, and economic prosperity.</title>
        <chamberName />
        <parentTitleType />
      </item>
      <item>
        <titleType>Display Title</titleType>
        <chamberCode />
        <title>A resolution expressing the sense of the Senate that socialism poses a significant threat to freedom, liberty, and economic prosperity.</title>
        <chamberName />
        <parentTitleType />
      </item>
    </titles>
    <relatedBills>
      <item>
        <type>HRES</type>
        <number>253</number>
        <latestAction>
          <actionDate>2019-03-25</actionDate>
          <text>Referred to the Committee on Financial Services, and in addition to the Committee on Foreign Affairs, for a period to be subsequently determined by the Speaker, in each case for consideration of such provisions as fall within the jurisdiction of the committee concerned.</text>
        </latestAction>
        <congress>116</congress>
        <relationshipDetails>
          <item>
            <type>Related bill</type>
            <identifiedBy>CRS</identifiedBy>
          </item>
        </relationshipDetails>
        <latestTitle>Recognizing that it is the sense of the United States House of Representatives that Socialism poses a significant threat to the freedom, liberty, and economic prosperity.</latestTitle>
      </item>
    </relatedBills>
    <textVersions>
      <item>
        <type>Introduced in Senate</type>
        <date>2019-07-29T04:00:00Z</date>
        <formats>
          <item>
            <url>https://www.govinfo.gov/content/pkg/BILLS-116sres289is/xml/BILLS-116sres289is.xml</url>
          </item>
        </formats>
      </item>
    </textVersions>
    <recordedVotes />
    <introducedDate>2019-07-29</introducedDate>
    <updateDate>2019-11-05T05:27:55Z</updateDate>
    <cboCostEstimates />
    <title>A resolution expressing the sense of the Senate that socialism poses a significant threat to freedom, liberty, and economic prosperity.</title>
    <amendments />
    <originChamber>Senate</originChamber>
    <actions>
      <actionTypeCounts>
        <referredToCommittee>1</referredToCommittee>
        <introducedInSenate>1</introducedInSenate>
      </actionTypeCounts>
      <item>
        <actionDate>2019-07-29</actionDate>
        <committee>
          <systemCode>ssju00</systemCode>
          <name>Judiciary Committee</name>
        </committee>
        <links>
          <link>
            <url>https://www.congress.gov/congressional-record/volume-165/senate-section/page/S5148</url>
            <name>S5148</name>
          </link>
          <link>
            <url>https://www.congress.gov/congressional-record/volume-165/senate-section/page/S5148-5149</url>
            <name>S5148-5149</name>
          </link>
        </links>
        <sourceSystem>
          <code>0</code>
          <name>Senate</name>
        </sourceSystem>
        <text>Referred to the Committee on the Judiciary. (Sponsor introductory remarks on measure: CR S5148-5149; text: CR S5148)</text>
        <type>IntroReferral</type>
      </item>
      <item>
        <sourceSystem>
          <code>9</code>
          <name>Library of Congress</name>
        </sourceSystem>
        <links />
        <text>Introduced in Senate</text>
        <actionDate>2019-07-29</actionDate>
        <actionCode>10000</actionCode>
        <type>IntroReferral</type>
        <committee />
      </item>
      <actionByCounts>
        <senate>2</senate>
      </actionByCounts>
    </actions>
    <sponsors>
      <item>
        <fullName>Sen. Daines, Steve [R-MT]</fullName>
        <firstName>Steve</firstName>
        <identifiers>
          <lisID>2138</lisID>
          <bioguideId>D000618</bioguideId>
          <gpoId />
        </identifiers>
        <bioguideId>D000618</bioguideId>
        <middleName />
        <lastName>Daines</lastName>
        <party>R</party>
        <byRequestType />
        <state>MT</state>
      </item>
    </sponsors>
    <billType>SRES</billType>
    <createDate>2019-07-30T04:27:24Z</createDate>
    <cosponsors>
      <item>
        <fullName>Sen. Blackburn, Marsha [R-TN]</fullName>
        <isOriginalCosponsor>False</isOriginalCosponsor>
        <lastName>Blackburn</lastName>
        <middleName />
        <state>TN</state>
        <bioguideId>B001243</bioguideId>
        <identifiers>
          <lisID>1748</lisID>
          <bioguideId>B001243</bioguideId>
          <gpoId>8154</gpoId>
        </identifiers>
        <sponsorshipDate>2019-07-31</sponsorshipDate>
        <firstName>Marsha</firstName>
        <sponsorshipWithdrawnDate />
        <party>R</party>
      </item>
    </cosponsors>
    <subjects>
      <billSubjects>
        <legislativeSubjects>
          <item>
            <name>Economic theory</name>
          </item>
          <item>
            <name>Political movements and philosophies</name>
          </item>
          <item>
            <name>Sovereignty, recognition, national governance and status</name>
          </item>
        </legislativeSubjects>
        <policyArea>
          <name>Government Operations and Politics</name>
        </policyArea>
      </billSubjects>
    </subjects>
    <congress>116</congress>
    <policyArea>
      <name>Government Operations and Politics</name>
    </policyArea>
    <summaries>
      <billSummaries />
    </summaries>
    <billNumber>289</billNumber>
    <calendarNumbers />
    <version>1.0.0</version>
    <committeeReports />
    <latestAction>
      <text>Referred to the Committee on the Judiciary. (Sponsor introductory remarks on measure: CR S5148-5149; text: CR S5148)</text>
      <links />
      <actionDate>2019-07-29</actionDate>
    </latestAction>
  </bill>
  <dublinCore xmlns:dc="http://purl.org/dc/elements/1.1/">
    <dc:format>text/xml</dc:format>
    <dc:language>EN</dc:language>
    <dc:rights>Pursuant to Title 17 Section 105 of the United States Code, this file is not subject to copyright protection and is in the public domain.</dc:rights>
    <dc:contributor>Congressional Research Service, Library of Congress</dc:contributor>
    <dc:description>This file contains bill summaries and statuses for federal legislation. A bill summary describes the most significant provisions of a piece of legislation and details the effects the legislative text may have on current law and federal programs. Bill summaries are authored by the Congressional Research Service (CRS) of the Library of Congress. As stated in Public Law 91-510 (2 USC 166 (d)(6)), one of the duties of CRS is "to prepare summaries and digests of bills and resolutions of a public general nature introduced in the Senate or House of Representatives". For more information, refer to the User Guide that accompanies this file.</dc:description>
  </dublinCore>
</billStatus>

