<?xml version="1.0" encoding="UTF-8"?>
<billStatus>
  <bill>
    <billType>SRES</billType>
    <originChamber>Senate</originChamber>
    <relatedBills>
      <item>
        <congress>116</congress>
        <latestTitle>Recognizing the importance of paying tribute to those individuals who have faithfully served and retired from the Armed Forces of the United States, supporting the goals and ideals of Military Retiree Appreciation Day, and encouraging the people of the United States to honor the past and continued service of military retirees to their local communities and the United States.</latestTitle>
        <latestAction>
          <actionDate>2019-05-09</actionDate>
          <text>Referred to the Subcommittee on Military Personnel.</text>
        </latestAction>
        <type>HRES</type>
        <number>361</number>
        <relationshipDetails>
          <item>
            <type>Related bill</type>
            <identifiedBy>CRS</identifiedBy>
          </item>
        </relationshipDetails>
      </item>
    </relatedBills>
    <cboCostEstimates />
    <billNumber>118</billNumber>
    <amendments />
    <committees>
      <billCommittees>
        <item>
          <chamber>Senate</chamber>
          <type>Standing</type>
          <systemCode>ssju00</systemCode>
          <activities>
            <item>
              <date>2019-03-28T19:42:56Z</date>
              <name>Discharged from</name>
            </item>
            <item>
              <date>2019-03-14T21:09:50Z</date>
              <name>Referred to</name>
            </item>
          </activities>
          <name>Judiciary Committee</name>
          <subcommittees />
        </item>
      </billCommittees>
    </committees>
    <sponsors>
      <item>
        <fullName>Sen. Warren, Elizabeth [D-MA]</fullName>
        <lastName>Warren</lastName>
        <party>D</party>
        <firstName>Elizabeth</firstName>
        <identifiers>
          <gpoId />
          <bioguideId>W000817</bioguideId>
          <lisID>2182</lisID>
        </identifiers>
        <byRequestType />
        <middleName>A.</middleName>
        <bioguideId>W000817</bioguideId>
        <state>MA</state>
      </item>
    </sponsors>
    <committeeReports />
    <createDate>2019-03-15T04:42:06Z</createDate>
    <actions>
      <item>
        <actionDate>2019-03-28</actionDate>
        <committee />
        <links>
          <link>
            <name>CR 3/14/2019 S1909</name>
            <url>https://www.congress.gov/congressional-record/volume-165/senate-section/page/S1909</url>
          </link>
        </links>
        <sourceSystem>
          <code>0</code>
          <name>Senate</name>
        </sourceSystem>
        <text>Resolution agreed to in Senate without amendment and with a preamble by Unanimous Consent. (text: CR 3/14/2019 S1909)</text>
        <type>Floor</type>
      </item>
      <item>
        <sourceSystem>
          <code>9</code>
          <name>Library of Congress</name>
        </sourceSystem>
        <committee />
        <type>Floor</type>
        <actionDate>2019-03-28</actionDate>
        <actionCode>17000</actionCode>
        <text>Passed/agreed to in Senate: Resolution agreed to in Senate without amendment and with a preamble by Unanimous Consent.(text: CR 3/14/2019 S1909)</text>
        <links>
          <link>
            <name>CR 3/14/2019 S1909</name>
            <url>https://www.congress.gov/congressional-record/volume-165/senate-section/page/S1909</url>
          </link>
        </links>
      </item>
      <item>
        <actionDate>2019-03-28</actionDate>
        <committee>
          <systemCode>ssju00</systemCode>
          <name>Judiciary Committee</name>
        </committee>
        <links>
          <link>
            <name>S2100</name>
            <url>https://www.congress.gov/congressional-record/volume-165/senate-section/page/S2100</url>
          </link>
        </links>
        <sourceSystem>
          <code>0</code>
          <name>Senate</name>
        </sourceSystem>
        <text>Senate Committee on the Judiciary discharged by Unanimous Consent. (consideration: CR S2100)</text>
        <type>Discharge</type>
      </item>
      <item>
        <sourceSystem>
          <code>9</code>
          <name>Library of Congress</name>
        </sourceSystem>
        <committee>
          <systemCode>ssju00</systemCode>
          <name>Judiciary Committee</name>
        </committee>
        <type>Committee</type>
        <actionDate>2019-03-28</actionDate>
        <actionCode>14500</actionCode>
        <text>Senate Committee on the Judiciary discharged by Unanimous Consent.(consideration: CR S2100)</text>
        <links>
          <link>
            <name>S2100</name>
            <url>https://www.congress.gov/congressional-record/volume-165/senate-section/page/S2100</url>
          </link>
        </links>
      </item>
      <item>
        <actionDate>2019-03-14</actionDate>
        <committee>
          <systemCode>ssju00</systemCode>
          <name>Judiciary Committee</name>
        </committee>
        <links />
        <sourceSystem>
          <code>0</code>
          <name>Senate</name>
        </sourceSystem>
        <text>Referred to the Committee on the Judiciary.</text>
        <type>IntroReferral</type>
      </item>
      <item>
        <sourceSystem>
          <code>9</code>
          <name>Library of Congress</name>
        </sourceSystem>
        <committee />
        <type>IntroReferral</type>
        <actionDate>2019-03-14</actionDate>
        <actionCode>10000</actionCode>
        <text>Introduced in Senate</text>
        <links />
      </item>
      <actionByCounts>
        <senate>6</senate>
      </actionByCounts>
      <actionTypeCounts>
        <introducedInSenate>1</introducedInSenate>
        <agreedToInSenate>1</agreedToInSenate>
        <referredToCommittee>1</referredToCommittee>
        <committeeDischarged>1</committeeDischarged>
        <senateCommitteeDischarged>1</senateCommitteeDischarged>
        <passedAgreedToInSenate>1</passedAgreedToInSenate>
      </actionTypeCounts>
    </actions>
    <version>1.0.0</version>
    <titles>
      <item>
        <chamberCode />
        <parentTitleType />
        <titleType>Official Title as Introduced</titleType>
        <title>A resolution recognizing the importance of paying tribute to those individuals who have faithfully served and retired from the Armed Forces of the United States, designating April 18, 2019, as "Military Retiree Appreciation Day", and encouraging the people of the United States to honor the past and continued service of military retirees to their local communities and the United States.</title>
        <chamberName />
      </item>
      <item>
        <chamberCode />
        <parentTitleType />
        <titleType>Display Title</titleType>
        <title>A resolution recognizing the importance of paying tribute to those individuals who have faithfully served and retired from the Armed Forces of the United States, designating April 18, 2019, as "Military Retiree Appreciation Day", and encouraging the people of the United States to honor the past and continued service of military retirees to their local communities and the United States.</title>
        <chamberName />
      </item>
    </titles>
    <calendarNumbers />
    <updateDate>2019-05-21T17:15:07Z</updateDate>
    <subjects>
      <billSubjects>
        <policyArea>
          <name>Armed Forces and National Security</name>
        </policyArea>
        <legislativeSubjects>
          <item>
            <name>Commemorative events and holidays</name>
          </item>
          <item>
            <name>Congressional tributes</name>
          </item>
          <item>
            <name>National and community service</name>
          </item>
          <item>
            <name>Veterans' organizations and recognition</name>
          </item>
        </legislativeSubjects>
      </billSubjects>
    </subjects>
    <notes />
    <congress>116</congress>
    <cosponsors>
      <item>
        <lastName>Cruz</lastName>
        <bioguideId>C001098</bioguideId>
        <sponsorshipDate>2019-03-14</sponsorshipDate>
        <fullName>Sen. Cruz, Ted [R-TX]</fullName>
        <state>TX</state>
        <sponsorshipWithdrawnDate />
        <firstName>Ted</firstName>
        <middleName />
        <isOriginalCosponsor>True</isOriginalCosponsor>
        <party>R</party>
        <identifiers>
          <gpoId />
          <lisID>2175</lisID>
          <bioguideId>C001098</bioguideId>
        </identifiers>
      </item>
      <item>
        <lastName>Jones</lastName>
        <bioguideId>J000300</bioguideId>
        <sponsorshipDate>2019-03-14</sponsorshipDate>
        <fullName>Sen. Jones, Doug  [D-AL]</fullName>
        <state>AL</state>
        <sponsorshipWithdrawnDate />
        <firstName>Doug</firstName>
        <middleName />
        <isOriginalCosponsor>True</isOriginalCosponsor>
        <party>D</party>
        <identifiers>
          <gpoId />
          <bioguideId>J000300</bioguideId>
          <lisID>2364</lisID>
        </identifiers>
      </item>
      <item>
        <lastName>Daines</lastName>
        <bioguideId>D000618</bioguideId>
        <sponsorshipDate>2019-03-14</sponsorshipDate>
        <fullName>Sen. Daines, Steve [R-MT]</fullName>
        <state>MT</state>
        <sponsorshipWithdrawnDate />
        <firstName>Steve</firstName>
        <middleName />
        <isOriginalCosponsor>True</isOriginalCosponsor>
        <party>R</party>
        <identifiers>
          <gpoId />
          <bioguideId>D000618</bioguideId>
          <lisID>2138</lisID>
        </identifiers>
      </item>
      <item>
        <lastName>Murphy</lastName>
        <bioguideId>M001169</bioguideId>
        <sponsorshipDate>2019-03-14</sponsorshipDate>
        <fullName>Sen. Murphy, Christopher [D-CT]</fullName>
        <state>CT</state>
        <sponsorshipWithdrawnDate />
        <firstName>Christopher</firstName>
        <middleName />
        <isOriginalCosponsor>True</isOriginalCosponsor>
        <party>D</party>
        <identifiers>
          <lisID>1837</lisID>
          <gpoId>7870</gpoId>
          <bioguideId>M001169</bioguideId>
        </identifiers>
      </item>
      <item>
        <lastName>CAPITO</lastName>
        <bioguideId>C001047</bioguideId>
        <sponsorshipDate>2019-03-14</sponsorshipDate>
        <fullName>Sen. Capito, Shelley Moore [R-WV]</fullName>
        <state>WV</state>
        <sponsorshipWithdrawnDate />
        <firstName>SHELLEY</firstName>
        <middleName>MOORE</middleName>
        <isOriginalCosponsor>True</isOriginalCosponsor>
        <party>R</party>
        <identifiers>
          <bioguideId>C001047</bioguideId>
          <gpoId>8223</gpoId>
          <lisID>1676</lisID>
        </identifiers>
      </item>
      <item>
        <lastName>Van Hollen</lastName>
        <bioguideId>V000128</bioguideId>
        <sponsorshipDate>2019-03-14</sponsorshipDate>
        <fullName>Sen. Van Hollen, Chris [D-MD]</fullName>
        <state>MD</state>
        <sponsorshipWithdrawnDate />
        <firstName>Chris</firstName>
        <middleName />
        <isOriginalCosponsor>True</isOriginalCosponsor>
        <party>D</party>
        <identifiers>
          <lisID>1729</lisID>
          <bioguideId>V000128</bioguideId>
          <gpoId>7983</gpoId>
        </identifiers>
      </item>
      <item>
        <lastName>Tillis</lastName>
        <bioguideId>T000476</bioguideId>
        <sponsorshipDate>2019-03-14</sponsorshipDate>
        <fullName>Sen. Tillis, Thom [R-NC]</fullName>
        <state>NC</state>
        <sponsorshipWithdrawnDate />
        <firstName>Thomas</firstName>
        <middleName>Roland</middleName>
        <isOriginalCosponsor>True</isOriginalCosponsor>
        <party>R</party>
        <identifiers>
          <gpoId />
          <lisID>2291</lisID>
          <bioguideId>T000476</bioguideId>
        </identifiers>
      </item>
      <item>
        <lastName>Blumenthal</lastName>
        <bioguideId>B001277</bioguideId>
        <sponsorshipDate>2019-03-14</sponsorshipDate>
        <fullName>Sen. Blumenthal, Richard [D-CT]</fullName>
        <state>CT</state>
        <sponsorshipWithdrawnDate />
        <firstName>Richard</firstName>
        <middleName />
        <isOriginalCosponsor>True</isOriginalCosponsor>
        <party>D</party>
        <identifiers>
          <bioguideId>B001277</bioguideId>
          <gpoId>8332</gpoId>
          <lisID>2076</lisID>
        </identifiers>
      </item>
      <item>
        <lastName>Perdue</lastName>
        <bioguideId>P000612</bioguideId>
        <sponsorshipDate>2019-03-14</sponsorshipDate>
        <fullName>Sen. Perdue, David [R-GA]</fullName>
        <state>GA</state>
        <sponsorshipWithdrawnDate />
        <firstName>David</firstName>
        <middleName>Alfred</middleName>
        <isOriginalCosponsor>True</isOriginalCosponsor>
        <party>R</party>
        <identifiers>
          <gpoId />
          <bioguideId>P000612</bioguideId>
          <lisID>2286</lisID>
        </identifiers>
      </item>
      <item>
        <lastName>Kaine</lastName>
        <bioguideId>K000384</bioguideId>
        <sponsorshipDate>2019-03-14</sponsorshipDate>
        <fullName>Sen. Kaine, Tim [D-VA]</fullName>
        <state>VA</state>
        <sponsorshipWithdrawnDate />
        <firstName>Timothy</firstName>
        <middleName />
        <isOriginalCosponsor>True</isOriginalCosponsor>
        <party>D</party>
        <identifiers>
          <bioguideId>K000384</bioguideId>
          <lisID>2176</lisID>
          <gpoId />
        </identifiers>
      </item>
      <item>
        <lastName>Rubio</lastName>
        <bioguideId>R000595</bioguideId>
        <sponsorshipDate>2019-03-14</sponsorshipDate>
        <fullName>Sen. Rubio, Marco [R-FL]</fullName>
        <state>FL</state>
        <sponsorshipWithdrawnDate />
        <firstName>Marco</firstName>
        <middleName />
        <isOriginalCosponsor>True</isOriginalCosponsor>
        <party>R</party>
        <identifiers>
          <bioguideId>R000595</bioguideId>
          <gpoId>8242</gpoId>
          <lisID>2084</lisID>
        </identifiers>
      </item>
      <item>
        <lastName>Hirono</lastName>
        <bioguideId>H001042</bioguideId>
        <sponsorshipDate>2019-03-14</sponsorshipDate>
        <fullName>Sen. Hirono, Mazie K. [D-HI]</fullName>
        <state>HI</state>
        <sponsorshipWithdrawnDate />
        <firstName>Mazie</firstName>
        <middleName>K.</middleName>
        <isOriginalCosponsor>True</isOriginalCosponsor>
        <party>D</party>
        <identifiers>
          <bioguideId>H001042</bioguideId>
          <lisID>1844</lisID>
          <gpoId>7913</gpoId>
        </identifiers>
      </item>
      <item>
        <lastName>WICKER</lastName>
        <bioguideId>W000437</bioguideId>
        <sponsorshipDate>2019-03-14</sponsorshipDate>
        <fullName>Sen. Wicker, Roger F. [R-MS]</fullName>
        <state>MS</state>
        <sponsorshipWithdrawnDate />
        <firstName>ROGER</firstName>
        <middleName>F.</middleName>
        <isOriginalCosponsor>True</isOriginalCosponsor>
        <party>R</party>
        <identifiers>
          <gpoId>8263</gpoId>
          <bioguideId>W000437</bioguideId>
          <lisID>1226</lisID>
        </identifiers>
      </item>
      <item>
        <lastName>Hassan</lastName>
        <bioguideId>H001076</bioguideId>
        <sponsorshipDate>2019-03-14</sponsorshipDate>
        <fullName>Sen. Hassan, Margaret Wood [D-NH]</fullName>
        <state>NH</state>
        <sponsorshipWithdrawnDate />
        <firstName>Margaret</firstName>
        <middleName>Wood</middleName>
        <isOriginalCosponsor>True</isOriginalCosponsor>
        <party>D</party>
        <identifiers>
          <bioguideId>H001076</bioguideId>
          <gpoId />
          <lisID>2302</lisID>
        </identifiers>
      </item>
      <item>
        <lastName>Sullivan</lastName>
        <bioguideId>S001198</bioguideId>
        <sponsorshipDate>2019-03-14</sponsorshipDate>
        <fullName>Sen. Sullivan, Dan  [R-AK]</fullName>
        <state>AK</state>
        <sponsorshipWithdrawnDate />
        <firstName>Dan</firstName>
        <middleName />
        <isOriginalCosponsor>True</isOriginalCosponsor>
        <party>R</party>
        <identifiers>
          <gpoId />
          <bioguideId>S001198</bioguideId>
          <lisID>2290</lisID>
        </identifiers>
      </item>
      <item>
        <lastName>Peters</lastName>
        <bioguideId>P000595</bioguideId>
        <sponsorshipDate>2019-03-14</sponsorshipDate>
        <fullName>Sen. Peters, Gary C. [D-MI]</fullName>
        <state>MI</state>
        <sponsorshipWithdrawnDate />
        <firstName>Gary</firstName>
        <middleName>C.</middleName>
        <isOriginalCosponsor>True</isOriginalCosponsor>
        <party>D</party>
        <identifiers>
          <bioguideId>P000595</bioguideId>
          <gpoId>7994</gpoId>
          <lisID>1929</lisID>
        </identifiers>
      </item>
      <item>
        <lastName>Young</lastName>
        <bioguideId>Y000064</bioguideId>
        <sponsorshipDate>2019-03-14</sponsorshipDate>
        <fullName>Sen. Young, Todd [R-IN]</fullName>
        <state>IN</state>
        <sponsorshipWithdrawnDate />
        <firstName>Todd</firstName>
        <middleName />
        <isOriginalCosponsor>True</isOriginalCosponsor>
        <party>R</party>
        <identifiers>
          <lisID>2019</lisID>
          <gpoId>7948</gpoId>
          <bioguideId>Y000064</bioguideId>
        </identifiers>
      </item>
      <item>
        <lastName>Warner</lastName>
        <bioguideId>W000805</bioguideId>
        <sponsorshipDate>2019-03-14</sponsorshipDate>
        <fullName>Sen. Warner, Mark R. [D-VA]</fullName>
        <state>VA</state>
        <sponsorshipWithdrawnDate />
        <firstName>Mark</firstName>
        <middleName>R.</middleName>
        <isOriginalCosponsor>True</isOriginalCosponsor>
        <party>D</party>
        <identifiers>
          <gpoId>8269</gpoId>
          <lisID>1897</lisID>
          <bioguideId>W000805</bioguideId>
        </identifiers>
      </item>
      <item>
        <lastName>Hawley</lastName>
        <bioguideId>H001089</bioguideId>
        <sponsorshipDate>2019-03-14</sponsorshipDate>
        <fullName>Sen. Hawley, Josh  [R-MO]</fullName>
        <state>MO</state>
        <sponsorshipWithdrawnDate />
        <firstName>Josh</firstName>
        <middleName />
        <isOriginalCosponsor>True</isOriginalCosponsor>
        <party>R</party>
        <identifiers>
          <bioguideId>H001089</bioguideId>
          <lisID>2464</lisID>
          <gpoId />
        </identifiers>
      </item>
      <item>
        <lastName>MARKEY</lastName>
        <bioguideId>M000133</bioguideId>
        <sponsorshipDate>2019-03-14</sponsorshipDate>
        <fullName>Sen. Markey, Edward J. [D-MA]</fullName>
        <state>MA</state>
        <sponsorshipWithdrawnDate />
        <firstName>EDWARD</firstName>
        <middleName>J.</middleName>
        <isOriginalCosponsor>True</isOriginalCosponsor>
        <party>D</party>
        <identifiers>
          <gpoId>7972</gpoId>
          <bioguideId>M000133</bioguideId>
          <lisID>735</lisID>
        </identifiers>
      </item>
      <item>
        <lastName>Rounds</lastName>
        <bioguideId>R000605</bioguideId>
        <sponsorshipDate>2019-03-14</sponsorshipDate>
        <fullName>Sen. Rounds, Mike  [R-SD]</fullName>
        <state>SD</state>
        <sponsorshipWithdrawnDate />
        <firstName>Mike</firstName>
        <middleName />
        <isOriginalCosponsor>True</isOriginalCosponsor>
        <party>R</party>
        <identifiers>
          <gpoId />
          <lisID>2288</lisID>
          <bioguideId>R000605</bioguideId>
        </identifiers>
      </item>
      <item>
        <lastName>Murkowski</lastName>
        <bioguideId>M001153</bioguideId>
        <sponsorshipDate>2019-03-14</sponsorshipDate>
        <fullName>Sen. Murkowski, Lisa [R-AK]</fullName>
        <state>AK</state>
        <sponsorshipWithdrawnDate />
        <firstName>Lisa</firstName>
        <middleName />
        <isOriginalCosponsor>True</isOriginalCosponsor>
        <party>R</party>
        <identifiers>
          <gpoId>8234</gpoId>
          <lisID>1694</lisID>
          <bioguideId>M001153</bioguideId>
        </identifiers>
      </item>
      <item>
        <lastName>Cassidy</lastName>
        <bioguideId>C001075</bioguideId>
        <sponsorshipDate>2019-03-26</sponsorshipDate>
        <fullName>Sen. Cassidy, Bill [R-LA]</fullName>
        <state>LA</state>
        <sponsorshipWithdrawnDate />
        <firstName>Bill</firstName>
        <middleName />
        <isOriginalCosponsor>False</isOriginalCosponsor>
        <party>R</party>
        <identifiers>
          <gpoId>7964</gpoId>
          <lisID>1925</lisID>
          <bioguideId>C001075</bioguideId>
        </identifiers>
      </item>
      <item>
        <lastName>Booker</lastName>
        <bioguideId>B001288</bioguideId>
        <sponsorshipDate>2019-03-27</sponsorshipDate>
        <fullName>Sen. Booker, Cory A. [D-NJ]</fullName>
        <state>NJ</state>
        <sponsorshipWithdrawnDate />
        <firstName>Cory</firstName>
        <middleName>A.</middleName>
        <isOriginalCosponsor>False</isOriginalCosponsor>
        <party>D</party>
        <identifiers>
          <gpoId />
          <bioguideId>B001288</bioguideId>
          <lisID>2194</lisID>
        </identifiers>
      </item>
      <item>
        <lastName>Klobuchar</lastName>
        <bioguideId>K000367</bioguideId>
        <sponsorshipDate>2019-03-27</sponsorshipDate>
        <fullName>Sen. Klobuchar, Amy [D-MN]</fullName>
        <state>MN</state>
        <sponsorshipWithdrawnDate />
        <firstName>Amy</firstName>
        <middleName />
        <isOriginalCosponsor>False</isOriginalCosponsor>
        <party>D</party>
        <identifiers>
          <bioguideId>K000367</bioguideId>
          <gpoId>8249</gpoId>
          <lisID>1826</lisID>
        </identifiers>
      </item>
    </cosponsors>
    <policyArea>
      <name>Armed Forces and National Security</name>
    </policyArea>
    <laws />
    <summaries>
      <billSummaries>
        <item>
          <updateDate>2019-03-14T04:00:00Z</updateDate>
          <actionDesc>Introduced in Senate</actionDesc>
          <text><![CDATA[<p>This resolution designates April 18, 2019, as Military Retiree Appreciation Day. </p>]]></text>
          <versionCode>00</versionCode>
          <actionDate>2019-03-14</actionDate>
          <lastSummaryUpdateDate>2019-05-16T22:29:32Z</lastSummaryUpdateDate>
          <name>Introduced in Senate</name>
        </item>
        <item>
          <updateDate>2019-03-28T14:05:48Z</updateDate>
          <actionDesc>Passed Senate</actionDesc>
          <text><![CDATA[<p>This resolution designates April 18, 2019, as Military Retiree Appreciation Day. </p>]]></text>
          <versionCode>55</versionCode>
          <actionDate>2019-03-28</actionDate>
          <lastSummaryUpdateDate>2019-05-16T22:29:21Z</lastSummaryUpdateDate>
          <name>Passed Senate</name>
        </item>
      </billSummaries>
    </summaries>
    <recordedVotes />
    <latestAction>
      <links />
      <actionDate>2019-03-28</actionDate>
      <text>Resolution agreed to in Senate without amendment and with a preamble by Unanimous Consent. (text: CR 3/14/2019 S1909)</text>
    </latestAction>
    <textVersions>
      <item>
        <date>2019-03-28T04:00:00Z</date>
        <type>Agreed to Senate</type>
        <formats>
          <item>
            <url>https://www.govinfo.gov/content/pkg/BILLS-116sres118ats/xml/BILLS-116sres118ats.xml</url>
          </item>
        </formats>
      </item>
      <item>
        <date>2019-03-14T04:00:00Z</date>
        <type>Introduced in Senate</type>
        <formats>
          <item>
            <url>https://www.govinfo.gov/content/pkg/BILLS-116sres118is/xml/BILLS-116sres118is.xml</url>
          </item>
        </formats>
      </item>
    </textVersions>
    <introducedDate>2019-03-14</introducedDate>
    <title>A resolution recognizing the importance of paying tribute to those individuals who have faithfully served and retired from the Armed Forces of the United States, designating April 18, 2019, as "Military Retiree Appreciation Day", and encouraging the people of the United States to honor the past and continued service of military retirees to their local communities and the United States.</title>
  </bill>
  <dublinCore xmlns:dc="http://purl.org/dc/elements/1.1/">
    <dc:format>text/xml</dc:format>
    <dc:language>EN</dc:language>
    <dc:rights>Pursuant to Title 17 Section 105 of the United States Code, this file is not subject to copyright protection and is in the public domain.</dc:rights>
    <dc:contributor>Congressional Research Service, Library of Congress</dc:contributor>
    <dc:description>This file contains bill summaries and statuses for federal legislation. A bill summary describes the most significant provisions of a piece of legislation and details the effects the legislative text may have on current law and federal programs. Bill summaries are authored by the Congressional Research Service (CRS) of the Library of Congress. As stated in Public Law 91-510 (2 USC 166 (d)(6)), one of the duties of CRS is "to prepare summaries and digests of bills and resolutions of a public general nature introduced in the Senate or House of Representatives". For more information, refer to the User Guide that accompanies this file.</dc:description>
  </dublinCore>
</billStatus>

