<?xml version="1.0" encoding="UTF-8"?>
<billStatus>
  <bill>
    <version>1.0.0</version>
    <cboCostEstimates />
    <relatedBills>
      <item>
        <number>380</number>
        <congress>116</congress>
        <type>SRES</type>
        <latestAction>
          <actionDate>2019-10-24</actionDate>
          <text>Submitted in the Senate, considered, and agreed to without amendment and with a preamble by Voice Vote. (consideration: CR S6177; text: CR S6161)</text>
        </latestAction>
        <latestTitle>A resolution supporting the goal and ideals of National Retirement Security Week, including raising public awareness of the various tax-preferred retirement vehicles, increasing personal financial literacy, and engaging the people of the United States on the keys to success in achieving and maintaining retirement security throughout their lifetimes.</latestTitle>
        <relationshipDetails>
          <item>
            <type>Identical bill</type>
            <identifiedBy>CRS</identifiedBy>
          </item>
        </relationshipDetails>
      </item>
    </relatedBills>
    <amendments />
    <summaries>
      <billSummaries>
        <item>
          <lastSummaryUpdateDate>2019-10-15T12:52:12Z</lastSummaryUpdateDate>
          <text><![CDATA[<p>This resolution expresses support for the goals and ideals of National Retirement Security Week and acknowledges the need to raise public awareness of a variety of tax-preferred retirement vehicles.</p>]]></text>
          <versionCode>00</versionCode>
          <actionDate>2019-09-25</actionDate>
          <actionDesc>Introduced in Senate</actionDesc>
          <updateDate>2019-09-25T04:00:00Z</updateDate>
          <name>Introduced in Senate</name>
        </item>
      </billSummaries>
    </summaries>
    <policyArea>
      <name>Finance and Financial Sector</name>
    </policyArea>
    <sponsors>
      <item>
        <firstName>MICHAEL</firstName>
        <middleName>B.</middleName>
        <state>WY</state>
        <bioguideId>E000285</bioguideId>
        <identifiers>
          <lisID>1542</lisID>
          <gpoId>8328</gpoId>
          <bioguideId>E000285</bioguideId>
        </identifiers>
        <fullName>Sen. Enzi, Michael B. [R-WY]</fullName>
        <party>R</party>
        <lastName>ENZI</lastName>
        <byRequestType />
      </item>
    </sponsors>
    <notes />
    <billNumber>339</billNumber>
    <updateDate>2019-11-15T22:00:47Z</updateDate>
    <titles>
      <item>
        <titleType>Official Title as Introduced</titleType>
        <chamberCode />
        <title>A resolution supporting the goals and ideals of National Retirement Security Week, including raising public awareness of the various tax-preferred retirement vehicles, increasing personal financial literacy, and engaging the people of the United States on the keys to success in achieving and maintaining retirement security throughout their lifetimes.</title>
        <parentTitleType />
        <chamberName />
      </item>
      <item>
        <titleType>Display Title</titleType>
        <chamberCode />
        <title>A resolution supporting the goals and ideals of National Retirement Security Week, including raising public awareness of the various tax-preferred retirement vehicles, increasing personal financial literacy, and engaging the people of the United States on the keys to success in achieving and maintaining retirement security throughout their lifetimes.</title>
        <parentTitleType />
        <chamberName />
      </item>
    </titles>
    <createDate>2019-09-26T04:27:29Z</createDate>
    <title>A resolution supporting the goals and ideals of National Retirement Security Week, including raising public awareness of the various tax-preferred retirement vehicles, increasing personal financial literacy, and engaging the people of the United States on the keys to success in achieving and maintaining retirement security throughout their lifetimes.</title>
    <textVersions>
      <item>
        <type>Introduced in Senate</type>
        <formats>
          <item>
            <url>https://www.govinfo.gov/content/pkg/BILLS-116sres339is/xml/BILLS-116sres339is.xml</url>
          </item>
        </formats>
        <date>2019-09-25T04:00:00Z</date>
      </item>
    </textVersions>
    <recordedVotes />
    <calendarNumbers />
    <committeeReports />
    <congress>116</congress>
    <latestAction>
      <actionDate>2019-09-25</actionDate>
      <links />
      <text>Referred to the Committee on Health, Education, Labor, and Pensions. (text: CR S5710)</text>
    </latestAction>
    <actions>
      <actionByCounts>
        <senate>2</senate>
      </actionByCounts>
      <item>
        <actionDate>2019-09-25</actionDate>
        <committee>
          <name>HELP Committee</name>
          <systemCode>sshr00</systemCode>
        </committee>
        <links>
          <link>
            <url>https://www.congress.gov/congressional-record/volume-165/senate-section/page/S5710</url>
            <name>S5710</name>
          </link>
        </links>
        <sourceSystem>
          <code>0</code>
          <name>Senate</name>
        </sourceSystem>
        <text>Referred to the Committee on Health, Education, Labor, and Pensions. (text: CR S5710)</text>
        <type>IntroReferral</type>
      </item>
      <item>
        <actionDate>2019-09-25</actionDate>
        <committee />
        <type>IntroReferral</type>
        <actionCode>10000</actionCode>
        <links />
        <sourceSystem>
          <code>9</code>
          <name>Library of Congress</name>
        </sourceSystem>
        <text>Introduced in Senate</text>
      </item>
      <actionTypeCounts>
        <referredToCommittee>1</referredToCommittee>
        <introducedInSenate>1</introducedInSenate>
      </actionTypeCounts>
    </actions>
    <originChamber>Senate</originChamber>
    <committees>
      <billCommittees>
        <item>
          <type>Standing</type>
          <chamber>Senate</chamber>
          <systemCode>sshr00</systemCode>
          <name>HELP Committee</name>
          <activities>
            <item>
              <name>Referred to</name>
              <date>2019-09-25T19:00:18Z</date>
            </item>
          </activities>
          <subcommittees />
        </item>
      </billCommittees>
    </committees>
    <introducedDate>2019-09-25</introducedDate>
    <subjects>
      <billSubjects>
        <legislativeSubjects>
          <item>
            <name>Commemorative events and holidays</name>
          </item>
          <item>
            <name>Employee benefits and pensions</name>
          </item>
          <item>
            <name>Financial literacy</name>
          </item>
          <item>
            <name>Financial services and investments</name>
          </item>
          <item>
            <name>Income tax deferral</name>
          </item>
        </legislativeSubjects>
        <policyArea>
          <name>Finance and Financial Sector</name>
        </policyArea>
      </billSubjects>
    </subjects>
    <cosponsors>
      <item>
        <firstName>BENJAMIN</firstName>
        <isOriginalCosponsor>True</isOriginalCosponsor>
        <middleName>L.</middleName>
        <fullName>Sen. Cardin, Benjamin L. [D-MD]</fullName>
        <lastName>CARDIN</lastName>
        <identifiers>
          <bioguideId>C000141</bioguideId>
          <lisID>174</lisID>
          <gpoId>8287</gpoId>
        </identifiers>
        <sponsorshipWithdrawnDate />
        <state>MD</state>
        <bioguideId>C000141</bioguideId>
        <party>D</party>
        <sponsorshipDate>2019-09-25</sponsorshipDate>
      </item>
      <item>
        <firstName>Lamar</firstName>
        <isOriginalCosponsor>True</isOriginalCosponsor>
        <middleName />
        <fullName>Sen. Alexander, Lamar [R-TN]</fullName>
        <lastName>Alexander</lastName>
        <identifiers>
          <bioguideId>A000360</bioguideId>
          <lisID>1695</lisID>
          <gpoId>8304</gpoId>
        </identifiers>
        <sponsorshipWithdrawnDate />
        <state>TN</state>
        <bioguideId>A000360</bioguideId>
        <party>R</party>
        <sponsorshipDate>2019-09-25</sponsorshipDate>
      </item>
      <item>
        <firstName>Margaret</firstName>
        <isOriginalCosponsor>True</isOriginalCosponsor>
        <middleName>Wood</middleName>
        <fullName>Sen. Hassan, Margaret Wood [D-NH]</fullName>
        <lastName>Hassan</lastName>
        <identifiers>
          <lisID>2302</lisID>
          <gpoId />
          <bioguideId>H001076</bioguideId>
        </identifiers>
        <sponsorshipWithdrawnDate />
        <state>NH</state>
        <bioguideId>H001076</bioguideId>
        <party>D</party>
        <sponsorshipDate>2019-09-25</sponsorshipDate>
      </item>
      <item>
        <firstName>Todd</firstName>
        <isOriginalCosponsor>True</isOriginalCosponsor>
        <middleName />
        <fullName>Sen. Young, Todd [R-IN]</fullName>
        <lastName>Young</lastName>
        <identifiers>
          <bioguideId>Y000064</bioguideId>
          <lisID>2019</lisID>
          <gpoId>7948</gpoId>
        </identifiers>
        <sponsorshipWithdrawnDate />
        <state>IN</state>
        <bioguideId>Y000064</bioguideId>
        <party>R</party>
        <sponsorshipDate>2019-09-25</sponsorshipDate>
      </item>
      <item>
        <firstName>Doug</firstName>
        <isOriginalCosponsor>True</isOriginalCosponsor>
        <middleName />
        <fullName>Sen. Jones, Doug  [D-AL]</fullName>
        <lastName>Jones</lastName>
        <identifiers>
          <lisID>2364</lisID>
          <gpoId />
          <bioguideId>J000300</bioguideId>
        </identifiers>
        <sponsorshipWithdrawnDate />
        <state>AL</state>
        <bioguideId>J000300</bioguideId>
        <party>D</party>
        <sponsorshipDate>2019-09-25</sponsorshipDate>
      </item>
      <item>
        <firstName>SUSAN</firstName>
        <isOriginalCosponsor>True</isOriginalCosponsor>
        <middleName>MARGARET</middleName>
        <fullName>Sen. Collins, Susan M. [R-ME]</fullName>
        <lastName>COLLINS</lastName>
        <identifiers>
          <lisID>1541</lisID>
          <gpoId>8291</gpoId>
          <bioguideId>C001035</bioguideId>
        </identifiers>
        <sponsorshipWithdrawnDate />
        <state>ME</state>
        <bioguideId>C001035</bioguideId>
        <party>R</party>
        <sponsorshipDate>2019-09-25</sponsorshipDate>
      </item>
      <item>
        <firstName>PATTY</firstName>
        <isOriginalCosponsor>False</isOriginalCosponsor>
        <middleName />
        <fullName>Sen. Murray, Patty [D-WA]</fullName>
        <lastName>MURRAY</lastName>
        <identifiers>
          <bioguideId>M001111</bioguideId>
          <gpoId>8237</gpoId>
          <lisID>1409</lisID>
        </identifiers>
        <sponsorshipWithdrawnDate />
        <state>WA</state>
        <bioguideId>M001111</bioguideId>
        <party>D</party>
        <sponsorshipDate>2019-10-16</sponsorshipDate>
      </item>
    </cosponsors>
    <billType>SRES</billType>
    <laws />
  </bill>
  <dublinCore xmlns:dc="http://purl.org/dc/elements/1.1/">
    <dc:format>text/xml</dc:format>
    <dc:language>EN</dc:language>
    <dc:rights>Pursuant to Title 17 Section 105 of the United States Code, this file is not subject to copyright protection and is in the public domain.</dc:rights>
    <dc:contributor>Congressional Research Service, Library of Congress</dc:contributor>
    <dc:description>This file contains bill summaries and statuses for federal legislation. A bill summary describes the most significant provisions of a piece of legislation and details the effects the legislative text may have on current law and federal programs. Bill summaries are authored by the Congressional Research Service (CRS) of the Library of Congress. As stated in Public Law 91-510 (2 USC 166 (d)(6)), one of the duties of CRS is "to prepare summaries and digests of bills and resolutions of a public general nature introduced in the Senate or House of Representatives". For more information, refer to the User Guide that accompanies this file.</dc:description>
  </dublinCore>
</billStatus>

