<?xml version="1.0" encoding="UTF-8"?>
<billStatus>
  <bill>
    <titles>
      <item>
        <parentTitleType />
        <chamberCode />
        <chamberName />
        <title>A resolution honoring the 65th anniversary on May 17, 2019, of the landmark decision of the Supreme Court in Brown v. Board of Education, 347 U.S. 483 (1954).</title>
        <titleType>Official Title as Introduced</titleType>
      </item>
      <item>
        <parentTitleType />
        <chamberCode />
        <chamberName />
        <title>A resolution honoring the 65th anniversary on May 17, 2019, of the landmark decision of the Supreme Court in Brown v. Board of Education, 347 U.S. 483 (1954).</title>
        <titleType>Display Title</titleType>
      </item>
    </titles>
    <amendments />
    <latestAction>
      <actionDate>2019-05-13</actionDate>
      <links />
      <text>Referred to the Committee on the Judiciary. (text: CR S2791-2792)</text>
    </latestAction>
    <createDate>2019-05-14T04:27:07Z</createDate>
    <originChamber>Senate</originChamber>
    <actions>
      <item>
        <actionDate>2019-05-13</actionDate>
        <committee>
          <name>Judiciary Committee</name>
          <systemCode>ssju00</systemCode>
        </committee>
        <links>
          <link>
            <url>https://www.congress.gov/congressional-record/volume-165/senate-section/page/S2791-2792</url>
            <name>S2791-2792</name>
          </link>
        </links>
        <sourceSystem>
          <code>0</code>
          <name>Senate</name>
        </sourceSystem>
        <text>Referred to the Committee on the Judiciary. (text: CR S2791-2792)</text>
        <type>IntroReferral</type>
      </item>
      <item>
        <committee />
        <text>Introduced in Senate</text>
        <links />
        <actionDate>2019-05-13</actionDate>
        <actionCode>10000</actionCode>
        <type>IntroReferral</type>
        <sourceSystem>
          <code>9</code>
          <name>Library of Congress</name>
        </sourceSystem>
      </item>
      <actionByCounts>
        <senate>2</senate>
      </actionByCounts>
      <actionTypeCounts>
        <introducedInSenate>1</introducedInSenate>
        <referredToCommittee>1</referredToCommittee>
      </actionTypeCounts>
    </actions>
    <billType>SRES</billType>
    <billNumber>201</billNumber>
    <cosponsors>
      <item>
        <state>KS</state>
        <middleName />
        <firstName>Jerry</firstName>
        <party>R</party>
        <fullName>Sen. Moran, Jerry [R-KS]</fullName>
        <sponsorshipDate>2019-05-13</sponsorshipDate>
        <bioguideId>M000934</bioguideId>
        <identifiers>
          <bioguideId>M000934</bioguideId>
          <lisID>1507</lisID>
          <gpoId>8307</gpoId>
        </identifiers>
        <lastName>Moran</lastName>
        <sponsorshipWithdrawnDate />
        <isOriginalCosponsor>True</isOriginalCosponsor>
      </item>
    </cosponsors>
    <laws />
    <version>1.0.0</version>
    <relatedBills>
      <item>
        <relationshipDetails>
          <item>
            <identifiedBy>CRS</identifiedBy>
            <type>Identical bill</type>
          </item>
        </relationshipDetails>
        <latestTitle>Honoring the 65th anniversary of the landmark decision of the Supreme Court in Brown v. Board of Education (347 U.S. 483 (1954)).</latestTitle>
        <latestAction>
          <actionDate>2019-05-31</actionDate>
          <text>Referred to the Subcommittee on the Constitution, Civil Rights, and Civil Liberties.</text>
        </latestAction>
        <number>382</number>
        <type>HRES</type>
        <congress>116</congress>
      </item>
    </relatedBills>
    <recordedVotes />
    <textVersions>
      <item>
        <type>Introduced in Senate</type>
        <date>2019-05-13T04:00:00Z</date>
        <formats>
          <item>
            <url>https://www.govinfo.gov/content/pkg/BILLS-116sres201is/xml/BILLS-116sres201is.xml</url>
          </item>
        </formats>
      </item>
    </textVersions>
    <cboCostEstimates />
    <title>A resolution honoring the 65th anniversary on May 17, 2019, of the landmark decision of the Supreme Court in Brown v. Board of Education, 347 U.S. 483 (1954).</title>
    <policyArea>
      <name>Civil Rights and Liberties, Minority Issues</name>
    </policyArea>
    <subjects>
      <billSubjects>
        <legislativeSubjects>
          <item>
            <name>Commemorative events and holidays</name>
          </item>
          <item>
            <name>Congressional tributes</name>
          </item>
          <item>
            <name>Due process and equal protection</name>
          </item>
          <item>
            <name>Kansas</name>
          </item>
          <item>
            <name>Law</name>
          </item>
          <item>
            <name>Minority education</name>
          </item>
          <item>
            <name>Racial and ethnic relations</name>
          </item>
          <item>
            <name>Supreme Court</name>
          </item>
          <item>
            <name>U.S. history</name>
          </item>
        </legislativeSubjects>
        <policyArea>
          <name>Civil Rights and Liberties, Minority Issues</name>
        </policyArea>
      </billSubjects>
    </subjects>
    <calendarNumbers />
    <notes />
    <committees>
      <billCommittees>
        <item>
          <activities>
            <item>
              <name>Referred to</name>
              <date>2019-05-13T20:06:48Z</date>
            </item>
          </activities>
          <chamber>Senate</chamber>
          <name>Judiciary Committee</name>
          <systemCode>ssju00</systemCode>
          <type>Standing</type>
          <subcommittees />
        </item>
      </billCommittees>
    </committees>
    <congress>116</congress>
    <introducedDate>2019-05-13</introducedDate>
    <sponsors>
      <item>
        <byRequestType />
        <state>KS</state>
        <middleName />
        <firstName>PAT</firstName>
        <bioguideId>R000307</bioguideId>
        <fullName>Sen. Roberts, Pat [R-KS]</fullName>
        <party>R</party>
        <lastName>ROBERTS</lastName>
        <identifiers>
          <lisID>968</lisID>
          <bioguideId>R000307</bioguideId>
          <gpoId>8275</gpoId>
        </identifiers>
      </item>
    </sponsors>
    <summaries>
      <billSummaries />
    </summaries>
    <committeeReports />
    <updateDate>2019-07-11T09:24:04Z</updateDate>
  </bill>
  <dublinCore xmlns:dc="http://purl.org/dc/elements/1.1/">
    <dc:format>text/xml</dc:format>
    <dc:language>EN</dc:language>
    <dc:rights>Pursuant to Title 17 Section 105 of the United States Code, this file is not subject to copyright protection and is in the public domain.</dc:rights>
    <dc:contributor>Congressional Research Service, Library of Congress</dc:contributor>
    <dc:description>This file contains bill summaries and statuses for federal legislation. A bill summary describes the most significant provisions of a piece of legislation and details the effects the legislative text may have on current law and federal programs. Bill summaries are authored by the Congressional Research Service (CRS) of the Library of Congress. As stated in Public Law 91-510 (2 USC 166 (d)(6)), one of the duties of CRS is "to prepare summaries and digests of bills and resolutions of a public general nature introduced in the Senate or House of Representatives". For more information, refer to the User Guide that accompanies this file.</dc:description>
  </dublinCore>
</billStatus>

