<?xml version="1.0" encoding="UTF-8"?>
<billStatus>
  <bill>
    <version>1.0.0</version>
    <cboCostEstimates />
    <relatedBills>
      <item>
        <latestAction>
          <actionTime>16:38:08</actionTime>
          <text>Motion to reconsider laid on the table Agreed to without objection.</text>
          <actionDate>2019-10-15</actionDate>
        </latestAction>
        <type>HRES</type>
        <relationshipDetails>
          <item>
            <type>Related bill</type>
            <identifiedBy>CRS</identifiedBy>
          </item>
        </relationshipDetails>
        <congress>116</congress>
        <number>521</number>
        <latestTitle>Commending the Government of Canada for upholding the rule of law and expressing concern over actions by the Government of the People's Republic of China in response to a request from the United States Government to the Government of Canada for the extradition of a Huawei Technologies Co., Ltd., executive.</latestTitle>
      </item>
    </relatedBills>
    <amendments />
    <summaries>
      <billSummaries>
        <item>
          <lastSummaryUpdateDate>2019-05-31T16:57:57Z</lastSummaryUpdateDate>
          <text><![CDATA[<p>This resolution commends Canada for upholding the rule of law and complying with its obligations under its extradition treaty with the United States, in connection with Canada's arrest&nbsp;Meng Wanzhou, chief financial officer&nbsp;of Huawei Technologies Co., Ltd. It also expresses the Senate's concern over China's arbitrary and abusive treatment of Canadian nationals in response to Meng's detention, and calls for the immediate release of those individuals. (The United States requested the arrest of Meng, who stands accused of various crimes under U.S. law.) <br /></p>]]></text>
          <versionCode>00</versionCode>
          <actionDate>2019-03-06</actionDate>
          <actionDesc>Introduced in Senate</actionDesc>
          <updateDate>2019-03-06T05:00:00Z</updateDate>
          <name>Introduced in Senate</name>
        </item>
        <item>
          <lastSummaryUpdateDate>2019-06-04T16:53:07Z</lastSummaryUpdateDate>
          <text><![CDATA[<p>This resolution commends Canada for upholding the rule of law and complying with its obligations under its extradition treaty with the United States, in connection with Canada's arrest&nbsp;Meng Wanzhou, chief financial officer&nbsp;of Huawei Technologies Co., Ltd. It also expresses the Senate's concern over China's arbitrary and abusive treatment of Canadian nationals in response to Meng's detention, and calls for the immediate release of those individuals. (The United States requested the arrest of Meng, who stands accused of various crimes under U.S. law.) <br /> </p>]]></text>
          <versionCode>25</versionCode>
          <actionDate>2019-04-04</actionDate>
          <actionDesc>Reported to Senate</actionDesc>
          <updateDate>2019-04-04T13:31:06Z</updateDate>
          <name>Reported to Senate</name>
        </item>
        <item>
          <lastSummaryUpdateDate>2019-06-04T16:53:16Z</lastSummaryUpdateDate>
          <text><![CDATA[<p>This resolution commends Canada for upholding the rule of law and complying with its obligations under its extradition treaty with the United States, in connection with Canada's arrest&nbsp;Meng Wanzhou, chief financial officer&nbsp;of Huawei Technologies Co., Ltd. It also expresses the Senate's concern over China's arbitrary and abusive treatment of Canadian nationals in response to Meng's detention, and calls for the immediate release of those individuals. (The United States requested the arrest of Meng, who stands accused of various crimes under U.S. law.) <br /> </p>]]></text>
          <versionCode>55</versionCode>
          <actionDate>2019-05-07</actionDate>
          <actionDesc>Passed Senate</actionDesc>
          <updateDate>2019-05-07T12:46:53Z</updateDate>
          <name>Passed Senate</name>
        </item>
      </billSummaries>
    </summaries>
    <policyArea>
      <name>International Affairs</name>
    </policyArea>
    <sponsors>
      <item>
        <firstName>James</firstName>
        <middleName>E.</middleName>
        <state>ID</state>
        <bioguideId>R000584</bioguideId>
        <identifiers>
          <lisID>1896</lisID>
          <gpoId>8274</gpoId>
          <bioguideId>R000584</bioguideId>
        </identifiers>
        <fullName>Sen. Risch, James E. [R-ID]</fullName>
        <party>R</party>
        <lastName>Risch</lastName>
        <byRequestType />
      </item>
    </sponsors>
    <notes />
    <billNumber>96</billNumber>
    <updateDate>2019-11-15T21:56:28Z</updateDate>
    <titles>
      <item>
        <title>A resolution commending the Government of Canada for upholding the rule of law and expressing concern over actions by the Government of the People's Republic of China in response to a request from the United States Government to the Government of Canada for the extradition of a Huawei Technologies Co., Ltd. executive.</title>
        <parentTitleType />
        <titleType>Official Title as Introduced</titleType>
        <chamberName />
        <chamberCode />
      </item>
      <item>
        <title>A resolution commending the Government of Canada for upholding the rule of law and expressing concern over actions by the Government of the People's Republic of China in response to a request from the United States Government to the Government of Canada for the extradition of a Huawei Technologies Co., Ltd. executive.</title>
        <parentTitleType />
        <titleType>Display Title</titleType>
        <chamberName />
        <chamberCode />
      </item>
    </titles>
    <createDate>2019-03-07T05:42:06Z</createDate>
    <title>A resolution commending the Government of Canada for upholding the rule of law and expressing concern over actions by the Government of the People's Republic of China in response to a request from the United States Government to the Government of Canada for the extradition of a Huawei Technologies Co., Ltd. executive.</title>
    <textVersions>
      <item>
        <date>2019-05-07T04:00:00Z</date>
        <type>Agreed to Senate</type>
        <formats>
          <item>
            <url>https://www.govinfo.gov/content/pkg/BILLS-116sres96ats/xml/BILLS-116sres96ats.xml</url>
          </item>
        </formats>
      </item>
      <item>
        <date>2019-04-04T04:00:00Z</date>
        <type>Reported to Senate</type>
        <formats>
          <item>
            <url>https://www.govinfo.gov/content/pkg/BILLS-116sres96rs/xml/BILLS-116sres96rs.xml</url>
          </item>
        </formats>
      </item>
      <item>
        <date>2019-03-06T05:00:00Z</date>
        <type>Introduced in Senate</type>
        <formats>
          <item>
            <url>https://www.govinfo.gov/content/pkg/BILLS-116sres96is/xml/BILLS-116sres96is.xml</url>
          </item>
        </formats>
      </item>
    </textVersions>
    <recordedVotes />
    <calendarNumbers>
      <item>
        <calendar>Senate Calendar of Business</calendar>
        <number>0061</number>
      </item>
    </calendarNumbers>
    <committeeReports />
    <congress>116</congress>
    <latestAction>
      <actionDate>2019-05-07</actionDate>
      <links />
      <text>Resolution agreed to in Senate without amendment and with a preamble by Unanimous Consent. (consideration: CR S2701; text: CR 3/6/2019 S1710)</text>
    </latestAction>
    <actions>
      <actionByCounts>
        <senate>8</senate>
      </actionByCounts>
      <item>
        <actionDate>2019-05-07</actionDate>
        <committee />
        <links>
          <link>
            <name>CR 3/6/2019 S1710</name>
            <url>https://www.congress.gov/congressional-record/volume-165/senate-section/page/S1710</url>
          </link>
          <link>
            <name>S2701</name>
            <url>https://www.congress.gov/congressional-record/volume-165/senate-section/page/S2701</url>
          </link>
        </links>
        <sourceSystem>
          <name>Senate</name>
          <code>0</code>
        </sourceSystem>
        <text>Resolution agreed to in Senate without amendment and with a preamble by Unanimous Consent. (consideration: CR S2701; text: CR 3/6/2019 S1710)</text>
        <type>Floor</type>
      </item>
      <item>
        <committee />
        <type>Floor</type>
        <actionDate>2019-05-07</actionDate>
        <actionCode>17000</actionCode>
        <text>Passed/agreed to in Senate: Resolution agreed to in Senate without amendment and with a preamble by Unanimous Consent.(consideration: CR S2701; text: CR 3/6/2019 S1710)</text>
        <links>
          <link>
            <name>CR 3/6/2019 S1710</name>
            <url>https://www.congress.gov/congressional-record/volume-165/senate-section/page/S1710</url>
          </link>
          <link>
            <name>S2701</name>
            <url>https://www.congress.gov/congressional-record/volume-165/senate-section/page/S2701</url>
          </link>
        </links>
        <sourceSystem>
          <name>Library of Congress</name>
          <code>9</code>
        </sourceSystem>
      </item>
      <item>
        <actionDate>2019-04-04</actionDate>
        <committee />
        <links />
        <sourceSystem>
          <name>Senate</name>
          <code>0</code>
        </sourceSystem>
        <text>Placed on Senate Legislative Calendar under General Orders. Calendar No. 61.</text>
        <type>Calendars</type>
      </item>
      <item>
        <actionDate>2019-04-04</actionDate>
        <committee>
          <systemCode>ssfr00</systemCode>
          <name>Foreign Relations Committee</name>
        </committee>
        <links />
        <sourceSystem>
          <name>Senate</name>
          <code>0</code>
        </sourceSystem>
        <text>Committee on Foreign Relations. Reported by Senator Risch without amendment and with a preamble. Without written report.</text>
        <type>Committee</type>
      </item>
      <item>
        <committee>
          <systemCode>ssfr00</systemCode>
          <name>Foreign Relations Committee</name>
        </committee>
        <text>Committee on Foreign Relations. Reported by Senator Risch without amendment and with a preamble. Without written report.</text>
        <actionDate>2019-04-04</actionDate>
        <actionCode>14000</actionCode>
        <type>Committee</type>
        <links />
        <sourceSystem>
          <name>Library of Congress</name>
          <code>9</code>
        </sourceSystem>
      </item>
      <item>
        <actionDate>2019-04-03</actionDate>
        <committee>
          <systemCode>ssfr00</systemCode>
          <name>Foreign Relations Committee</name>
        </committee>
        <links />
        <sourceSystem>
          <name>Senate</name>
          <code>0</code>
        </sourceSystem>
        <text>Committee on Foreign Relations. Ordered to be reported without amendment favorably.</text>
        <type>Committee</type>
      </item>
      <item>
        <actionDate>2019-03-06</actionDate>
        <committee>
          <systemCode>ssfr00</systemCode>
          <name>Foreign Relations Committee</name>
        </committee>
        <links />
        <sourceSystem>
          <name>Senate</name>
          <code>0</code>
        </sourceSystem>
        <text>Referred to the Committee on Foreign Relations.</text>
        <type>IntroReferral</type>
      </item>
      <item>
        <committee />
        <type>IntroReferral</type>
        <actionDate>2019-03-06</actionDate>
        <actionCode>10000</actionCode>
        <text>Introduced in Senate</text>
        <links />
        <sourceSystem>
          <name>Library of Congress</name>
          <code>9</code>
        </sourceSystem>
      </item>
      <actionTypeCounts>
        <agreedToInSenate>1</agreedToInSenate>
        <passedAgreedToInSenate>1</passedAgreedToInSenate>
        <reportedToSenate>2</reportedToSenate>
        <referredToCommittee>1</referredToCommittee>
        <placedOnCalendarGeneralOrders>1</placedOnCalendarGeneralOrders>
        <orderedReported>1</orderedReported>
        <introducedInSenate>1</introducedInSenate>
      </actionTypeCounts>
    </actions>
    <originChamber>Senate</originChamber>
    <committees>
      <billCommittees>
        <item>
          <type>Standing</type>
          <subcommittees />
          <systemCode>ssfr00</systemCode>
          <name>Foreign Relations Committee</name>
          <chamber>Senate</chamber>
          <activities>
            <item>
              <name>Reported by</name>
              <date>2019-04-04T21:31:25Z</date>
            </item>
            <item>
              <name>Markup by</name>
              <date>2019-04-03T18:15:06Z</date>
            </item>
            <item>
              <name>Referred to</name>
              <date>2019-03-06T16:08:03Z</date>
            </item>
          </activities>
        </item>
      </billCommittees>
    </committees>
    <introducedDate>2019-03-06</introducedDate>
    <subjects>
      <billSubjects>
        <legislativeSubjects>
          <item>
            <name>Asia</name>
          </item>
          <item>
            <name>Canada</name>
          </item>
          <item>
            <name>China</name>
          </item>
          <item>
            <name>Corporate finance and management</name>
          </item>
          <item>
            <name>Criminal investigation, prosecution, interrogation</name>
          </item>
          <item>
            <name>Detention of persons</name>
          </item>
          <item>
            <name>Diplomacy, foreign officials, Americans abroad</name>
          </item>
          <item>
            <name>Due process and equal protection</name>
          </item>
          <item>
            <name>Foreign and international corporations</name>
          </item>
          <item>
            <name>Fraud offenses and financial crimes</name>
          </item>
          <item>
            <name>International law and treaties</name>
          </item>
          <item>
            <name>Rule of law and government transparency</name>
          </item>
        </legislativeSubjects>
        <policyArea>
          <name>International Affairs</name>
        </policyArea>
      </billSubjects>
    </subjects>
    <cosponsors>
      <item>
        <firstName>Robert</firstName>
        <isOriginalCosponsor>True</isOriginalCosponsor>
        <middleName />
        <fullName>Sen. Menendez, Robert [D-NJ]</fullName>
        <lastName>Menendez</lastName>
        <identifiers>
          <lisID>791</lisID>
          <gpoId>8239</gpoId>
          <bioguideId>M000639</bioguideId>
        </identifiers>
        <sponsorshipWithdrawnDate />
        <state>NJ</state>
        <bioguideId>M000639</bioguideId>
        <party>D</party>
        <sponsorshipDate>2019-03-06</sponsorshipDate>
      </item>
      <item>
        <firstName>Cory</firstName>
        <isOriginalCosponsor>True</isOriginalCosponsor>
        <middleName />
        <fullName>Sen. Gardner, Cory [R-CO]</fullName>
        <lastName>Gardner</lastName>
        <identifiers>
          <bioguideId>G000562</bioguideId>
          <gpoId>7862</gpoId>
          <lisID>1998</lisID>
        </identifiers>
        <sponsorshipWithdrawnDate />
        <state>CO</state>
        <bioguideId>G000562</bioguideId>
        <party>R</party>
        <sponsorshipDate>2019-03-06</sponsorshipDate>
      </item>
      <item>
        <firstName>Christopher</firstName>
        <isOriginalCosponsor>True</isOriginalCosponsor>
        <middleName>A.</middleName>
        <fullName>Sen. Coons, Christopher A. [D-DE]</fullName>
        <lastName>Coons</lastName>
        <identifiers>
          <lisID>1984</lisID>
          <gpoId>8297</gpoId>
          <bioguideId>C001088</bioguideId>
        </identifiers>
        <sponsorshipWithdrawnDate />
        <state>DE</state>
        <bioguideId>C001088</bioguideId>
        <party>D</party>
        <sponsorshipDate>2019-03-06</sponsorshipDate>
      </item>
      <item>
        <firstName>Mitt</firstName>
        <isOriginalCosponsor>True</isOriginalCosponsor>
        <middleName />
        <fullName>Sen. Romney, Mitt  [R-UT]</fullName>
        <lastName>Romney</lastName>
        <identifiers>
          <bioguideId>R000615</bioguideId>
          <gpoId />
          <lisID>2466</lisID>
        </identifiers>
        <sponsorshipWithdrawnDate />
        <state>UT</state>
        <bioguideId>R000615</bioguideId>
        <party>R</party>
        <sponsorshipDate>2019-03-06</sponsorshipDate>
      </item>
      <item>
        <firstName>Ted</firstName>
        <isOriginalCosponsor>True</isOriginalCosponsor>
        <middleName />
        <fullName>Sen. Cruz, Ted [R-TX]</fullName>
        <lastName>Cruz</lastName>
        <identifiers>
          <lisID>2175</lisID>
          <gpoId />
          <bioguideId>C001098</bioguideId>
        </identifiers>
        <sponsorshipWithdrawnDate />
        <state>TX</state>
        <bioguideId>C001098</bioguideId>
        <party>R</party>
        <sponsorshipDate>2019-03-06</sponsorshipDate>
      </item>
      <item>
        <firstName>Ron</firstName>
        <isOriginalCosponsor>False</isOriginalCosponsor>
        <middleName />
        <fullName>Sen. Johnson, Ron [R-WI]</fullName>
        <lastName>Johnson</lastName>
        <identifiers>
          <lisID>2086</lisID>
          <gpoId>8355</gpoId>
          <bioguideId>J000293</bioguideId>
        </identifiers>
        <sponsorshipWithdrawnDate />
        <state>WI</state>
        <bioguideId>J000293</bioguideId>
        <party>R</party>
        <sponsorshipDate>2019-03-07</sponsorshipDate>
      </item>
      <item>
        <firstName>Marsha</firstName>
        <isOriginalCosponsor>False</isOriginalCosponsor>
        <middleName />
        <fullName>Sen. Blackburn, Marsha [R-TN]</fullName>
        <lastName>Blackburn</lastName>
        <identifiers>
          <bioguideId>B001243</bioguideId>
          <lisID>1748</lisID>
          <gpoId>8154</gpoId>
        </identifiers>
        <sponsorshipWithdrawnDate />
        <state>TN</state>
        <bioguideId>B001243</bioguideId>
        <party>R</party>
        <sponsorshipDate>2019-03-07</sponsorshipDate>
      </item>
      <item>
        <firstName>Johnny</firstName>
        <isOriginalCosponsor>False</isOriginalCosponsor>
        <middleName />
        <fullName>Sen. Isakson, Johnny [R-GA]</fullName>
        <lastName>Isakson</lastName>
        <identifiers>
          <bioguideId>I000055</bioguideId>
          <lisID>1608</lisID>
          <gpoId>8323</gpoId>
        </identifiers>
        <sponsorshipWithdrawnDate />
        <state>GA</state>
        <bioguideId>I000055</bioguideId>
        <party>R</party>
        <sponsorshipDate>2019-03-07</sponsorshipDate>
      </item>
      <item>
        <firstName>Marco</firstName>
        <isOriginalCosponsor>False</isOriginalCosponsor>
        <middleName />
        <fullName>Sen. Rubio, Marco [R-FL]</fullName>
        <lastName>Rubio</lastName>
        <identifiers>
          <lisID>2084</lisID>
          <gpoId>8242</gpoId>
          <bioguideId>R000595</bioguideId>
        </identifiers>
        <sponsorshipWithdrawnDate />
        <state>FL</state>
        <bioguideId>R000595</bioguideId>
        <party>R</party>
        <sponsorshipDate>2019-03-07</sponsorshipDate>
      </item>
      <item>
        <firstName>JIM</firstName>
        <isOriginalCosponsor>False</isOriginalCosponsor>
        <middleName />
        <fullName>Sen. Inhofe, James M. [R-OK]</fullName>
        <lastName>INHOFE</lastName>
        <identifiers>
          <lisID>583</lisID>
          <gpoId>8322</gpoId>
          <bioguideId>I000024</bioguideId>
        </identifiers>
        <sponsorshipWithdrawnDate />
        <state>OK</state>
        <bioguideId>I000024</bioguideId>
        <party>R</party>
        <sponsorshipDate>2019-05-07</sponsorshipDate>
      </item>
    </cosponsors>
    <billType>SRES</billType>
    <laws />
  </bill>
  <dublinCore xmlns:dc="http://purl.org/dc/elements/1.1/">
    <dc:format>text/xml</dc:format>
    <dc:language>EN</dc:language>
    <dc:rights>Pursuant to Title 17 Section 105 of the United States Code, this file is not subject to copyright protection and is in the public domain.</dc:rights>
    <dc:contributor>Congressional Research Service, Library of Congress</dc:contributor>
    <dc:description>This file contains bill summaries and statuses for federal legislation. A bill summary describes the most significant provisions of a piece of legislation and details the effects the legislative text may have on current law and federal programs. Bill summaries are authored by the Congressional Research Service (CRS) of the Library of Congress. As stated in Public Law 91-510 (2 USC 166 (d)(6)), one of the duties of CRS is "to prepare summaries and digests of bills and resolutions of a public general nature introduced in the Senate or House of Representatives". For more information, refer to the User Guide that accompanies this file.</dc:description>
  </dublinCore>
</billStatus>

