<?xml version="1.0" encoding="UTF-8"?>
<billStatus>
  <bill>
    <titles>
      <item>
        <chamberCode />
        <titleType>Official Title as Introduced</titleType>
        <parentTitleType />
        <title>A resolution honoring the life, work, and legacy of Toni Morrison.</title>
        <chamberName />
      </item>
      <item>
        <chamberCode />
        <titleType>Display Title</titleType>
        <parentTitleType />
        <title>A resolution honoring the life, work, and legacy of Toni Morrison.</title>
        <chamberName />
      </item>
    </titles>
    <actions>
      <actionByCounts>
        <senate>3</senate>
      </actionByCounts>
      <actionTypeCounts>
        <passedAgreedToInSenate>1</passedAgreedToInSenate>
        <passedOrAgreedToInSenateDayOf>1</passedOrAgreedToInSenateDayOf>
        <introducedInSenate>1</introducedInSenate>
      </actionTypeCounts>
      <item>
        <actionDate>2019-10-31</actionDate>
        <committee />
        <links>
          <link>
            <url>https://www.congress.gov/congressional-record/volume-165/senate-section/page/S6343-6344</url>
            <name>S6343-6344</name>
          </link>
          <link>
            <url>https://www.congress.gov/congressional-record/volume-165/senate-section/page/S6357</url>
            <name>S6357</name>
          </link>
        </links>
        <sourceSystem>
          <code>0</code>
          <name>Senate</name>
        </sourceSystem>
        <text>Submitted in the Senate, considered, and agreed to without amendment and with a preamble by Voice Vote. (consideration: CR S6357; text: CR  S6343-6344)</text>
        <type>Floor</type>
      </item>
      <item>
        <text>Passed/agreed to in Senate: Submitted in the Senate, considered, and agreed to without amendment and with a preamble by Voice Vote.(consideration: CR S6357; text: CR  S6343-6344)</text>
        <type>Floor</type>
        <actionDate>2019-10-31</actionDate>
        <links>
          <link>
            <url>https://www.congress.gov/congressional-record/volume-165/senate-section/page/S6343-6344</url>
            <name>S6343-6344</name>
          </link>
          <link>
            <url>https://www.congress.gov/congressional-record/volume-165/senate-section/page/S6357</url>
            <name>S6357</name>
          </link>
        </links>
        <actionCode>17000</actionCode>
        <sourceSystem>
          <code>9</code>
          <name>Library of Congress</name>
        </sourceSystem>
        <committee />
      </item>
      <item>
        <text>Introduced in Senate</text>
        <type>IntroReferral</type>
        <actionDate>2019-10-31</actionDate>
        <links />
        <actionCode>10000</actionCode>
        <sourceSystem>
          <code>9</code>
          <name>Library of Congress</name>
        </sourceSystem>
        <committee />
      </item>
    </actions>
    <summaries>
      <billSummaries />
    </summaries>
    <recordedVotes />
    <textVersions>
      <item>
        <type>Agreed to Senate</type>
        <formats>
          <item>
            <url>https://www.govinfo.gov/content/pkg/BILLS-116sres402ats/xml/BILLS-116sres402ats.xml</url>
          </item>
        </formats>
        <date>2019-10-31T04:00:00Z</date>
      </item>
    </textVersions>
    <cboCostEstimates />
    <congress>116</congress>
    <notes />
    <committeeReports />
    <billType>SRES</billType>
    <laws />
    <subjects>
      <billSubjects>
        <policyArea>
          <name>Arts, Culture, Religion</name>
        </policyArea>
        <legislativeSubjects>
          <item>
            <name>Art, artists, authorship</name>
          </item>
          <item>
            <name>Books and print media</name>
          </item>
          <item>
            <name>Congressional tributes</name>
          </item>
          <item>
            <name>Literature</name>
          </item>
          <item>
            <name>Racial and ethnic relations</name>
          </item>
        </legislativeSubjects>
      </billSubjects>
    </subjects>
    <committees>
      <billCommittees />
    </committees>
    <amendments />
    <originChamber>Senate</originChamber>
    <createDate>2019-11-01T04:57:37Z</createDate>
    <sponsors>
      <item>
        <fullName>Sen. Brown, Sherrod [D-OH]</fullName>
        <lastName>Brown</lastName>
        <bioguideId>B000944</bioguideId>
        <state>OH</state>
        <firstName>Sherrod</firstName>
        <byRequestType />
        <identifiers>
          <bioguideId>B000944</bioguideId>
          <lisID>136</lisID>
          <gpoId>8309</gpoId>
        </identifiers>
        <middleName />
        <party>D</party>
      </item>
    </sponsors>
    <introducedDate>2019-10-31</introducedDate>
    <title>A resolution honoring the life, work, and legacy of Toni Morrison.</title>
    <policyArea>
      <name>Arts, Culture, Religion</name>
    </policyArea>
    <relatedBills />
    <calendarNumbers />
    <updateDate>2019-11-07T11:02:22Z</updateDate>
    <version>1.0.0</version>
    <billNumber>402</billNumber>
    <latestAction>
      <links />
      <actionDate>2019-10-31</actionDate>
      <text>Submitted in the Senate, considered, and agreed to without amendment and with a preamble by Voice Vote. (consideration: CR S6357; text: CR  S6343-6344)</text>
    </latestAction>
    <cosponsors>
      <item>
        <bioguideId>P000449</bioguideId>
        <firstName>ROB</firstName>
        <middleName />
        <party>R</party>
        <lastName>PORTMAN</lastName>
        <sponsorshipWithdrawnDate />
        <identifiers>
          <lisID>924</lisID>
          <bioguideId>P000449</bioguideId>
          <gpoId>8266</gpoId>
        </identifiers>
        <sponsorshipDate>2019-10-31</sponsorshipDate>
        <isOriginalCosponsor>True</isOriginalCosponsor>
        <state>OH</state>
        <fullName>Sen. Portman, Rob [R-OH]</fullName>
      </item>
    </cosponsors>
  </bill>
  <dublinCore xmlns:dc="http://purl.org/dc/elements/1.1/">
    <dc:format>text/xml</dc:format>
    <dc:language>EN</dc:language>
    <dc:rights>Pursuant to Title 17 Section 105 of the United States Code, this file is not subject to copyright protection and is in the public domain.</dc:rights>
    <dc:contributor>Congressional Research Service, Library of Congress</dc:contributor>
    <dc:description>This file contains bill summaries and statuses for federal legislation. A bill summary describes the most significant provisions of a piece of legislation and details the effects the legislative text may have on current law and federal programs. Bill summaries are authored by the Congressional Research Service (CRS) of the Library of Congress. As stated in Public Law 91-510 (2 USC 166 (d)(6)), one of the duties of CRS is "to prepare summaries and digests of bills and resolutions of a public general nature introduced in the Senate or House of Representatives". For more information, refer to the User Guide that accompanies this file.</dc:description>
  </dublinCore>
</billStatus>

