<?xml version="1.0" encoding="UTF-8"?>
<billStatus>
  <bill>
    <billNumber>120</billNumber>
    <committeeReports />
    <cboCostEstimates />
    <summaries>
      <billSummaries>
        <item>
          <lastSummaryUpdateDate>2019-07-25T16:49:09Z</lastSummaryUpdateDate>
          <text><![CDATA[<p>This resolution opposes the Global Boycott, Divestment, and Sanctions Movement (BDS) and other efforts targeting Israel, and states that BDS undermines the possibility for a negotiated solution to the Israeli-Palestinian conflict. The resolution urges both sides to return to direct negotiations and expresses support for a solution resulting in the state of Israel existing alongside a democratic Palestinian state.</p>]]></text>
          <versionCode>00</versionCode>
          <actionDate>2019-03-25</actionDate>
          <actionDesc>Introduced in Senate</actionDesc>
          <updateDate>2019-03-25T04:00:00Z</updateDate>
          <name>Introduced in Senate</name>
        </item>
      </billSummaries>
    </summaries>
    <notes />
    <createDate>2019-03-26T04:27:06Z</createDate>
    <cosponsors>
      <item>
        <firstName>ROB</firstName>
        <isOriginalCosponsor>True</isOriginalCosponsor>
        <middleName />
        <fullName>Sen. Portman, Rob [R-OH]</fullName>
        <lastName>PORTMAN</lastName>
        <identifiers>
          <lisID>924</lisID>
          <gpoId>8266</gpoId>
          <bioguideId>P000449</bioguideId>
        </identifiers>
        <sponsorshipWithdrawnDate />
        <state>OH</state>
        <bioguideId>P000449</bioguideId>
        <party>R</party>
        <sponsorshipDate>2019-03-25</sponsorshipDate>
      </item>
      <item>
        <firstName>Christopher</firstName>
        <isOriginalCosponsor>False</isOriginalCosponsor>
        <middleName>A.</middleName>
        <fullName>Sen. Coons, Christopher A. [D-DE]</fullName>
        <lastName>Coons</lastName>
        <identifiers>
          <lisID>1984</lisID>
          <gpoId>8297</gpoId>
          <bioguideId>C001088</bioguideId>
        </identifiers>
        <sponsorshipWithdrawnDate />
        <state>DE</state>
        <bioguideId>C001088</bioguideId>
        <party>D</party>
        <sponsorshipDate>2019-03-26</sponsorshipDate>
      </item>
      <item>
        <firstName>SUSAN</firstName>
        <isOriginalCosponsor>False</isOriginalCosponsor>
        <middleName>MARGARET</middleName>
        <fullName>Sen. Collins, Susan M. [R-ME]</fullName>
        <lastName>COLLINS</lastName>
        <identifiers>
          <bioguideId>C001035</bioguideId>
          <gpoId>8291</gpoId>
          <lisID>1541</lisID>
        </identifiers>
        <sponsorshipWithdrawnDate />
        <state>ME</state>
        <bioguideId>C001035</bioguideId>
        <party>R</party>
        <sponsorshipDate>2019-03-26</sponsorshipDate>
      </item>
      <item>
        <firstName>Richard</firstName>
        <isOriginalCosponsor>False</isOriginalCosponsor>
        <middleName />
        <fullName>Sen. Blumenthal, Richard [D-CT]</fullName>
        <lastName>Blumenthal</lastName>
        <identifiers>
          <lisID>2076</lisID>
          <gpoId>8332</gpoId>
          <bioguideId>B001277</bioguideId>
        </identifiers>
        <sponsorshipWithdrawnDate />
        <state>CT</state>
        <bioguideId>B001277</bioguideId>
        <party>D</party>
        <sponsorshipDate>2019-03-26</sponsorshipDate>
      </item>
      <item>
        <firstName>SHELLEY</firstName>
        <isOriginalCosponsor>False</isOriginalCosponsor>
        <middleName>MOORE</middleName>
        <fullName>Sen. Capito, Shelley Moore [R-WV]</fullName>
        <lastName>CAPITO</lastName>
        <identifiers>
          <bioguideId>C001047</bioguideId>
          <lisID>1676</lisID>
          <gpoId>8223</gpoId>
        </identifiers>
        <sponsorshipWithdrawnDate />
        <state>WV</state>
        <bioguideId>C001047</bioguideId>
        <party>R</party>
        <sponsorshipDate>2019-03-26</sponsorshipDate>
      </item>
      <item>
        <firstName>RON</firstName>
        <isOriginalCosponsor>False</isOriginalCosponsor>
        <middleName />
        <fullName>Sen. Wyden, Ron [D-OR]</fullName>
        <lastName>WYDEN</lastName>
        <identifiers>
          <lisID>1247</lisID>
          <gpoId>8265</gpoId>
          <bioguideId>W000779</bioguideId>
        </identifiers>
        <sponsorshipWithdrawnDate />
        <state>OR</state>
        <bioguideId>W000779</bioguideId>
        <party>D</party>
        <sponsorshipDate>2019-03-26</sponsorshipDate>
      </item>
      <item>
        <firstName>John</firstName>
        <isOriginalCosponsor>False</isOriginalCosponsor>
        <middleName />
        <fullName>Sen. Boozman, John [R-AR]</fullName>
        <lastName>Boozman</lastName>
        <identifiers>
          <bioguideId>B001236</bioguideId>
          <gpoId>8247</gpoId>
          <lisID>1687</lisID>
        </identifiers>
        <sponsorshipWithdrawnDate />
        <state>AR</state>
        <bioguideId>B001236</bioguideId>
        <party>R</party>
        <sponsorshipDate>2019-03-26</sponsorshipDate>
      </item>
      <item>
        <firstName>Joe</firstName>
        <isOriginalCosponsor>False</isOriginalCosponsor>
        <middleName />
        <fullName>Sen. Manchin, Joe, III [D-WV]</fullName>
        <lastName>Manchin</lastName>
        <identifiers>
          <bioguideId>M001183</bioguideId>
          <lisID>1983</lisID>
          <gpoId>8256</gpoId>
        </identifiers>
        <sponsorshipWithdrawnDate />
        <state>WV</state>
        <bioguideId>M001183</bioguideId>
        <party>D</party>
        <sponsorshipDate>2019-03-26</sponsorshipDate>
      </item>
      <item>
        <firstName>Marsha</firstName>
        <isOriginalCosponsor>False</isOriginalCosponsor>
        <middleName />
        <fullName>Sen. Blackburn, Marsha [R-TN]</fullName>
        <lastName>Blackburn</lastName>
        <identifiers>
          <bioguideId>B001243</bioguideId>
          <lisID>1748</lisID>
          <gpoId>8154</gpoId>
        </identifiers>
        <sponsorshipWithdrawnDate />
        <state>TN</state>
        <bioguideId>B001243</bioguideId>
        <party>R</party>
        <sponsorshipDate>2019-03-26</sponsorshipDate>
      </item>
      <item>
        <firstName>Bob</firstName>
        <isOriginalCosponsor>False</isOriginalCosponsor>
        <middleName />
        <fullName>Sen. Casey, Robert P., Jr. [D-PA]</fullName>
        <lastName>Casey</lastName>
        <identifiers>
          <lisID>1828</lisID>
          <gpoId>8282</gpoId>
          <bioguideId>C001070</bioguideId>
        </identifiers>
        <sponsorshipWithdrawnDate />
        <state>PA</state>
        <bioguideId>C001070</bioguideId>
        <party>D</party>
        <sponsorshipDate>2019-03-26</sponsorshipDate>
      </item>
      <item>
        <firstName>Kevin</firstName>
        <isOriginalCosponsor>False</isOriginalCosponsor>
        <middleName />
        <fullName>Sen. Cramer, Kevin [R-ND]</fullName>
        <lastName>Cramer</lastName>
        <identifiers>
          <lisID>2144</lisID>
          <gpoId />
          <bioguideId>C001096</bioguideId>
        </identifiers>
        <sponsorshipWithdrawnDate />
        <state>ND</state>
        <bioguideId>C001096</bioguideId>
        <party>R</party>
        <sponsorshipDate>2019-03-26</sponsorshipDate>
      </item>
      <item>
        <firstName>Cory</firstName>
        <isOriginalCosponsor>False</isOriginalCosponsor>
        <middleName>A.</middleName>
        <fullName>Sen. Booker, Cory A. [D-NJ]</fullName>
        <lastName>Booker</lastName>
        <identifiers>
          <lisID>2194</lisID>
          <gpoId />
          <bioguideId>B001288</bioguideId>
        </identifiers>
        <sponsorshipWithdrawnDate />
        <state>NJ</state>
        <bioguideId>B001288</bioguideId>
        <party>D</party>
        <sponsorshipDate>2019-03-26</sponsorshipDate>
      </item>
      <item>
        <firstName>Mike</firstName>
        <isOriginalCosponsor>False</isOriginalCosponsor>
        <middleName />
        <fullName>Sen. Lee, Mike [R-UT]</fullName>
        <lastName>Lee</lastName>
        <identifiers>
          <lisID>2080</lisID>
          <gpoId>8303</gpoId>
          <bioguideId>L000577</bioguideId>
        </identifiers>
        <sponsorshipWithdrawnDate />
        <state>UT</state>
        <bioguideId>L000577</bioguideId>
        <party>R</party>
        <sponsorshipDate>2019-03-26</sponsorshipDate>
      </item>
      <item>
        <firstName>Jacklyn</firstName>
        <isOriginalCosponsor>False</isOriginalCosponsor>
        <middleName />
        <fullName>Sen. Rosen, Jacky [D-NV]</fullName>
        <lastName>Rosen</lastName>
        <identifiers>
          <lisID>2339</lisID>
          <gpoId />
          <bioguideId>R000608</bioguideId>
        </identifiers>
        <sponsorshipWithdrawnDate />
        <state>NV</state>
        <bioguideId>R000608</bioguideId>
        <party>D</party>
        <sponsorshipDate>2019-03-26</sponsorshipDate>
      </item>
      <item>
        <firstName>Cory</firstName>
        <isOriginalCosponsor>False</isOriginalCosponsor>
        <middleName />
        <fullName>Sen. Gardner, Cory [R-CO]</fullName>
        <lastName>Gardner</lastName>
        <identifiers>
          <bioguideId>G000562</bioguideId>
          <gpoId>7862</gpoId>
          <lisID>1998</lisID>
        </identifiers>
        <sponsorshipWithdrawnDate />
        <state>CO</state>
        <bioguideId>G000562</bioguideId>
        <party>R</party>
        <sponsorshipDate>2019-03-26</sponsorshipDate>
      </item>
      <item>
        <firstName>EDWARD</firstName>
        <isOriginalCosponsor>False</isOriginalCosponsor>
        <middleName>J.</middleName>
        <fullName>Sen. Markey, Edward J. [D-MA]</fullName>
        <lastName>MARKEY</lastName>
        <identifiers>
          <lisID>735</lisID>
          <gpoId>7972</gpoId>
          <bioguideId>M000133</bioguideId>
        </identifiers>
        <sponsorshipWithdrawnDate />
        <state>MA</state>
        <bioguideId>M000133</bioguideId>
        <party>D</party>
        <sponsorshipDate>2019-03-26</sponsorshipDate>
      </item>
      <item>
        <firstName>Robert</firstName>
        <isOriginalCosponsor>False</isOriginalCosponsor>
        <middleName />
        <fullName>Sen. Menendez, Robert [D-NJ]</fullName>
        <lastName>Menendez</lastName>
        <identifiers>
          <lisID>791</lisID>
          <gpoId>8239</gpoId>
          <bioguideId>M000639</bioguideId>
        </identifiers>
        <sponsorshipWithdrawnDate />
        <state>NJ</state>
        <bioguideId>M000639</bioguideId>
        <party>D</party>
        <sponsorshipDate>2019-03-26</sponsorshipDate>
      </item>
      <item>
        <firstName>PAT</firstName>
        <isOriginalCosponsor>False</isOriginalCosponsor>
        <middleName />
        <fullName>Sen. Roberts, Pat [R-KS]</fullName>
        <lastName>ROBERTS</lastName>
        <identifiers>
          <lisID>968</lisID>
          <gpoId>8275</gpoId>
          <bioguideId>R000307</bioguideId>
        </identifiers>
        <sponsorshipWithdrawnDate />
        <state>KS</state>
        <bioguideId>R000307</bioguideId>
        <party>R</party>
        <sponsorshipDate>2019-03-26</sponsorshipDate>
      </item>
      <item>
        <firstName>RICHARD</firstName>
        <isOriginalCosponsor>False</isOriginalCosponsor>
        <middleName>J.</middleName>
        <fullName>Sen. Durbin, Richard J. [D-IL]</fullName>
        <lastName>DURBIN</lastName>
        <identifiers>
          <bioguideId>D000563</bioguideId>
          <gpoId>8326</gpoId>
          <lisID>326</lisID>
        </identifiers>
        <sponsorshipWithdrawnDate />
        <state>IL</state>
        <bioguideId>D000563</bioguideId>
        <party>D</party>
        <sponsorshipDate>2019-03-27</sponsorshipDate>
      </item>
      <item>
        <firstName>Tammy</firstName>
        <isOriginalCosponsor>False</isOriginalCosponsor>
        <middleName />
        <fullName>Sen. Baldwin, Tammy [D-WI]</fullName>
        <lastName>Baldwin</lastName>
        <identifiers>
          <lisID>1558</lisID>
          <gpoId>8215</gpoId>
          <bioguideId>B001230</bioguideId>
        </identifiers>
        <sponsorshipWithdrawnDate />
        <state>WI</state>
        <bioguideId>B001230</bioguideId>
        <party>D</party>
        <sponsorshipDate>2019-03-27</sponsorshipDate>
      </item>
      <item>
        <firstName>MARIA</firstName>
        <isOriginalCosponsor>False</isOriginalCosponsor>
        <middleName />
        <fullName>Sen. Cantwell, Maria [D-WA]</fullName>
        <lastName>CANTWELL</lastName>
        <identifiers>
          <lisID>172</lisID>
          <gpoId>8288</gpoId>
          <bioguideId>C000127</bioguideId>
        </identifiers>
        <sponsorshipWithdrawnDate />
        <state>WA</state>
        <bioguideId>C000127</bioguideId>
        <party>D</party>
        <sponsorshipDate>2019-03-27</sponsorshipDate>
      </item>
      <item>
        <firstName>Cindy</firstName>
        <isOriginalCosponsor>False</isOriginalCosponsor>
        <middleName />
        <fullName>Sen. Hyde-Smith, Cindy [R-MS]</fullName>
        <lastName>Hyde-Smith</lastName>
        <identifiers>
          <bioguideId>H001079</bioguideId>
          <gpoId />
          <lisID>2366</lisID>
        </identifiers>
        <sponsorshipWithdrawnDate />
        <state>MS</state>
        <bioguideId>H001079</bioguideId>
        <party>R</party>
        <sponsorshipDate>2019-03-27</sponsorshipDate>
      </item>
      <item>
        <firstName>Margaret</firstName>
        <isOriginalCosponsor>False</isOriginalCosponsor>
        <middleName>Wood</middleName>
        <fullName>Sen. Hassan, Margaret Wood [D-NH]</fullName>
        <lastName>Hassan</lastName>
        <identifiers>
          <lisID>2302</lisID>
          <gpoId />
          <bioguideId>H001076</bioguideId>
        </identifiers>
        <sponsorshipWithdrawnDate />
        <state>NH</state>
        <bioguideId>H001076</bioguideId>
        <party>D</party>
        <sponsorshipDate>2019-03-27</sponsorshipDate>
      </item>
      <item>
        <firstName>John</firstName>
        <isOriginalCosponsor>False</isOriginalCosponsor>
        <middleName />
        <fullName>Sen. Hoeven, John [R-ND]</fullName>
        <lastName>Hoeven</lastName>
        <identifiers>
          <bioguideId>H001061</bioguideId>
          <gpoId>8331</gpoId>
          <lisID>2079</lisID>
        </identifiers>
        <sponsorshipWithdrawnDate />
        <state>ND</state>
        <bioguideId>H001061</bioguideId>
        <party>R</party>
        <sponsorshipDate>2019-03-27</sponsorshipDate>
      </item>
      <item>
        <firstName>Martha</firstName>
        <isOriginalCosponsor>False</isOriginalCosponsor>
        <middleName />
        <fullName>Sen. McSally, Martha [R-AZ]</fullName>
        <lastName>McSally</lastName>
        <identifiers>
          <lisID>2225</lisID>
          <gpoId />
          <bioguideId>M001197</bioguideId>
        </identifiers>
        <sponsorshipWithdrawnDate />
        <state>AZ</state>
        <bioguideId>M001197</bioguideId>
        <party>R</party>
        <sponsorshipDate>2019-03-27</sponsorshipDate>
      </item>
      <item>
        <firstName>Jon</firstName>
        <isOriginalCosponsor>False</isOriginalCosponsor>
        <middleName />
        <fullName>Sen. Tester, Jon [D-MT]</fullName>
        <lastName>Tester</lastName>
        <identifiers>
          <lisID>1829</lisID>
          <gpoId>8258</gpoId>
          <bioguideId>T000464</bioguideId>
        </identifiers>
        <sponsorshipWithdrawnDate />
        <state>MT</state>
        <bioguideId>T000464</bioguideId>
        <party>D</party>
        <sponsorshipDate>2019-03-28</sponsorshipDate>
      </item>
      <item>
        <firstName>Steve</firstName>
        <isOriginalCosponsor>False</isOriginalCosponsor>
        <middleName />
        <fullName>Sen. Daines, Steve [R-MT]</fullName>
        <lastName>Daines</lastName>
        <identifiers>
          <bioguideId>D000618</bioguideId>
          <lisID>2138</lisID>
          <gpoId />
        </identifiers>
        <sponsorshipWithdrawnDate />
        <state>MT</state>
        <bioguideId>D000618</bioguideId>
        <party>R</party>
        <sponsorshipDate>2019-04-01</sponsorshipDate>
      </item>
      <item>
        <firstName>Jerry</firstName>
        <isOriginalCosponsor>False</isOriginalCosponsor>
        <middleName />
        <fullName>Sen. Moran, Jerry [R-KS]</fullName>
        <lastName>Moran</lastName>
        <identifiers>
          <bioguideId>M000934</bioguideId>
          <lisID>1507</lisID>
          <gpoId>8307</gpoId>
        </identifiers>
        <sponsorshipWithdrawnDate />
        <state>KS</state>
        <bioguideId>M000934</bioguideId>
        <party>R</party>
        <sponsorshipDate>2019-04-01</sponsorshipDate>
      </item>
      <item>
        <firstName>THOMAS</firstName>
        <isOriginalCosponsor>False</isOriginalCosponsor>
        <middleName>R.</middleName>
        <fullName>Sen. Carper, Thomas R. [D-DE]</fullName>
        <lastName>CARPER</lastName>
        <identifiers>
          <bioguideId>C000174</bioguideId>
          <lisID>179</lisID>
          <gpoId>8283</gpoId>
        </identifiers>
        <sponsorshipWithdrawnDate />
        <state>DE</state>
        <bioguideId>C000174</bioguideId>
        <party>D</party>
        <sponsorshipDate>2019-04-01</sponsorshipDate>
      </item>
      <item>
        <firstName>Jeanne</firstName>
        <isOriginalCosponsor>False</isOriginalCosponsor>
        <middleName />
        <fullName>Sen. Shaheen, Jeanne [D-NH]</fullName>
        <lastName>Shaheen</lastName>
        <identifiers>
          <bioguideId>S001181</bioguideId>
          <lisID>1901</lisID>
          <gpoId>8276</gpoId>
        </identifiers>
        <sponsorshipWithdrawnDate />
        <state>NH</state>
        <bioguideId>S001181</bioguideId>
        <party>D</party>
        <sponsorshipDate>2019-04-02</sponsorshipDate>
      </item>
      <item>
        <firstName>ROGER</firstName>
        <isOriginalCosponsor>False</isOriginalCosponsor>
        <middleName>F.</middleName>
        <fullName>Sen. Wicker, Roger F. [R-MS]</fullName>
        <lastName>WICKER</lastName>
        <identifiers>
          <bioguideId>W000437</bioguideId>
          <gpoId>8263</gpoId>
          <lisID>1226</lisID>
        </identifiers>
        <sponsorshipWithdrawnDate />
        <state>MS</state>
        <bioguideId>W000437</bioguideId>
        <party>R</party>
        <sponsorshipDate>2019-04-04</sponsorshipDate>
      </item>
      <item>
        <firstName>CHARLES</firstName>
        <isOriginalCosponsor>False</isOriginalCosponsor>
        <middleName>ERNEST</middleName>
        <fullName>Sen. Grassley, Chuck [R-IA]</fullName>
        <lastName>GRASSLEY</lastName>
        <identifiers>
          <lisID>457</lisID>
          <gpoId>8316</gpoId>
          <bioguideId>G000386</bioguideId>
        </identifiers>
        <sponsorshipWithdrawnDate />
        <state>IA</state>
        <bioguideId>G000386</bioguideId>
        <party>R</party>
        <sponsorshipDate>2019-04-08</sponsorshipDate>
      </item>
      <item>
        <firstName>Tim</firstName>
        <isOriginalCosponsor>False</isOriginalCosponsor>
        <middleName />
        <fullName>Sen. Scott, Tim [R-SC]</fullName>
        <lastName>Scott</lastName>
        <identifiers>
          <bioguideId>S001184</bioguideId>
          <lisID>2056</lisID>
          <gpoId>8141</gpoId>
        </identifiers>
        <sponsorshipWithdrawnDate />
        <state>SC</state>
        <bioguideId>S001184</bioguideId>
        <party>R</party>
        <sponsorshipDate>2019-04-08</sponsorshipDate>
      </item>
      <item>
        <firstName>JOHN</firstName>
        <isOriginalCosponsor>False</isOriginalCosponsor>
        <middleName>F.</middleName>
        <fullName>Sen. Reed, Jack [D-RI]</fullName>
        <lastName>REED</lastName>
        <identifiers>
          <bioguideId>R000122</bioguideId>
          <gpoId>8272</gpoId>
          <lisID>949</lisID>
        </identifiers>
        <sponsorshipWithdrawnDate />
        <state>RI</state>
        <bioguideId>R000122</bioguideId>
        <party>D</party>
        <sponsorshipDate>2019-04-09</sponsorshipDate>
      </item>
      <item>
        <firstName>Dan</firstName>
        <isOriginalCosponsor>False</isOriginalCosponsor>
        <middleName />
        <fullName>Sen. Sullivan, Dan  [R-AK]</fullName>
        <lastName>Sullivan</lastName>
        <identifiers>
          <lisID>2290</lisID>
          <gpoId />
          <bioguideId>S001198</bioguideId>
        </identifiers>
        <sponsorshipWithdrawnDate />
        <state>AK</state>
        <bioguideId>S001198</bioguideId>
        <party>R</party>
        <sponsorshipDate>2019-04-09</sponsorshipDate>
      </item>
      <item>
        <firstName>Kyrsten</firstName>
        <isOriginalCosponsor>False</isOriginalCosponsor>
        <middleName />
        <fullName>Sen. Sinema, Kyrsten [D-AZ]</fullName>
        <lastName>Sinema</lastName>
        <identifiers>
          <lisID>2099</lisID>
          <gpoId />
          <bioguideId>S001191</bioguideId>
        </identifiers>
        <sponsorshipWithdrawnDate />
        <state>AZ</state>
        <bioguideId>S001191</bioguideId>
        <party>D</party>
        <sponsorshipDate>2019-04-11</sponsorshipDate>
      </item>
      <item>
        <firstName>Rick</firstName>
        <isOriginalCosponsor>False</isOriginalCosponsor>
        <middleName />
        <fullName>Sen. Scott, Rick  [R-FL]</fullName>
        <lastName>Scott</lastName>
        <identifiers>
          <lisID>2470</lisID>
          <gpoId />
          <bioguideId>S001217</bioguideId>
        </identifiers>
        <sponsorshipWithdrawnDate />
        <state>FL</state>
        <bioguideId>S001217</bioguideId>
        <party>R</party>
        <sponsorshipDate>2019-04-29</sponsorshipDate>
      </item>
      <item>
        <firstName>Mark</firstName>
        <isOriginalCosponsor>False</isOriginalCosponsor>
        <middleName>R.</middleName>
        <fullName>Sen. Warner, Mark R. [D-VA]</fullName>
        <lastName>Warner</lastName>
        <identifiers>
          <bioguideId>W000805</bioguideId>
          <gpoId>8269</gpoId>
          <lisID>1897</lisID>
        </identifiers>
        <sponsorshipWithdrawnDate />
        <state>VA</state>
        <bioguideId>W000805</bioguideId>
        <party>D</party>
        <sponsorshipDate>2019-04-30</sponsorshipDate>
      </item>
      <item>
        <firstName>David</firstName>
        <isOriginalCosponsor>False</isOriginalCosponsor>
        <middleName>Alfred</middleName>
        <fullName>Sen. Perdue, David [R-GA]</fullName>
        <lastName>Perdue</lastName>
        <identifiers>
          <bioguideId>P000612</bioguideId>
          <gpoId />
          <lisID>2286</lisID>
        </identifiers>
        <sponsorshipWithdrawnDate />
        <state>GA</state>
        <bioguideId>P000612</bioguideId>
        <party>R</party>
        <sponsorshipDate>2019-04-30</sponsorshipDate>
      </item>
      <item>
        <firstName>Kirsten</firstName>
        <isOriginalCosponsor>False</isOriginalCosponsor>
        <middleName>E.</middleName>
        <fullName>Sen. Gillibrand, Kirsten E. [D-NY]</fullName>
        <lastName>Gillibrand</lastName>
        <identifiers>
          <lisID>1866</lisID>
          <gpoId>8336</gpoId>
          <bioguideId>G000555</bioguideId>
        </identifiers>
        <sponsorshipWithdrawnDate />
        <state>NY</state>
        <bioguideId>G000555</bioguideId>
        <party>D</party>
        <sponsorshipDate>2019-05-02</sponsorshipDate>
      </item>
      <item>
        <firstName>Tammy</firstName>
        <isOriginalCosponsor>False</isOriginalCosponsor>
        <middleName />
        <fullName>Sen. Duckworth, Tammy [D-IL]</fullName>
        <lastName>Duckworth</lastName>
        <identifiers>
          <lisID>2123</lisID>
          <gpoId />
          <bioguideId>D000622</bioguideId>
        </identifiers>
        <sponsorshipWithdrawnDate />
        <state>IL</state>
        <bioguideId>D000622</bioguideId>
        <party>D</party>
        <sponsorshipDate>2019-05-02</sponsorshipDate>
      </item>
      <item>
        <firstName>Mike</firstName>
        <isOriginalCosponsor>False</isOriginalCosponsor>
        <middleName />
        <fullName>Sen. Rounds, Mike  [R-SD]</fullName>
        <lastName>Rounds</lastName>
        <identifiers>
          <lisID>2288</lisID>
          <gpoId />
          <bioguideId>R000605</bioguideId>
        </identifiers>
        <sponsorshipWithdrawnDate />
        <state>SD</state>
        <bioguideId>R000605</bioguideId>
        <party>R</party>
        <sponsorshipDate>2019-05-02</sponsorshipDate>
      </item>
      <item>
        <firstName>Deb</firstName>
        <isOriginalCosponsor>False</isOriginalCosponsor>
        <middleName />
        <fullName>Sen. Fischer, Deb [R-NE]</fullName>
        <lastName>Fischer</lastName>
        <identifiers>
          <lisID>2179</lisID>
          <gpoId />
          <bioguideId>F000463</bioguideId>
        </identifiers>
        <sponsorshipWithdrawnDate />
        <state>NE</state>
        <bioguideId>F000463</bioguideId>
        <party>R</party>
        <sponsorshipDate>2019-05-02</sponsorshipDate>
      </item>
      <item>
        <firstName>MICHAEL</firstName>
        <isOriginalCosponsor>False</isOriginalCosponsor>
        <middleName>D.</middleName>
        <fullName>Sen. Crapo, Mike [R-ID]</fullName>
        <lastName>CRAPO</lastName>
        <identifiers>
          <lisID>250</lisID>
          <gpoId>8289</gpoId>
          <bioguideId>C000880</bioguideId>
        </identifiers>
        <sponsorshipWithdrawnDate />
        <state>ID</state>
        <bioguideId>C000880</bioguideId>
        <party>R</party>
        <sponsorshipDate>2019-05-06</sponsorshipDate>
      </item>
      <item>
        <firstName>JIM</firstName>
        <isOriginalCosponsor>False</isOriginalCosponsor>
        <middleName />
        <fullName>Sen. Inhofe, James M. [R-OK]</fullName>
        <lastName>INHOFE</lastName>
        <identifiers>
          <lisID>583</lisID>
          <gpoId>8322</gpoId>
          <bioguideId>I000024</bioguideId>
        </identifiers>
        <sponsorshipWithdrawnDate />
        <state>OK</state>
        <bioguideId>I000024</bioguideId>
        <party>R</party>
        <sponsorshipDate>2019-05-07</sponsorshipDate>
      </item>
      <item>
        <firstName>Todd</firstName>
        <isOriginalCosponsor>False</isOriginalCosponsor>
        <middleName />
        <fullName>Sen. Young, Todd [R-IN]</fullName>
        <lastName>Young</lastName>
        <identifiers>
          <bioguideId>Y000064</bioguideId>
          <gpoId>7948</gpoId>
          <lisID>2019</lisID>
        </identifiers>
        <sponsorshipWithdrawnDate />
        <state>IN</state>
        <bioguideId>Y000064</bioguideId>
        <party>R</party>
        <sponsorshipDate>2019-05-07</sponsorshipDate>
      </item>
      <item>
        <firstName>Michael</firstName>
        <isOriginalCosponsor>False</isOriginalCosponsor>
        <middleName>F.</middleName>
        <fullName>Sen. Bennet, Michael F. [D-CO]</fullName>
        <lastName>Bennet</lastName>
        <identifiers>
          <bioguideId>B001267</bioguideId>
          <gpoId>8302</gpoId>
          <lisID>1965</lisID>
        </identifiers>
        <sponsorshipWithdrawnDate />
        <state>CO</state>
        <bioguideId>B001267</bioguideId>
        <party>D</party>
        <sponsorshipDate>2019-05-08</sponsorshipDate>
      </item>
      <item>
        <firstName>Ben</firstName>
        <isOriginalCosponsor>False</isOriginalCosponsor>
        <middleName />
        <fullName>Sen. Sasse, Ben  [R-NE]</fullName>
        <lastName>Sasse</lastName>
        <identifiers>
          <lisID>2289</lisID>
          <gpoId />
          <bioguideId>S001197</bioguideId>
        </identifiers>
        <sponsorshipWithdrawnDate />
        <state>NE</state>
        <bioguideId>S001197</bioguideId>
        <party>R</party>
        <sponsorshipDate>2019-05-08</sponsorshipDate>
      </item>
      <item>
        <firstName>Johnny</firstName>
        <isOriginalCosponsor>False</isOriginalCosponsor>
        <middleName />
        <fullName>Sen. Isakson, Johnny [R-GA]</fullName>
        <lastName>Isakson</lastName>
        <identifiers>
          <lisID>1608</lisID>
          <gpoId>8323</gpoId>
          <bioguideId>I000055</bioguideId>
        </identifiers>
        <sponsorshipWithdrawnDate />
        <state>GA</state>
        <bioguideId>I000055</bioguideId>
        <party>R</party>
        <sponsorshipDate>2019-05-09</sponsorshipDate>
      </item>
      <item>
        <firstName>Roy</firstName>
        <isOriginalCosponsor>False</isOriginalCosponsor>
        <middleName />
        <fullName>Sen. Blunt, Roy [R-MO]</fullName>
        <lastName>Blunt</lastName>
        <identifiers>
          <lisID>1464</lisID>
          <gpoId>8313</gpoId>
          <bioguideId>B000575</bioguideId>
        </identifiers>
        <sponsorshipWithdrawnDate />
        <state>MO</state>
        <bioguideId>B000575</bioguideId>
        <party>R</party>
        <sponsorshipDate>2019-05-14</sponsorshipDate>
      </item>
      <item>
        <firstName>JOHN</firstName>
        <isOriginalCosponsor>False</isOriginalCosponsor>
        <middleName>R.</middleName>
        <fullName>Sen. Thune, John [R-SD]</fullName>
        <lastName>THUNE</lastName>
        <identifiers>
          <bioguideId>T000250</bioguideId>
          <lisID>1534</lisID>
          <gpoId>8257</gpoId>
        </identifiers>
        <sponsorshipWithdrawnDate />
        <state>SD</state>
        <bioguideId>T000250</bioguideId>
        <party>R</party>
        <sponsorshipDate>2019-05-16</sponsorshipDate>
      </item>
      <item>
        <firstName>Lisa</firstName>
        <isOriginalCosponsor>False</isOriginalCosponsor>
        <middleName />
        <fullName>Sen. Murkowski, Lisa [R-AK]</fullName>
        <lastName>Murkowski</lastName>
        <identifiers>
          <bioguideId>M001153</bioguideId>
          <gpoId>8234</gpoId>
          <lisID>1694</lisID>
        </identifiers>
        <sponsorshipWithdrawnDate />
        <state>AK</state>
        <bioguideId>M001153</bioguideId>
        <party>R</party>
        <sponsorshipDate>2019-05-21</sponsorshipDate>
      </item>
      <item>
        <firstName>Gary</firstName>
        <isOriginalCosponsor>False</isOriginalCosponsor>
        <middleName>C.</middleName>
        <fullName>Sen. Peters, Gary C. [D-MI]</fullName>
        <lastName>Peters</lastName>
        <identifiers>
          <lisID>1929</lisID>
          <gpoId>7994</gpoId>
          <bioguideId>P000595</bioguideId>
        </identifiers>
        <sponsorshipWithdrawnDate />
        <state>MI</state>
        <bioguideId>P000595</bioguideId>
        <party>D</party>
        <sponsorshipDate>2019-05-21</sponsorshipDate>
      </item>
      <item>
        <firstName>Josh</firstName>
        <isOriginalCosponsor>False</isOriginalCosponsor>
        <middleName />
        <fullName>Sen. Hawley, Josh  [R-MO]</fullName>
        <lastName>Hawley</lastName>
        <identifiers>
          <bioguideId>H001089</bioguideId>
          <lisID>2464</lisID>
          <gpoId />
        </identifiers>
        <sponsorshipWithdrawnDate />
        <state>MO</state>
        <bioguideId>H001089</bioguideId>
        <party>R</party>
        <sponsorshipDate>2019-06-03</sponsorshipDate>
      </item>
      <item>
        <firstName>Bill</firstName>
        <isOriginalCosponsor>False</isOriginalCosponsor>
        <middleName />
        <fullName>Sen. Cassidy, Bill [R-LA]</fullName>
        <lastName>Cassidy</lastName>
        <identifiers>
          <lisID>1925</lisID>
          <gpoId>7964</gpoId>
          <bioguideId>C001075</bioguideId>
        </identifiers>
        <sponsorshipWithdrawnDate />
        <state>LA</state>
        <bioguideId>C001075</bioguideId>
        <party>R</party>
        <sponsorshipDate>2019-06-04</sponsorshipDate>
      </item>
      <item>
        <firstName>John</firstName>
        <isOriginalCosponsor>False</isOriginalCosponsor>
        <middleName>Neely</middleName>
        <fullName>Sen. Kennedy, John [R-LA]</fullName>
        <lastName>Kennedy</lastName>
        <identifiers>
          <bioguideId>K000393</bioguideId>
          <lisID>2303</lisID>
          <gpoId />
        </identifiers>
        <sponsorshipWithdrawnDate />
        <state>LA</state>
        <bioguideId>K000393</bioguideId>
        <party>R</party>
        <sponsorshipDate>2019-06-11</sponsorshipDate>
      </item>
      <item>
        <firstName>Tina</firstName>
        <isOriginalCosponsor>False</isOriginalCosponsor>
        <middleName />
        <fullName>Sen. Smith, Tina  [D-MN]</fullName>
        <lastName>Smith</lastName>
        <identifiers>
          <lisID>2365</lisID>
          <gpoId />
          <bioguideId>S001203</bioguideId>
        </identifiers>
        <sponsorshipWithdrawnDate />
        <state>MN</state>
        <bioguideId>S001203</bioguideId>
        <party>D</party>
        <sponsorshipDate>2019-06-13</sponsorshipDate>
      </item>
      <item>
        <firstName>Thomas</firstName>
        <isOriginalCosponsor>False</isOriginalCosponsor>
        <middleName>Roland</middleName>
        <fullName>Sen. Tillis, Thom [R-NC]</fullName>
        <lastName>Tillis</lastName>
        <identifiers>
          <lisID>2291</lisID>
          <gpoId />
          <bioguideId>T000476</bioguideId>
        </identifiers>
        <sponsorshipWithdrawnDate />
        <state>NC</state>
        <bioguideId>T000476</bioguideId>
        <party>R</party>
        <sponsorshipDate>2019-06-13</sponsorshipDate>
      </item>
      <item>
        <firstName>Mike</firstName>
        <isOriginalCosponsor>False</isOriginalCosponsor>
        <middleName />
        <fullName>Sen. Braun, Mike  [R-IN]</fullName>
        <lastName>Braun</lastName>
        <identifiers>
          <lisID>2462</lisID>
          <gpoId />
          <bioguideId>B001310</bioguideId>
        </identifiers>
        <sponsorshipWithdrawnDate />
        <state>IN</state>
        <bioguideId>B001310</bioguideId>
        <party>R</party>
        <sponsorshipDate>2019-06-18</sponsorshipDate>
      </item>
      <item>
        <firstName>John</firstName>
        <isOriginalCosponsor>False</isOriginalCosponsor>
        <middleName />
        <fullName>Sen. Cornyn, John [R-TX]</fullName>
        <lastName>Cornyn</lastName>
        <identifiers>
          <lisID>1692</lisID>
          <gpoId>8295</gpoId>
          <bioguideId>C001056</bioguideId>
        </identifiers>
        <sponsorshipWithdrawnDate />
        <state>TX</state>
        <bioguideId>C001056</bioguideId>
        <party>R</party>
        <sponsorshipDate>2019-06-24</sponsorshipDate>
      </item>
      <item>
        <firstName>Sheldon</firstName>
        <isOriginalCosponsor>False</isOriginalCosponsor>
        <middleName />
        <fullName>Sen. Whitehouse, Sheldon [D-RI]</fullName>
        <lastName>Whitehouse</lastName>
        <identifiers>
          <bioguideId>W000802</bioguideId>
          <lisID>1823</lisID>
          <gpoId>8264</gpoId>
        </identifiers>
        <sponsorshipWithdrawnDate />
        <state>RI</state>
        <bioguideId>W000802</bioguideId>
        <party>D</party>
        <sponsorshipDate>2019-06-25</sponsorshipDate>
      </item>
      <item>
        <firstName>CHARLES</firstName>
        <isOriginalCosponsor>False</isOriginalCosponsor>
        <middleName>E.</middleName>
        <fullName>Sen. Schumer, Charles E. [D-NY]</fullName>
        <lastName>SCHUMER</lastName>
        <identifiers>
          <lisID>1036</lisID>
          <gpoId>8279</gpoId>
          <bioguideId>S000148</bioguideId>
        </identifiers>
        <sponsorshipWithdrawnDate />
        <state>NY</state>
        <bioguideId>S000148</bioguideId>
        <party>D</party>
        <sponsorshipDate>2019-06-26</sponsorshipDate>
      </item>
      <item>
        <firstName>Christopher</firstName>
        <isOriginalCosponsor>False</isOriginalCosponsor>
        <middleName />
        <fullName>Sen. Murphy, Christopher [D-CT]</fullName>
        <lastName>Murphy</lastName>
        <identifiers>
          <bioguideId>M001169</bioguideId>
          <lisID>1837</lisID>
          <gpoId>7870</gpoId>
        </identifiers>
        <sponsorshipWithdrawnDate />
        <state>CT</state>
        <bioguideId>M001169</bioguideId>
        <party>D</party>
        <sponsorshipDate>2019-06-26</sponsorshipDate>
      </item>
      <item>
        <firstName>Amy</firstName>
        <isOriginalCosponsor>False</isOriginalCosponsor>
        <middleName />
        <fullName>Sen. Klobuchar, Amy [D-MN]</fullName>
        <lastName>Klobuchar</lastName>
        <identifiers>
          <lisID>1826</lisID>
          <gpoId>8249</gpoId>
          <bioguideId>K000367</bioguideId>
        </identifiers>
        <sponsorshipWithdrawnDate />
        <state>MN</state>
        <bioguideId>K000367</bioguideId>
        <party>D</party>
        <sponsorshipDate>2019-07-08</sponsorshipDate>
      </item>
      <item>
        <firstName>Angus</firstName>
        <isOriginalCosponsor>False</isOriginalCosponsor>
        <middleName />
        <fullName>Sen. King, Angus S., Jr. [I-ME]</fullName>
        <lastName>King</lastName>
        <identifiers>
          <bioguideId>K000383</bioguideId>
          <gpoId />
          <lisID>2185</lisID>
        </identifiers>
        <sponsorshipWithdrawnDate />
        <state>ME</state>
        <bioguideId>K000383</bioguideId>
        <party>I</party>
        <sponsorshipDate>2019-07-15</sponsorshipDate>
      </item>
      <item>
        <firstName>Lamar</firstName>
        <isOriginalCosponsor>False</isOriginalCosponsor>
        <middleName />
        <fullName>Sen. Alexander, Lamar [R-TN]</fullName>
        <lastName>Alexander</lastName>
        <identifiers>
          <lisID>1695</lisID>
          <gpoId>8304</gpoId>
          <bioguideId>A000360</bioguideId>
        </identifiers>
        <sponsorshipWithdrawnDate />
        <state>TN</state>
        <bioguideId>A000360</bioguideId>
        <party>R</party>
        <sponsorshipDate>2019-07-17</sponsorshipDate>
      </item>
      <item>
        <firstName>PATTY</firstName>
        <isOriginalCosponsor>False</isOriginalCosponsor>
        <middleName />
        <fullName>Sen. Murray, Patty [D-WA]</fullName>
        <lastName>MURRAY</lastName>
        <identifiers>
          <lisID>1409</lisID>
          <gpoId>8237</gpoId>
          <bioguideId>M001111</bioguideId>
        </identifiers>
        <sponsorshipWithdrawnDate />
        <state>WA</state>
        <bioguideId>M001111</bioguideId>
        <party>D</party>
        <sponsorshipDate>2019-07-17</sponsorshipDate>
      </item>
      <item>
        <firstName>DEBORAH</firstName>
        <isOriginalCosponsor>False</isOriginalCosponsor>
        <middleName>ANN</middleName>
        <fullName>Sen. Stabenow, Debbie [D-MI]</fullName>
        <lastName>STABENOW</lastName>
        <identifiers>
          <bioguideId>S000770</bioguideId>
          <gpoId>8261</gpoId>
          <lisID>1531</lisID>
        </identifiers>
        <sponsorshipWithdrawnDate />
        <state>MI</state>
        <bioguideId>S000770</bioguideId>
        <party>D</party>
        <sponsorshipDate>2019-07-22</sponsorshipDate>
      </item>
      <item>
        <firstName>Mitt</firstName>
        <isOriginalCosponsor>False</isOriginalCosponsor>
        <middleName />
        <fullName>Sen. Romney, Mitt  [R-UT]</fullName>
        <lastName>Romney</lastName>
        <identifiers>
          <bioguideId>R000615</bioguideId>
          <gpoId />
          <lisID>2466</lisID>
        </identifiers>
        <sponsorshipWithdrawnDate />
        <state>UT</state>
        <bioguideId>R000615</bioguideId>
        <party>R</party>
        <sponsorshipDate>2019-09-11</sponsorshipDate>
      </item>
    </cosponsors>
    <originChamber>Senate</originChamber>
    <amendments />
    <updateDate>2019-11-15T21:56:27Z</updateDate>
    <relatedBills />
    <latestAction>
      <text>Referred to the Committee on Foreign Relations. (text: CR S1942)</text>
      <actionDate>2019-03-25</actionDate>
      <links />
    </latestAction>
    <introducedDate>2019-03-25</introducedDate>
    <laws />
    <subjects>
      <billSubjects>
        <legislativeSubjects>
          <item>
            <name>Arab-Israeli relations</name>
          </item>
          <item>
            <name>Conflicts and wars</name>
          </item>
          <item>
            <name>Diplomacy, foreign officials, Americans abroad</name>
          </item>
          <item>
            <name>Foreign aid and international relief</name>
          </item>
          <item>
            <name>International organizations and cooperation</name>
          </item>
          <item>
            <name>Israel</name>
          </item>
          <item>
            <name>Middle East</name>
          </item>
          <item>
            <name>Palestinians</name>
          </item>
          <item>
            <name>Protest and dissent</name>
          </item>
          <item>
            <name>Sanctions</name>
          </item>
          <item>
            <name>Sovereignty, recognition, national governance and status</name>
          </item>
        </legislativeSubjects>
        <policyArea>
          <name>International Affairs</name>
        </policyArea>
      </billSubjects>
    </subjects>
    <calendarNumbers />
    <textVersions>
      <item>
        <type>Introduced in Senate</type>
        <formats>
          <item>
            <url>https://www.govinfo.gov/content/pkg/BILLS-116sres120is/xml/BILLS-116sres120is.xml</url>
          </item>
        </formats>
        <date>2019-03-25T04:00:00Z</date>
      </item>
    </textVersions>
    <version>1.0.0</version>
    <policyArea>
      <name>International Affairs</name>
    </policyArea>
    <recordedVotes />
    <sponsors>
      <item>
        <bioguideId>C000141</bioguideId>
        <state>MD</state>
        <party>D</party>
        <fullName>Sen. Cardin, Benjamin L. [D-MD]</fullName>
        <firstName>BENJAMIN</firstName>
        <lastName>CARDIN</lastName>
        <byRequestType />
        <middleName>L.</middleName>
        <identifiers>
          <bioguideId>C000141</bioguideId>
          <gpoId>8287</gpoId>
          <lisID>174</lisID>
        </identifiers>
      </item>
    </sponsors>
    <billType>SRES</billType>
    <title>A resolution opposing efforts to delegitimize the State of Israel and the Global Boycott, Divestment, and Sanctions Movement targeting Israel.</title>
    <congress>116</congress>
    <committees>
      <billCommittees>
        <item>
          <subcommittees />
          <type>Standing</type>
          <systemCode>ssfr00</systemCode>
          <chamber>Senate</chamber>
          <name>Foreign Relations Committee</name>
          <activities>
            <item>
              <date>2019-03-25T19:42:39Z</date>
              <name>Referred to</name>
            </item>
          </activities>
        </item>
      </billCommittees>
    </committees>
    <actions>
      <actionByCounts>
        <senate>2</senate>
      </actionByCounts>
      <item>
        <actionDate>2019-03-25</actionDate>
        <committee>
          <name>Foreign Relations Committee</name>
          <systemCode>ssfr00</systemCode>
        </committee>
        <links>
          <link>
            <url>https://www.congress.gov/congressional-record/volume-165/senate-section/page/S1942</url>
            <name>S1942</name>
          </link>
        </links>
        <sourceSystem>
          <code>0</code>
          <name>Senate</name>
        </sourceSystem>
        <text>Referred to the Committee on Foreign Relations. (text: CR S1942)</text>
        <type>IntroReferral</type>
      </item>
      <item>
        <actionDate>2019-03-25</actionDate>
        <committee />
        <type>IntroReferral</type>
        <actionCode>10000</actionCode>
        <links />
        <sourceSystem>
          <code>9</code>
          <name>Library of Congress</name>
        </sourceSystem>
        <text>Introduced in Senate</text>
      </item>
      <actionTypeCounts>
        <referredToCommittee>1</referredToCommittee>
        <introducedInSenate>1</introducedInSenate>
      </actionTypeCounts>
    </actions>
    <titles>
      <item>
        <chamberName />
        <title>A resolution opposing efforts to delegitimize the State of Israel and the Global Boycott, Divestment, and Sanctions Movement targeting Israel.</title>
        <parentTitleType />
        <titleType>Official Title as Introduced</titleType>
        <chamberCode />
      </item>
      <item>
        <chamberName />
        <title>A resolution opposing efforts to delegitimize the State of Israel and the Global Boycott, Divestment, and Sanctions Movement targeting Israel.</title>
        <parentTitleType />
        <titleType>Display Title</titleType>
        <chamberCode />
      </item>
    </titles>
  </bill>
  <dublinCore xmlns:dc="http://purl.org/dc/elements/1.1/">
    <dc:format>text/xml</dc:format>
    <dc:language>EN</dc:language>
    <dc:rights>Pursuant to Title 17 Section 105 of the United States Code, this file is not subject to copyright protection and is in the public domain.</dc:rights>
    <dc:contributor>Congressional Research Service, Library of Congress</dc:contributor>
    <dc:description>This file contains bill summaries and statuses for federal legislation. A bill summary describes the most significant provisions of a piece of legislation and details the effects the legislative text may have on current law and federal programs. Bill summaries are authored by the Congressional Research Service (CRS) of the Library of Congress. As stated in Public Law 91-510 (2 USC 166 (d)(6)), one of the duties of CRS is "to prepare summaries and digests of bills and resolutions of a public general nature introduced in the Senate or House of Representatives". For more information, refer to the User Guide that accompanies this file.</dc:description>
  </dublinCore>
</billStatus>

