<?xml version="1.0" encoding="UTF-8"?>
<billStatus>
  <bill>
    <subjects>
      <billSubjects>
        <legislativeSubjects>
          <item>
            <name>Commemorative events and holidays</name>
          </item>
          <item>
            <name>Fishes</name>
          </item>
          <item>
            <name>Wildlife conservation and habitat protection</name>
          </item>
        </legislativeSubjects>
        <policyArea>
          <name>Animals</name>
        </policyArea>
      </billSubjects>
    </subjects>
    <relatedBills>
      <item>
        <congress>116</congress>
        <latestAction>
          <actionDate>2019-06-04</actionDate>
          <text>Referred to the House Committee on Oversight and Reform.</text>
        </latestAction>
        <number>421</number>
        <type>HRES</type>
        <latestTitle>Recognizing the International Year of the Salmon in 2019 as a framework of collaboration across the Northern Hemisphere to sustain and recover salmon stocks through research, partnerships, and public action.</latestTitle>
        <relationshipDetails>
          <item>
            <type>Related bill</type>
            <identifiedBy>CRS</identifiedBy>
          </item>
        </relationshipDetails>
      </item>
    </relatedBills>
    <notes />
    <committees>
      <billCommittees>
        <item>
          <type>Standing</type>
          <name>Commerce, Science, and Transportation Committee</name>
          <activities>
            <item>
              <date>2019-06-13T20:43:13Z</date>
              <name>Referred to</name>
            </item>
          </activities>
          <subcommittees />
          <systemCode>sscm00</systemCode>
          <chamber>Senate</chamber>
        </item>
      </billCommittees>
    </committees>
    <summaries>
      <billSummaries>
        <item>
          <lastSummaryUpdateDate>2019-10-03T16:42:05Z</lastSummaryUpdateDate>
          <text><![CDATA[<p>This resolution recognizes 2019 as the International Year of the Salmon, a unique, hemispheric-level collaboration bringing people together in order to ensure that healthy wild salmon populations persist into the future.</p>]]></text>
          <versionCode>00</versionCode>
          <actionDate>2019-06-13</actionDate>
          <actionDesc>Introduced in Senate</actionDesc>
          <updateDate>2019-06-13T04:00:00Z</updateDate>
          <name>Introduced in Senate</name>
        </item>
      </billSummaries>
    </summaries>
    <version>1.0.0</version>
    <originChamber>Senate</originChamber>
    <congress>116</congress>
    <latestAction>
      <actionDate>2019-06-13</actionDate>
      <text>Referred to the Committee on Commerce, Science, and Transportation. (text: CR S3483)</text>
      <links />
    </latestAction>
    <actions>
      <actionTypeCounts>
        <referredToCommittee>1</referredToCommittee>
        <introducedInSenate>1</introducedInSenate>
      </actionTypeCounts>
      <item>
        <actionDate>2019-06-13</actionDate>
        <committee>
          <name>Commerce, Science, and Transportation Committee</name>
          <systemCode>sscm00</systemCode>
        </committee>
        <links>
          <link>
            <name>S3483</name>
            <url>https://www.congress.gov/congressional-record/volume-165/senate-section/page/S3483</url>
          </link>
        </links>
        <sourceSystem>
          <name>Senate</name>
          <code>0</code>
        </sourceSystem>
        <text>Referred to the Committee on Commerce, Science, and Transportation. (text: CR S3483)</text>
        <type>IntroReferral</type>
      </item>
      <item>
        <links />
        <sourceSystem>
          <name>Library of Congress</name>
          <code>9</code>
        </sourceSystem>
        <committee />
        <actionCode>10000</actionCode>
        <text>Introduced in Senate</text>
        <actionDate>2019-06-13</actionDate>
        <type>IntroReferral</type>
      </item>
      <actionByCounts>
        <senate>2</senate>
      </actionByCounts>
    </actions>
    <createDate>2019-06-14T04:57:14Z</createDate>
    <titles>
      <item>
        <chamberName />
        <title>A resolution recognizing 2019 as the International Year of the Salmon, a framework of collaboration across the Northern Hemisphere to sustain and recover salmon stocks through research, partnerships, and public action.</title>
        <parentTitleType />
        <titleType>Official Title as Introduced</titleType>
        <chamberCode />
      </item>
      <item>
        <chamberName />
        <title>A resolution recognizing 2019 as the International Year of the Salmon, a framework of collaboration across the Northern Hemisphere to sustain and recover salmon stocks through research, partnerships, and public action.</title>
        <parentTitleType />
        <titleType>Display Title</titleType>
        <chamberCode />
      </item>
    </titles>
    <laws />
    <introducedDate>2019-06-13</introducedDate>
    <calendarNumbers />
    <recordedVotes />
    <textVersions>
      <item>
        <type>Introduced in Senate</type>
        <date>2019-06-13T04:00:00Z</date>
        <formats>
          <item>
            <url>https://www.govinfo.gov/content/pkg/BILLS-116sres251is/xml/BILLS-116sres251is.xml</url>
          </item>
        </formats>
      </item>
    </textVersions>
    <cosponsors>
      <item>
        <firstName>SUSAN</firstName>
        <middleName>MARGARET</middleName>
        <isOriginalCosponsor>True</isOriginalCosponsor>
        <state>ME</state>
        <bioguideId>C001035</bioguideId>
        <identifiers>
          <bioguideId>C001035</bioguideId>
          <gpoId>8291</gpoId>
          <lisID>1541</lisID>
        </identifiers>
        <sponsorshipWithdrawnDate />
        <sponsorshipDate>2019-06-13</sponsorshipDate>
        <fullName>Sen. Collins, Susan M. [R-ME]</fullName>
        <party>R</party>
        <lastName>COLLINS</lastName>
      </item>
      <item>
        <firstName>Dan</firstName>
        <middleName />
        <isOriginalCosponsor>True</isOriginalCosponsor>
        <state>AK</state>
        <bioguideId>S001198</bioguideId>
        <identifiers>
          <lisID>2290</lisID>
          <gpoId />
          <bioguideId>S001198</bioguideId>
        </identifiers>
        <sponsorshipWithdrawnDate />
        <sponsorshipDate>2019-06-13</sponsorshipDate>
        <fullName>Sen. Sullivan, Dan  [R-AK]</fullName>
        <party>R</party>
        <lastName>Sullivan</lastName>
      </item>
      <item>
        <firstName>Angus</firstName>
        <middleName />
        <isOriginalCosponsor>True</isOriginalCosponsor>
        <state>ME</state>
        <bioguideId>K000383</bioguideId>
        <identifiers>
          <lisID>2185</lisID>
          <gpoId />
          <bioguideId>K000383</bioguideId>
        </identifiers>
        <sponsorshipWithdrawnDate />
        <sponsorshipDate>2019-06-13</sponsorshipDate>
        <fullName>Sen. King, Angus S., Jr. [I-ME]</fullName>
        <party>I</party>
        <lastName>King</lastName>
      </item>
      <item>
        <firstName>RON</firstName>
        <middleName />
        <isOriginalCosponsor>True</isOriginalCosponsor>
        <state>OR</state>
        <bioguideId>W000779</bioguideId>
        <identifiers>
          <lisID>1247</lisID>
          <gpoId>8265</gpoId>
          <bioguideId>W000779</bioguideId>
        </identifiers>
        <sponsorshipWithdrawnDate />
        <sponsorshipDate>2019-06-13</sponsorshipDate>
        <fullName>Sen. Wyden, Ron [D-OR]</fullName>
        <party>D</party>
        <lastName>WYDEN</lastName>
      </item>
      <item>
        <firstName>Jeff</firstName>
        <middleName />
        <isOriginalCosponsor>True</isOriginalCosponsor>
        <state>OR</state>
        <bioguideId>M001176</bioguideId>
        <identifiers>
          <lisID>1900</lisID>
          <gpoId>8238</gpoId>
          <bioguideId>M001176</bioguideId>
        </identifiers>
        <sponsorshipWithdrawnDate />
        <sponsorshipDate>2019-06-13</sponsorshipDate>
        <fullName>Sen. Merkley, Jeff [D-OR]</fullName>
        <party>D</party>
        <lastName>Merkley</lastName>
      </item>
      <item>
        <firstName>PATTY</firstName>
        <middleName />
        <isOriginalCosponsor>True</isOriginalCosponsor>
        <state>WA</state>
        <bioguideId>M001111</bioguideId>
        <identifiers>
          <lisID>1409</lisID>
          <gpoId>8237</gpoId>
          <bioguideId>M001111</bioguideId>
        </identifiers>
        <sponsorshipWithdrawnDate />
        <sponsorshipDate>2019-06-13</sponsorshipDate>
        <fullName>Sen. Murray, Patty [D-WA]</fullName>
        <party>D</party>
        <lastName>MURRAY</lastName>
      </item>
      <item>
        <firstName>MARIA</firstName>
        <middleName />
        <isOriginalCosponsor>True</isOriginalCosponsor>
        <state>WA</state>
        <bioguideId>C000127</bioguideId>
        <identifiers>
          <lisID>172</lisID>
          <gpoId>8288</gpoId>
          <bioguideId>C000127</bioguideId>
        </identifiers>
        <sponsorshipWithdrawnDate />
        <sponsorshipDate>2019-06-13</sponsorshipDate>
        <fullName>Sen. Cantwell, Maria [D-WA]</fullName>
        <party>D</party>
        <lastName>CANTWELL</lastName>
      </item>
    </cosponsors>
    <amendments />
    <billNumber>251</billNumber>
    <updateDate>2019-11-15T21:55:29Z</updateDate>
    <cboCostEstimates />
    <title>A resolution recognizing 2019 as the International Year of the Salmon, a framework of collaboration across the Northern Hemisphere to sustain and recover salmon stocks through research, partnerships, and public action.</title>
    <committeeReports />
    <policyArea>
      <name>Animals</name>
    </policyArea>
    <sponsors>
      <item>
        <party>R</party>
        <lastName>Murkowski</lastName>
        <firstName>Lisa</firstName>
        <state>AK</state>
        <fullName>Sen. Murkowski, Lisa [R-AK]</fullName>
        <identifiers>
          <bioguideId>M001153</bioguideId>
          <gpoId>8234</gpoId>
          <lisID>1694</lisID>
        </identifiers>
        <middleName />
        <bioguideId>M001153</bioguideId>
        <byRequestType />
      </item>
    </sponsors>
    <billType>SRES</billType>
  </bill>
  <dublinCore xmlns:dc="http://purl.org/dc/elements/1.1/">
    <dc:format>text/xml</dc:format>
    <dc:language>EN</dc:language>
    <dc:rights>Pursuant to Title 17 Section 105 of the United States Code, this file is not subject to copyright protection and is in the public domain.</dc:rights>
    <dc:contributor>Congressional Research Service, Library of Congress</dc:contributor>
    <dc:description>This file contains bill summaries and statuses for federal legislation. A bill summary describes the most significant provisions of a piece of legislation and details the effects the legislative text may have on current law and federal programs. Bill summaries are authored by the Congressional Research Service (CRS) of the Library of Congress. As stated in Public Law 91-510 (2 USC 166 (d)(6)), one of the duties of CRS is "to prepare summaries and digests of bills and resolutions of a public general nature introduced in the Senate or House of Representatives". For more information, refer to the User Guide that accompanies this file.</dc:description>
  </dublinCore>
</billStatus>

