<?xml version="1.0" encoding="UTF-8"?>
<billStatus>
  <bill>
    <recordedVotes />
    <introducedDate>2019-10-24</introducedDate>
    <sponsors>
      <item>
        <middleName>MARGARET</middleName>
        <party>R</party>
        <fullName>Sen. Collins, Susan M. [R-ME]</fullName>
        <byRequestType />
        <bioguideId>C001035</bioguideId>
        <firstName>SUSAN</firstName>
        <identifiers>
          <gpoId>8291</gpoId>
          <bioguideId>C001035</bioguideId>
          <lisID>1541</lisID>
        </identifiers>
        <lastName>COLLINS</lastName>
        <state>ME</state>
      </item>
    </sponsors>
    <actions>
      <actionByCounts>
        <senate>3</senate>
      </actionByCounts>
      <actionTypeCounts>
        <passedOrAgreedToInSenateDayOf>1</passedOrAgreedToInSenateDayOf>
        <passedAgreedToInSenate>1</passedAgreedToInSenate>
        <introducedInSenate>1</introducedInSenate>
      </actionTypeCounts>
      <item>
        <actionDate>2019-10-24</actionDate>
        <committee />
        <links>
          <link>
            <name>S6162</name>
            <url>https://www.congress.gov/congressional-record/volume-165/senate-section/page/S6162</url>
          </link>
          <link>
            <name>S6177</name>
            <url>https://www.congress.gov/congressional-record/volume-165/senate-section/page/S6177</url>
          </link>
        </links>
        <sourceSystem>
          <name>Senate</name>
          <code>0</code>
        </sourceSystem>
        <text>Submitted in the Senate, considered, and agreed to without amendment and with a preamble by Voice Vote. (consideration: CR S6177; text: CR S6162)</text>
        <type>Floor</type>
      </item>
      <item>
        <links>
          <link>
            <name>S6162</name>
            <url>https://www.congress.gov/congressional-record/volume-165/senate-section/page/S6162</url>
          </link>
          <link>
            <name>S6177</name>
            <url>https://www.congress.gov/congressional-record/volume-165/senate-section/page/S6177</url>
          </link>
        </links>
        <text>Passed/agreed to in Senate: Submitted in the Senate, considered, and agreed to without amendment and with a preamble by Voice Vote.(consideration: CR S6177; text: CR S6162)</text>
        <type>Floor</type>
        <sourceSystem>
          <name>Library of Congress</name>
          <code>9</code>
        </sourceSystem>
        <committee />
        <actionCode>17000</actionCode>
        <actionDate>2019-10-24</actionDate>
      </item>
      <item>
        <links />
        <text>Introduced in Senate</text>
        <type>IntroReferral</type>
        <sourceSystem>
          <name>Library of Congress</name>
          <code>9</code>
        </sourceSystem>
        <committee />
        <actionCode>10000</actionCode>
        <actionDate>2019-10-24</actionDate>
      </item>
    </actions>
    <amendments />
    <notes />
    <updateDate>2019-10-31T09:59:04Z</updateDate>
    <billNumber>383</billNumber>
    <calendarNumbers />
    <version>1.0.0</version>
    <committeeReports />
    <createDate>2019-10-25T04:42:29Z</createDate>
    <titles>
      <item>
        <chamberName />
        <titleType>Official Title as Introduced</titleType>
        <parentTitleType />
        <chamberCode />
        <title>A resolution supporting Lights on Afterschool, a national celebration of afterschool programs held on October 24, 2019.</title>
      </item>
      <item>
        <chamberName />
        <titleType>Display Title</titleType>
        <parentTitleType />
        <chamberCode />
        <title>A resolution supporting Lights on Afterschool, a national celebration of afterschool programs held on October 24, 2019.</title>
      </item>
    </titles>
    <laws />
    <subjects>
      <billSubjects>
        <legislativeSubjects />
        <policyArea>
          <name>Education</name>
        </policyArea>
      </billSubjects>
    </subjects>
    <title>A resolution supporting Lights on Afterschool, a national celebration of afterschool programs held on October 24, 2019.</title>
    <originChamber>Senate</originChamber>
    <committees>
      <billCommittees />
    </committees>
    <billType>SRES</billType>
    <cosponsors>
      <item>
        <firstName>Tina</firstName>
        <middleName />
        <sponsorshipDate>2019-10-24</sponsorshipDate>
        <lastName>Smith</lastName>
        <state>MN</state>
        <fullName>Sen. Smith, Tina  [D-MN]</fullName>
        <party>D</party>
        <sponsorshipWithdrawnDate />
        <isOriginalCosponsor>True</isOriginalCosponsor>
        <bioguideId>S001203</bioguideId>
        <identifiers>
          <lisID>2365</lisID>
          <bioguideId>S001203</bioguideId>
          <gpoId />
        </identifiers>
      </item>
      <item>
        <firstName>Mike</firstName>
        <middleName />
        <sponsorshipDate>2019-10-24</sponsorshipDate>
        <lastName>Braun</lastName>
        <state>IN</state>
        <fullName>Sen. Braun, Mike  [R-IN]</fullName>
        <party>R</party>
        <sponsorshipWithdrawnDate />
        <isOriginalCosponsor>True</isOriginalCosponsor>
        <bioguideId>B001310</bioguideId>
        <identifiers>
          <lisID>2462</lisID>
          <gpoId />
          <bioguideId>B001310</bioguideId>
        </identifiers>
      </item>
      <item>
        <firstName>Joe</firstName>
        <middleName />
        <sponsorshipDate>2019-10-24</sponsorshipDate>
        <lastName>Manchin</lastName>
        <state>WV</state>
        <fullName>Sen. Manchin, Joe, III [D-WV]</fullName>
        <party>D</party>
        <sponsorshipWithdrawnDate />
        <isOriginalCosponsor>True</isOriginalCosponsor>
        <bioguideId>M001183</bioguideId>
        <identifiers>
          <gpoId>8256</gpoId>
          <lisID>1983</lisID>
          <bioguideId>M001183</bioguideId>
        </identifiers>
      </item>
      <item>
        <firstName>PAT</firstName>
        <middleName />
        <sponsorshipDate>2019-10-24</sponsorshipDate>
        <lastName>ROBERTS</lastName>
        <state>KS</state>
        <fullName>Sen. Roberts, Pat [R-KS]</fullName>
        <party>R</party>
        <sponsorshipWithdrawnDate />
        <isOriginalCosponsor>True</isOriginalCosponsor>
        <bioguideId>R000307</bioguideId>
        <identifiers>
          <lisID>968</lisID>
          <bioguideId>R000307</bioguideId>
          <gpoId>8275</gpoId>
        </identifiers>
      </item>
      <item>
        <firstName>Jeanne</firstName>
        <middleName />
        <sponsorshipDate>2019-10-24</sponsorshipDate>
        <lastName>Shaheen</lastName>
        <state>NH</state>
        <fullName>Sen. Shaheen, Jeanne [D-NH]</fullName>
        <party>D</party>
        <sponsorshipWithdrawnDate />
        <isOriginalCosponsor>True</isOriginalCosponsor>
        <bioguideId>S001181</bioguideId>
        <identifiers>
          <lisID>1901</lisID>
          <bioguideId>S001181</bioguideId>
          <gpoId>8276</gpoId>
        </identifiers>
      </item>
      <item>
        <firstName>Cindy</firstName>
        <middleName />
        <sponsorshipDate>2019-10-24</sponsorshipDate>
        <lastName>Hyde-Smith</lastName>
        <state>MS</state>
        <fullName>Sen. Hyde-Smith, Cindy [R-MS]</fullName>
        <party>R</party>
        <sponsorshipWithdrawnDate />
        <isOriginalCosponsor>True</isOriginalCosponsor>
        <bioguideId>H001079</bioguideId>
        <identifiers>
          <gpoId />
          <lisID>2366</lisID>
          <bioguideId>H001079</bioguideId>
        </identifiers>
      </item>
      <item>
        <firstName>Timothy</firstName>
        <middleName />
        <sponsorshipDate>2019-10-24</sponsorshipDate>
        <lastName>Kaine</lastName>
        <state>VA</state>
        <fullName>Sen. Kaine, Tim [D-VA]</fullName>
        <party>D</party>
        <sponsorshipWithdrawnDate />
        <isOriginalCosponsor>True</isOriginalCosponsor>
        <bioguideId>K000384</bioguideId>
        <identifiers>
          <lisID>2176</lisID>
          <gpoId />
          <bioguideId>K000384</bioguideId>
        </identifiers>
      </item>
      <item>
        <firstName>Elizabeth</firstName>
        <middleName>A.</middleName>
        <sponsorshipDate>2019-10-24</sponsorshipDate>
        <lastName>Warren</lastName>
        <state>MA</state>
        <fullName>Sen. Warren, Elizabeth [D-MA]</fullName>
        <party>D</party>
        <sponsorshipWithdrawnDate />
        <isOriginalCosponsor>True</isOriginalCosponsor>
        <bioguideId>W000817</bioguideId>
        <identifiers>
          <lisID>2182</lisID>
          <bioguideId>W000817</bioguideId>
          <gpoId />
        </identifiers>
      </item>
      <item>
        <firstName>Gary</firstName>
        <middleName>C.</middleName>
        <sponsorshipDate>2019-10-24</sponsorshipDate>
        <lastName>Peters</lastName>
        <state>MI</state>
        <fullName>Sen. Peters, Gary C. [D-MI]</fullName>
        <party>D</party>
        <sponsorshipWithdrawnDate />
        <isOriginalCosponsor>True</isOriginalCosponsor>
        <bioguideId>P000595</bioguideId>
        <identifiers>
          <gpoId>7994</gpoId>
          <lisID>1929</lisID>
          <bioguideId>P000595</bioguideId>
        </identifiers>
      </item>
    </cosponsors>
    <relatedBills />
    <textVersions>
      <item>
        <type>Agreed to Senate</type>
        <date>2019-10-24T04:00:00Z</date>
        <formats>
          <item>
            <url>https://www.govinfo.gov/content/pkg/BILLS-116sres383ats/xml/BILLS-116sres383ats.xml</url>
          </item>
        </formats>
      </item>
    </textVersions>
    <policyArea>
      <name>Education</name>
    </policyArea>
    <congress>116</congress>
    <latestAction>
      <actionDate>2019-10-24</actionDate>
      <links />
      <text>Submitted in the Senate, considered, and agreed to without amendment and with a preamble by Voice Vote. (consideration: CR S6177; text: CR S6162)</text>
    </latestAction>
    <cboCostEstimates />
    <summaries>
      <billSummaries />
    </summaries>
  </bill>
  <dublinCore xmlns:dc="http://purl.org/dc/elements/1.1/">
    <dc:format>text/xml</dc:format>
    <dc:language>EN</dc:language>
    <dc:rights>Pursuant to Title 17 Section 105 of the United States Code, this file is not subject to copyright protection and is in the public domain.</dc:rights>
    <dc:contributor>Congressional Research Service, Library of Congress</dc:contributor>
    <dc:description>This file contains bill summaries and statuses for federal legislation. A bill summary describes the most significant provisions of a piece of legislation and details the effects the legislative text may have on current law and federal programs. Bill summaries are authored by the Congressional Research Service (CRS) of the Library of Congress. As stated in Public Law 91-510 (2 USC 166 (d)(6)), one of the duties of CRS is "to prepare summaries and digests of bills and resolutions of a public general nature introduced in the Senate or House of Representatives". For more information, refer to the User Guide that accompanies this file.</dc:description>
  </dublinCore>
</billStatus>

