<?xml version="1.0" encoding="UTF-8"?>
<billStatus>
  <bill>
    <committeeReports />
    <version>1.0.0</version>
    <updateDate>2019-03-22T22:12:00Z</updateDate>
    <committees>
      <billCommittees />
    </committees>
    <latestAction>
      <actionDate>2019-02-14</actionDate>
      <links />
      <text>Submitted in the Senate, considered, and agreed to without amendment and with a preamble by Unanimous Consent. (consideration: CR S1392-1393; text: CR S1390-1391)</text>
    </latestAction>
    <textVersions>
      <item>
        <date>2019-02-14T05:00:00Z</date>
        <type>Agreed to Senate</type>
        <formats>
          <item>
            <url>https://www.govinfo.gov/content/pkg/BILLS-116sres76ats/xml/BILLS-116sres76ats.xml</url>
          </item>
        </formats>
      </item>
    </textVersions>
    <billNumber>76</billNumber>
    <policyArea>
      <name>Education</name>
    </policyArea>
    <sponsors>
      <item>
        <fullName>Sen. Grassley, Chuck [R-IA]</fullName>
        <firstName>CHARLES</firstName>
        <middleName>ERNEST</middleName>
        <lastName>GRASSLEY</lastName>
        <byRequestType />
        <party>R</party>
        <bioguideId>G000386</bioguideId>
        <state>IA</state>
        <identifiers>
          <gpoId>8316</gpoId>
          <bioguideId>G000386</bioguideId>
          <lisID>457</lisID>
        </identifiers>
      </item>
    </sponsors>
    <relatedBills />
    <titles>
      <item>
        <titleType>Official Title as Introduced</titleType>
        <title>A resolution designating March 1, 2019, as "National Speech and Debate Education Day".</title>
        <parentTitleType />
        <chamberCode />
        <chamberName />
      </item>
      <item>
        <titleType>Display Title</titleType>
        <title>A resolution designating March 1, 2019, as "National Speech and Debate Education Day".</title>
        <parentTitleType />
        <chamberCode />
        <chamberName />
      </item>
    </titles>
    <actions>
      <actionTypeCounts>
        <introducedInSenate>1</introducedInSenate>
        <passedOrAgreedToInSenateDayOf>1</passedOrAgreedToInSenateDayOf>
        <passedAgreedToInSenate>1</passedAgreedToInSenate>
      </actionTypeCounts>
      <item>
        <actionDate>2019-02-14</actionDate>
        <committee />
        <links>
          <link>
            <url>https://www.congress.gov/congressional-record/volume-165/senate-section/page/S1390-1391</url>
            <name>S1390-1391</name>
          </link>
          <link>
            <url>https://www.congress.gov/congressional-record/volume-165/senate-section/page/S1392-1393</url>
            <name>S1392-1393</name>
          </link>
        </links>
        <sourceSystem>
          <name>Senate</name>
          <code>0</code>
        </sourceSystem>
        <text>Submitted in the Senate, considered, and agreed to without amendment and with a preamble by Unanimous Consent. (consideration: CR S1392-1393; text: CR S1390-1391)</text>
        <type>Floor</type>
      </item>
      <item>
        <actionDate>2019-02-14</actionDate>
        <links>
          <link>
            <url>https://www.congress.gov/congressional-record/volume-165/senate-section/page/S1390-1391</url>
            <name>S1390-1391</name>
          </link>
          <link>
            <url>https://www.congress.gov/congressional-record/volume-165/senate-section/page/S1392-1393</url>
            <name>S1392-1393</name>
          </link>
        </links>
        <committee />
        <actionCode>17000</actionCode>
        <text>Passed/agreed to in Senate: Submitted in the Senate, considered, and agreed to without amendment and with a preamble by Unanimous Consent.(consideration: CR S1392-1393; text: CR S1390-1391)</text>
        <sourceSystem>
          <name>Library of Congress</name>
          <code>9</code>
        </sourceSystem>
        <type>Floor</type>
      </item>
      <item>
        <actionDate>2019-02-14</actionDate>
        <links />
        <committee />
        <actionCode>10000</actionCode>
        <text>Introduced in Senate</text>
        <sourceSystem>
          <name>Library of Congress</name>
          <code>9</code>
        </sourceSystem>
        <type>IntroReferral</type>
      </item>
      <actionByCounts>
        <senate>3</senate>
      </actionByCounts>
    </actions>
    <calendarNumbers />
    <title>A resolution designating March 1, 2019, as "National Speech and Debate Education Day".</title>
    <billType>SRES</billType>
    <laws />
    <introducedDate>2019-02-14</introducedDate>
    <recordedVotes />
    <subjects>
      <billSubjects>
        <legislativeSubjects>
          <item>
            <name>Civics education</name>
          </item>
          <item>
            <name>Commemorative events and holidays</name>
          </item>
          <item>
            <name>Elementary and secondary education</name>
          </item>
          <item>
            <name>Language arts</name>
          </item>
        </legislativeSubjects>
        <policyArea>
          <name>Education</name>
        </policyArea>
      </billSubjects>
    </subjects>
    <notes />
    <congress>116</congress>
    <cboCostEstimates />
    <createDate>2019-02-15T12:40:18Z</createDate>
    <cosponsors>
      <item>
        <state>DE</state>
        <middleName>A.</middleName>
        <identifiers>
          <lisID>1984</lisID>
          <gpoId>8297</gpoId>
          <bioguideId>C001088</bioguideId>
        </identifiers>
        <firstName>Christopher</firstName>
        <isOriginalCosponsor>True</isOriginalCosponsor>
        <sponsorshipWithdrawnDate />
        <lastName>Coons</lastName>
        <sponsorshipDate>2019-02-14</sponsorshipDate>
        <bioguideId>C001088</bioguideId>
        <fullName>Sen. Coons, Christopher A. [D-DE]</fullName>
        <party>D</party>
      </item>
      <item>
        <state>MA</state>
        <middleName>A.</middleName>
        <identifiers>
          <lisID>2182</lisID>
          <bioguideId>W000817</bioguideId>
          <gpoId />
        </identifiers>
        <firstName>Elizabeth</firstName>
        <isOriginalCosponsor>True</isOriginalCosponsor>
        <sponsorshipWithdrawnDate />
        <lastName>Warren</lastName>
        <sponsorshipDate>2019-02-14</sponsorshipDate>
        <bioguideId>W000817</bioguideId>
        <fullName>Sen. Warren, Elizabeth [D-MA]</fullName>
        <party>D</party>
      </item>
      <item>
        <state>MN</state>
        <middleName />
        <identifiers>
          <bioguideId>K000367</bioguideId>
          <gpoId>8249</gpoId>
          <lisID>1826</lisID>
        </identifiers>
        <firstName>Amy</firstName>
        <isOriginalCosponsor>True</isOriginalCosponsor>
        <sponsorshipWithdrawnDate />
        <lastName>Klobuchar</lastName>
        <sponsorshipDate>2019-02-14</sponsorshipDate>
        <bioguideId>K000367</bioguideId>
        <fullName>Sen. Klobuchar, Amy [D-MN]</fullName>
        <party>D</party>
      </item>
      <item>
        <state>IL</state>
        <middleName>J.</middleName>
        <identifiers>
          <lisID>326</lisID>
          <bioguideId>D000563</bioguideId>
          <gpoId>8326</gpoId>
        </identifiers>
        <firstName>RICHARD</firstName>
        <isOriginalCosponsor>True</isOriginalCosponsor>
        <sponsorshipWithdrawnDate />
        <lastName>DURBIN</lastName>
        <sponsorshipDate>2019-02-14</sponsorshipDate>
        <bioguideId>D000563</bioguideId>
        <fullName>Sen. Durbin, Richard J. [D-IL]</fullName>
        <party>D</party>
      </item>
      <item>
        <state>IA</state>
        <middleName />
        <identifiers>
          <lisID>2283</lisID>
          <bioguideId>E000295</bioguideId>
          <gpoId />
        </identifiers>
        <firstName>Joni</firstName>
        <isOriginalCosponsor>True</isOriginalCosponsor>
        <sponsorshipWithdrawnDate />
        <lastName>Ernst</lastName>
        <sponsorshipDate>2019-02-14</sponsorshipDate>
        <bioguideId>E000295</bioguideId>
        <fullName>Sen. Ernst, Joni  [R-IA]</fullName>
        <party>R</party>
      </item>
    </cosponsors>
    <amendments />
    <originChamber>Senate</originChamber>
    <summaries>
      <billSummaries>
        <item>
          <actionDate>2019-02-14</actionDate>
          <updateDate>2019-02-14T05:00:00Z</updateDate>
          <name>Introduced in Senate</name>
          <text><![CDATA[<p>This resolution designates March 1, 2019, as National Speech and Debate Education Day.</p>]]></text>
          <versionCode>00</versionCode>
          <lastSummaryUpdateDate>2019-03-11T19:57:23Z</lastSummaryUpdateDate>
          <actionDesc>Introduced in Senate</actionDesc>
        </item>
      </billSummaries>
    </summaries>
  </bill>
  <dublinCore xmlns:dc="http://purl.org/dc/elements/1.1/">
    <dc:format>text/xml</dc:format>
    <dc:language>EN</dc:language>
    <dc:rights>Pursuant to Title 17 Section 105 of the United States Code, this file is not subject to copyright protection and is in the public domain.</dc:rights>
    <dc:contributor>Congressional Research Service, Library of Congress</dc:contributor>
    <dc:description>This file contains bill summaries and statuses for federal legislation. A bill summary describes the most significant provisions of a piece of legislation and details the effects the legislative text may have on current law and federal programs. Bill summaries are authored by the Congressional Research Service (CRS) of the Library of Congress. As stated in Public Law 91-510 (2 USC 166 (d)(6)), one of the duties of CRS is "to prepare summaries and digests of bills and resolutions of a public general nature introduced in the Senate or House of Representatives". For more information, refer to the User Guide that accompanies this file.</dc:description>
  </dublinCore>
</billStatus>

