<?xml version="1.0" encoding="UTF-8"?>
<billStatus>
  <bill>
    <updateDate>2019-06-08T04:27:23Z</updateDate>
    <sponsors>
      <item>
        <party>D</party>
        <byRequestType />
        <bioguideId>B000944</bioguideId>
        <fullName>Sen. Brown, Sherrod [D-OH]</fullName>
        <lastName>Brown</lastName>
        <state>OH</state>
        <firstName>Sherrod</firstName>
        <middleName />
        <identifiers>
          <lisID>136</lisID>
          <gpoId>8309</gpoId>
          <bioguideId>B000944</bioguideId>
        </identifiers>
      </item>
    </sponsors>
    <cboCostEstimates />
    <originChamber>Senate</originChamber>
    <latestAction>
      <text>Submitted in the Senate, considered, and agreed to without amendment and with a preamble by Unanimous Consent. (consideration: CR S2282; text: CR S2280)</text>
      <actionDate>2019-04-04</actionDate>
      <links />
    </latestAction>
    <congress>116</congress>
    <committees>
      <billCommittees />
    </committees>
    <calendarNumbers />
    <textVersions>
      <item>
        <formats>
          <item>
            <url>https://www.govinfo.gov/content/pkg/BILLS-116sres145ats/xml/BILLS-116sres145ats.xml</url>
          </item>
        </formats>
        <date>2019-04-04T04:00:00Z</date>
        <type>Agreed to Senate</type>
      </item>
    </textVersions>
    <billType>SRES</billType>
    <billNumber>145</billNumber>
    <laws />
    <cosponsors>
      <item>
        <party>R</party>
        <fullName>Sen. Portman, Rob [R-OH]</fullName>
        <bioguideId>P000449</bioguideId>
        <lastName>PORTMAN</lastName>
        <sponsorshipDate>2019-04-04</sponsorshipDate>
        <state>OH</state>
        <firstName>ROB</firstName>
        <middleName />
        <isOriginalCosponsor>True</isOriginalCosponsor>
        <sponsorshipWithdrawnDate />
        <identifiers>
          <lisID>924</lisID>
          <bioguideId>P000449</bioguideId>
          <gpoId>8266</gpoId>
        </identifiers>
      </item>
    </cosponsors>
    <subjects>
      <billSubjects>
        <policyArea>
          <name>Arts, Culture, Religion</name>
        </policyArea>
        <legislativeSubjects>
          <item>
            <name>Commemorative events and holidays</name>
          </item>
          <item>
            <name>Congressional tributes</name>
          </item>
          <item>
            <name>Religion</name>
          </item>
          <item>
            <name>U.S. history</name>
          </item>
        </legislativeSubjects>
      </billSubjects>
    </subjects>
    <amendments />
    <summaries>
      <billSummaries>
        <item>
          <actionDate>2019-04-04</actionDate>
          <actionDesc>Introduced in Senate</actionDesc>
          <name>Introduced in Senate</name>
          <lastSummaryUpdateDate>2019-06-05T15:26:16Z</lastSummaryUpdateDate>
          <updateDate>2019-04-04T04:00:00Z</updateDate>
          <versionCode>00</versionCode>
          <text><![CDATA[<p>This resolution recognizes March 29, 2019, as the bicentennial of the birth of Rabbi Isaac Mayer Wise, founder of the Central Conference of American Rabbis and the organizations now known as the Union for Reform Judaism and the Hebrew Union College-Jewish Institute of Religion. </p> <p>The resolution recognizes the outstanding accomplishments of Rabbi Wise. </p> <p>It congratulates the Central Conference of American Rabbis on the 130th anniversary of its founding. </p>]]></text>
        </item>
      </billSummaries>
    </summaries>
    <createDate>2019-04-05T04:42:07Z</createDate>
    <notes />
    <committeeReports />
    <recordedVotes />
    <introducedDate>2019-04-04</introducedDate>
    <actions>
      <item>
        <actionDate>2019-04-04</actionDate>
        <committee />
        <links>
          <link>
            <url>https://www.congress.gov/congressional-record/volume-165/senate-section/page/S2280</url>
            <name>S2280</name>
          </link>
          <link>
            <url>https://www.congress.gov/congressional-record/volume-165/senate-section/page/S2282</url>
            <name>S2282</name>
          </link>
        </links>
        <sourceSystem>
          <code>0</code>
          <name>Senate</name>
        </sourceSystem>
        <text>Submitted in the Senate, considered, and agreed to without amendment and with a preamble by Unanimous Consent. (consideration: CR S2282; text: CR S2280)</text>
        <type>Floor</type>
      </item>
      <item>
        <text>Passed/agreed to in Senate: Submitted in the Senate, considered, and agreed to without amendment and with a preamble by Unanimous Consent.(consideration: CR S2282; text: CR S2280)</text>
        <actionDate>2019-04-04</actionDate>
        <links>
          <link>
            <url>https://www.congress.gov/congressional-record/volume-165/senate-section/page/S2280</url>
            <name>S2280</name>
          </link>
          <link>
            <url>https://www.congress.gov/congressional-record/volume-165/senate-section/page/S2282</url>
            <name>S2282</name>
          </link>
        </links>
        <type>Floor</type>
        <committee />
        <actionCode>17000</actionCode>
        <sourceSystem>
          <code>9</code>
          <name>Library of Congress</name>
        </sourceSystem>
      </item>
      <item>
        <text>Introduced in Senate</text>
        <actionDate>2019-04-04</actionDate>
        <links />
        <type>IntroReferral</type>
        <committee />
        <actionCode>10000</actionCode>
        <sourceSystem>
          <code>9</code>
          <name>Library of Congress</name>
        </sourceSystem>
      </item>
      <actionTypeCounts>
        <passedOrAgreedToInSenateDayOf>1</passedOrAgreedToInSenateDayOf>
        <introducedInSenate>1</introducedInSenate>
        <passedAgreedToInSenate>1</passedAgreedToInSenate>
      </actionTypeCounts>
      <actionByCounts>
        <senate>3</senate>
      </actionByCounts>
    </actions>
    <title>A resolution commemorating the bicentennial of the birth of Rabbi Isaac Mayer Wise and the 130th anniversary of the founding of the Central Conference of American Rabbis.</title>
    <version>1.0.0</version>
    <policyArea>
      <name>Arts, Culture, Religion</name>
    </policyArea>
    <relatedBills />
    <titles>
      <item>
        <titleType>Official Title as Introduced</titleType>
        <parentTitleType />
        <chamberCode />
        <chamberName />
        <title>A resolution commemorating the bicentennial of the birth of Rabbi Isaac Mayer Wise and the 130th anniversary of the founding of the Central Conference of American Rabbis.</title>
      </item>
      <item>
        <titleType>Display Title</titleType>
        <parentTitleType />
        <chamberCode />
        <chamberName />
        <title>A resolution commemorating the bicentennial of the birth of Rabbi Isaac Mayer Wise and the 130th anniversary of the founding of the Central Conference of American Rabbis.</title>
      </item>
    </titles>
  </bill>
  <dublinCore xmlns:dc="http://purl.org/dc/elements/1.1/">
    <dc:format>text/xml</dc:format>
    <dc:language>EN</dc:language>
    <dc:rights>Pursuant to Title 17 Section 105 of the United States Code, this file is not subject to copyright protection and is in the public domain.</dc:rights>
    <dc:contributor>Congressional Research Service, Library of Congress</dc:contributor>
    <dc:description>This file contains bill summaries and statuses for federal legislation. A bill summary describes the most significant provisions of a piece of legislation and details the effects the legislative text may have on current law and federal programs. Bill summaries are authored by the Congressional Research Service (CRS) of the Library of Congress. As stated in Public Law 91-510 (2 USC 166 (d)(6)), one of the duties of CRS is "to prepare summaries and digests of bills and resolutions of a public general nature introduced in the Senate or House of Representatives". For more information, refer to the User Guide that accompanies this file.</dc:description>
  </dublinCore>
</billStatus>

