<?xml version="1.0" encoding="UTF-8"?>
<billStatus>
  <bill>
    <introducedDate>2019-03-12</introducedDate>
    <version>1.0.0</version>
    <policyArea>
      <name>Congress</name>
    </policyArea>
    <latestAction>
      <actionDate>2019-03-12</actionDate>
      <text>Submitted in the Senate, considered, and agreed to without amendment and with a preamble by Unanimous Consent. (consideration: CR S1799; text: CR S1798)</text>
      <links />
    </latestAction>
    <cosponsors>
      <item>
        <firstName>CHARLES</firstName>
        <isOriginalCosponsor>True</isOriginalCosponsor>
        <identifiers>
          <bioguideId>S000148</bioguideId>
          <gpoId>8279</gpoId>
          <lisID>1036</lisID>
        </identifiers>
        <bioguideId>S000148</bioguideId>
        <party>D</party>
        <sponsorshipWithdrawnDate />
        <lastName>SCHUMER</lastName>
        <fullName>Sen. Schumer, Charles E. [D-NY]</fullName>
        <state>NY</state>
        <middleName>E.</middleName>
        <sponsorshipDate>2019-03-12</sponsorshipDate>
      </item>
    </cosponsors>
    <cboCostEstimates />
    <relatedBills />
    <congress>116</congress>
    <committees>
      <billCommittees />
    </committees>
    <textVersions>
      <item>
        <type>Agreed to Senate</type>
        <formats>
          <item>
            <url>https://www.govinfo.gov/content/pkg/BILLS-116sres107ats/xml/BILLS-116sres107ats.xml</url>
          </item>
        </formats>
        <date>2019-03-12T04:00:00Z</date>
      </item>
    </textVersions>
    <title>A resolution to authorize testimony and representation in United States v. Taubert.</title>
    <billType>SRES</billType>
    <actions>
      <actionByCounts>
        <senate>3</senate>
      </actionByCounts>
      <actionTypeCounts>
        <passedAgreedToInSenate>1</passedAgreedToInSenate>
        <introducedInSenate>1</introducedInSenate>
        <passedOrAgreedToInSenateDayOf>1</passedOrAgreedToInSenateDayOf>
      </actionTypeCounts>
      <item>
        <actionDate>2019-03-12</actionDate>
        <committee />
        <links>
          <link>
            <name>S1798</name>
            <url>https://www.congress.gov/congressional-record/volume-165/senate-section/page/S1798</url>
          </link>
          <link>
            <name>S1799</name>
            <url>https://www.congress.gov/congressional-record/volume-165/senate-section/page/S1799</url>
          </link>
        </links>
        <sourceSystem>
          <name>Senate</name>
          <code>0</code>
        </sourceSystem>
        <text>Submitted in the Senate, considered, and agreed to without amendment and with a preamble by Unanimous Consent. (consideration: CR S1799; text: CR S1798)</text>
        <type>Floor</type>
      </item>
      <item>
        <actionDate>2019-03-12</actionDate>
        <text>Passed/agreed to in Senate: Submitted in the Senate, considered, and agreed to without amendment and with a preamble by Unanimous Consent.(consideration: CR S1799; text: CR S1798)</text>
        <type>Floor</type>
        <actionCode>17000</actionCode>
        <links>
          <link>
            <name>S1798</name>
            <url>https://www.congress.gov/congressional-record/volume-165/senate-section/page/S1798</url>
          </link>
          <link>
            <name>S1799</name>
            <url>https://www.congress.gov/congressional-record/volume-165/senate-section/page/S1799</url>
          </link>
        </links>
        <sourceSystem>
          <name>Library of Congress</name>
          <code>9</code>
        </sourceSystem>
        <committee />
      </item>
      <item>
        <actionDate>2019-03-12</actionDate>
        <text>Introduced in Senate</text>
        <type>IntroReferral</type>
        <actionCode>10000</actionCode>
        <links />
        <sourceSystem>
          <name>Library of Congress</name>
          <code>9</code>
        </sourceSystem>
        <committee />
      </item>
    </actions>
    <notes />
    <billNumber>107</billNumber>
    <originChamber>Senate</originChamber>
    <recordedVotes />
    <titles>
      <item>
        <title>A resolution to authorize testimony and representation in United States v. Taubert.</title>
        <titleType>Official Title as Introduced</titleType>
        <parentTitleType />
        <chamberCode />
        <chamberName />
      </item>
      <item>
        <title>A resolution to authorize testimony and representation in United States v. Taubert.</title>
        <titleType>Display Title</titleType>
        <parentTitleType />
        <chamberCode />
        <chamberName />
      </item>
    </titles>
    <subjects>
      <billSubjects>
        <policyArea>
          <name>Congress</name>
        </policyArea>
        <legislativeSubjects>
          <item>
            <name>Congressional officers and employees</name>
          </item>
          <item>
            <name>Criminal investigation, prosecution, interrogation</name>
          </item>
          <item>
            <name>Evidence and witnesses</name>
          </item>
          <item>
            <name>Legislative rules and procedure</name>
          </item>
          <item>
            <name>Members of Congress</name>
          </item>
          <item>
            <name>New York State</name>
          </item>
          <item>
            <name>Senate</name>
          </item>
        </legislativeSubjects>
      </billSubjects>
    </subjects>
    <calendarNumbers />
    <summaries>
      <billSummaries>
        <item>
          <versionCode>00</versionCode>
          <lastSummaryUpdateDate>2019-06-21T20:16:46Z</lastSummaryUpdateDate>
          <text><![CDATA[<p> This resolution authorizes (1) Erin Kurvers, a former employee of the Office of Senator Al Franken, and any other former employee of the Senator's office from whom relevant testimony may be necessary, to testify in the case of <i>United States v. Taubert</i>, except concerning matters for which a privilege should be asserted; and (2) the Senate Legal Counsel to represent Senator Franken and such former employees in connection with this case.</p>]]></text>
          <actionDate>2019-03-12</actionDate>
          <updateDate>2019-03-12T04:00:00Z</updateDate>
          <name>Introduced in Senate</name>
          <actionDesc>Introduced in Senate</actionDesc>
        </item>
        <item>
          <versionCode>55</versionCode>
          <lastSummaryUpdateDate>2019-06-21T20:16:38Z</lastSummaryUpdateDate>
          <text><![CDATA[<p> This resolution authorizes (1) Erin Kurvers, a former employee of the Office of Senator Al Franken, and any other former employee of the Senator's office from whom relevant testimony may be necessary, to testify in the case of <i>United States v. Taubert</i>, except concerning matters for which a privilege should be asserted; and (2) the Senate Legal Counsel to represent Senator Franken and such former employees in connection with this case.</p>]]></text>
          <actionDate>2019-03-12</actionDate>
          <updateDate>2019-03-12T12:45:58Z</updateDate>
          <name>Passed Senate</name>
          <actionDesc>Passed Senate</actionDesc>
        </item>
      </billSummaries>
    </summaries>
    <sponsors>
      <item>
        <party>R</party>
        <fullName>Sen. McConnell, Mitch [R-KY]</fullName>
        <lastName>MCCONNELL</lastName>
        <state>KY</state>
        <byRequestType />
        <middleName />
        <bioguideId>M000355</bioguideId>
        <identifiers>
          <lisID>1395</lisID>
          <bioguideId>M000355</bioguideId>
          <gpoId>8254</gpoId>
        </identifiers>
        <firstName>MITCH</firstName>
      </item>
    </sponsors>
    <laws />
    <updateDate>2019-06-29T03:32:13Z</updateDate>
    <amendments />
    <committeeReports />
    <createDate>2019-03-13T04:27:06Z</createDate>
  </bill>
  <dublinCore xmlns:dc="http://purl.org/dc/elements/1.1/">
    <dc:format>text/xml</dc:format>
    <dc:language>EN</dc:language>
    <dc:rights>Pursuant to Title 17 Section 105 of the United States Code, this file is not subject to copyright protection and is in the public domain.</dc:rights>
    <dc:contributor>Congressional Research Service, Library of Congress</dc:contributor>
    <dc:description>This file contains bill summaries and statuses for federal legislation. A bill summary describes the most significant provisions of a piece of legislation and details the effects the legislative text may have on current law and federal programs. Bill summaries are authored by the Congressional Research Service (CRS) of the Library of Congress. As stated in Public Law 91-510 (2 USC 166 (d)(6)), one of the duties of CRS is "to prepare summaries and digests of bills and resolutions of a public general nature introduced in the Senate or House of Representatives". For more information, refer to the User Guide that accompanies this file.</dc:description>
  </dublinCore>
</billStatus>

