<?xml version="1.0" encoding="UTF-8"?>
<billStatus>
  <bill>
    <latestAction>
      <text>Referred to the Committee on Rules and Administration. (text: CR S1139-1140)</text>
      <links />
      <actionDate>2019-02-07</actionDate>
    </latestAction>
    <cboCostEstimates />
    <actions>
      <actionByCounts>
        <senate>4</senate>
      </actionByCounts>
      <item>
        <actionDate>2019-02-07</actionDate>
        <committee>
          <systemCode>ssra00</systemCode>
          <name>Rules and Administration Committee</name>
        </committee>
        <links>
          <link>
            <name>S1139-1140</name>
            <url>https://www.congress.gov/congressional-record/volume-165/senate-section/page/S1139-1140</url>
          </link>
        </links>
        <sourceSystem>
          <code>0</code>
          <name>Senate</name>
        </sourceSystem>
        <text>Referred to the Committee on Rules and Administration. (text: CR S1139-1140)</text>
        <type>IntroReferral</type>
      </item>
      <item>
        <actionDate>2019-02-07</actionDate>
        <committee>
          <systemCode>ssju00</systemCode>
          <name>Judiciary Committee</name>
        </committee>
        <links />
        <sourceSystem>
          <code>0</code>
          <name>Senate</name>
        </sourceSystem>
        <text>Committee on the Judiciary. Original measure reported to Senate by Senator Graham. Without written report.</text>
        <type>Committee</type>
      </item>
      <item>
        <text>Committee on the Judiciary. Original measure reported to Senate by Senator Graham. Without written report.</text>
        <actionDate>2019-02-07</actionDate>
        <committee>
          <systemCode>ssju00</systemCode>
          <name>Judiciary Committee</name>
        </committee>
        <actionCode>14000</actionCode>
        <links />
        <sourceSystem>
          <code>9</code>
          <name>Library of Congress</name>
        </sourceSystem>
        <type>Committee</type>
      </item>
      <item>
        <text>Introduced in Senate</text>
        <actionDate>2019-02-07</actionDate>
        <committee />
        <actionCode>10000</actionCode>
        <links />
        <sourceSystem>
          <code>9</code>
          <name>Library of Congress</name>
        </sourceSystem>
        <type>IntroReferral</type>
      </item>
      <actionTypeCounts>
        <referredToCommittee>1</referredToCommittee>
        <introducedInSenate>1</introducedInSenate>
        <originalBillReported>1</originalBillReported>
        <reportedToSenate>1</reportedToSenate>
      </actionTypeCounts>
    </actions>
    <recordedVotes />
    <policyArea>
      <name>Congress</name>
    </policyArea>
    <committees>
      <billCommittees>
        <item>
          <type>Standing</type>
          <activities>
            <item>
              <date>2019-02-07T21:57:55Z</date>
              <name>Referred to</name>
            </item>
          </activities>
          <subcommittees />
          <systemCode>ssra00</systemCode>
          <name>Rules and Administration Committee</name>
          <chamber>Senate</chamber>
        </item>
        <item>
          <type>Standing</type>
          <activities>
            <item>
              <date>2019-02-07T21:57:36Z</date>
              <name>Reported original measure</name>
            </item>
          </activities>
          <subcommittees />
          <systemCode>ssju00</systemCode>
          <name>Judiciary Committee</name>
          <chamber>Senate</chamber>
        </item>
      </billCommittees>
    </committees>
    <billType>SRES</billType>
    <createDate>2019-02-08T05:55:23Z</createDate>
    <textVersions>
      <item>
        <type>Introduced in Senate</type>
        <formats>
          <item>
            <url>https://www.govinfo.gov/content/pkg/BILLS-116sres57is/xml/BILLS-116sres57is.xml</url>
          </item>
        </formats>
        <date>2019-02-07T05:00:00Z</date>
      </item>
    </textVersions>
    <calendarNumbers />
    <summaries>
      <billSummaries>
        <item>
          <actionDesc>Introduced in Senate</actionDesc>
          <versionCode>00</versionCode>
          <updateDate>2019-02-07T05:00:00Z</updateDate>
          <name>Introduced in Senate</name>
          <actionDate>2019-02-07</actionDate>
          <text><![CDATA[<p>This resolution authorizes expenditures by the Senate Committee on the Judiciary for the 116th Congress.</p>]]></text>
          <lastSummaryUpdateDate>2019-04-04T21:06:36Z</lastSummaryUpdateDate>
        </item>
        <item>
          <actionDesc>Reported to Senate</actionDesc>
          <versionCode>25</versionCode>
          <updateDate>2019-02-07T21:57:36Z</updateDate>
          <name>Reported to Senate</name>
          <actionDate>2019-02-07</actionDate>
          <text><![CDATA[<p>This resolution authorizes expenditures by the Senate Committee on the Judiciary for the 116th Congress.</p>]]></text>
          <lastSummaryUpdateDate>2019-04-04T21:06:28Z</lastSummaryUpdateDate>
        </item>
      </billSummaries>
    </summaries>
    <introducedDate>2019-02-07</introducedDate>
    <subjects>
      <billSubjects>
        <legislativeSubjects>
          <item>
            <name>Congressional committees</name>
          </item>
          <item>
            <name>Senate Committee on the Judiciary</name>
          </item>
        </legislativeSubjects>
        <policyArea>
          <name>Congress</name>
        </policyArea>
      </billSubjects>
    </subjects>
    <updateDate>2019-04-11T15:42:27Z</updateDate>
    <cosponsors />
    <amendments />
    <laws />
    <titles>
      <item>
        <titleType>Official Title as Introduced</titleType>
        <title>An original resolution authorizing expenditures by the Committee on the Judiciary.</title>
        <parentTitleType />
        <chamberCode />
        <chamberName />
      </item>
      <item>
        <titleType>Display Title</titleType>
        <title>An original resolution authorizing expenditures by the Committee on the Judiciary.</title>
        <parentTitleType />
        <chamberCode />
        <chamberName />
      </item>
    </titles>
    <notes />
    <relatedBills />
    <committeeReports />
    <title>An original resolution authorizing expenditures by the Committee on the Judiciary.</title>
    <originChamber>Senate</originChamber>
    <billNumber>57</billNumber>
    <sponsors>
      <item>
        <lastName>GRAHAM</lastName>
        <party>R</party>
        <bioguideId>G000359</bioguideId>
        <state>SC</state>
        <middleName>O.</middleName>
        <identifiers>
          <lisID>452</lisID>
          <gpoId>8335</gpoId>
          <bioguideId>G000359</bioguideId>
        </identifiers>
        <byRequestType />
        <fullName>Sen. Graham, Lindsey [R-SC]</fullName>
        <firstName>LINDSEY</firstName>
      </item>
    </sponsors>
    <version>1.0.0</version>
    <congress>116</congress>
  </bill>
  <dublinCore xmlns:dc="http://purl.org/dc/elements/1.1/">
    <dc:format>text/xml</dc:format>
    <dc:language>EN</dc:language>
    <dc:rights>Pursuant to Title 17 Section 105 of the United States Code, this file is not subject to copyright protection and is in the public domain.</dc:rights>
    <dc:contributor>Congressional Research Service, Library of Congress</dc:contributor>
    <dc:description>This file contains bill summaries and statuses for federal legislation. A bill summary describes the most significant provisions of a piece of legislation and details the effects the legislative text may have on current law and federal programs. Bill summaries are authored by the Congressional Research Service (CRS) of the Library of Congress. As stated in Public Law 91-510 (2 USC 166 (d)(6)), one of the duties of CRS is "to prepare summaries and digests of bills and resolutions of a public general nature introduced in the Senate or House of Representatives". For more information, refer to the User Guide that accompanies this file.</dc:description>
  </dublinCore>
</billStatus>

