<?xml version="1.0" encoding="UTF-8"?>
<billStatus>
  <bill>
    <policyArea>
      <name>International Affairs</name>
    </policyArea>
    <relatedBills />
    <introducedDate>2019-07-11</introducedDate>
    <committeeReports />
    <amendments />
    <textVersions>
      <item>
        <type>Introduced in Senate</type>
        <date>2019-07-11T04:00:00Z</date>
        <formats>
          <item>
            <url>https://www.govinfo.gov/content/pkg/BILLS-116sres274is/xml/BILLS-116sres274is.xml</url>
          </item>
        </formats>
      </item>
    </textVersions>
    <cboCostEstimates />
    <subjects>
      <billSubjects>
        <policyArea>
          <name>International Affairs</name>
        </policyArea>
        <legislativeSubjects>
          <item>
            <name>Asia</name>
          </item>
          <item>
            <name>China</name>
          </item>
          <item>
            <name>Detention of persons</name>
          </item>
          <item>
            <name>Government studies and investigations</name>
          </item>
          <item>
            <name>Human rights</name>
          </item>
          <item>
            <name>Organ and tissue donation and transplantation</name>
          </item>
          <item>
            <name>Protest and dissent</name>
          </item>
          <item>
            <name>Religion</name>
          </item>
        </legislativeSubjects>
      </billSubjects>
    </subjects>
    <laws />
    <calendarNumbers />
    <notes />
    <actions>
      <actionTypeCounts>
        <referredToCommittee>1</referredToCommittee>
        <introducedInSenate>1</introducedInSenate>
      </actionTypeCounts>
      <item>
        <actionDate>2019-07-11</actionDate>
        <committee>
          <name>Foreign Relations Committee</name>
          <systemCode>ssfr00</systemCode>
        </committee>
        <links>
          <link>
            <name>S4809-4810</name>
            <url>https://www.congress.gov/congressional-record/volume-165/senate-section/page/S4809-4810</url>
          </link>
        </links>
        <sourceSystem>
          <name>Senate</name>
          <code>0</code>
        </sourceSystem>
        <text>Referred to the Committee on Foreign Relations. (text: CR S4809-4810)</text>
        <type>IntroReferral</type>
      </item>
      <item>
        <links />
        <sourceSystem>
          <name>Library of Congress</name>
          <code>9</code>
        </sourceSystem>
        <committee />
        <actionCode>10000</actionCode>
        <text>Introduced in Senate</text>
        <actionDate>2019-07-11</actionDate>
        <type>IntroReferral</type>
      </item>
      <actionByCounts>
        <senate>2</senate>
      </actionByCounts>
    </actions>
    <originChamber>Senate</originChamber>
    <committees>
      <billCommittees>
        <item>
          <type>Standing</type>
          <name>Foreign Relations Committee</name>
          <activities>
            <item>
              <date>2019-07-11T18:27:16Z</date>
              <name>Referred to</name>
            </item>
          </activities>
          <subcommittees />
          <systemCode>ssfr00</systemCode>
          <chamber>Senate</chamber>
        </item>
      </billCommittees>
    </committees>
    <titles>
      <item>
        <chamberName />
        <title>A resolution expressing solidarity with Falun Gong practitioners who have lost lives, freedoms, and other rights for adhering to their beliefs and practices, and condemning the practice of non-consenting organ harvesting, and for other purposes.</title>
        <parentTitleType />
        <titleType>Official Title as Introduced</titleType>
        <chamberCode />
      </item>
      <item>
        <chamberName />
        <title>A resolution expressing solidarity with Falun Gong practitioners who have lost lives, freedoms, and other rights for adhering to their beliefs and practices, and condemning the practice of non-consenting organ harvesting, and for other purposes.</title>
        <parentTitleType />
        <titleType>Display Title</titleType>
        <chamberCode />
      </item>
    </titles>
    <summaries>
      <billSummaries />
    </summaries>
    <recordedVotes />
    <title>A resolution expressing solidarity with Falun Gong practitioners who have lost lives, freedoms, and other rights for adhering to their beliefs and practices, and condemning the practice of non-consenting organ harvesting, and for other purposes.</title>
    <sponsors>
      <item>
        <party>D</party>
        <state>NJ</state>
        <identifiers>
          <bioguideId>M000639</bioguideId>
          <lisID>791</lisID>
          <gpoId>8239</gpoId>
        </identifiers>
        <middleName />
        <byRequestType />
        <bioguideId>M000639</bioguideId>
        <firstName>Robert</firstName>
        <fullName>Sen. Menendez, Robert [D-NJ]</fullName>
        <lastName>Menendez</lastName>
      </item>
    </sponsors>
    <cosponsors>
      <item>
        <party>R</party>
        <lastName>Moran</lastName>
        <firstName>Jerry</firstName>
        <bioguideId>M000934</bioguideId>
        <state>KS</state>
        <sponsorshipDate>2019-07-11</sponsorshipDate>
        <fullName>Sen. Moran, Jerry [R-KS]</fullName>
        <identifiers>
          <bioguideId>M000934</bioguideId>
          <lisID>1507</lisID>
          <gpoId>8307</gpoId>
        </identifiers>
        <middleName />
        <sponsorshipWithdrawnDate />
        <isOriginalCosponsor>True</isOriginalCosponsor>
      </item>
      <item>
        <party>D</party>
        <lastName>LEAHY</lastName>
        <firstName>PATRICK</firstName>
        <bioguideId>L000174</bioguideId>
        <state>VT</state>
        <sponsorshipDate>2019-07-11</sponsorshipDate>
        <fullName>Sen. Leahy, Patrick J. [D-VT]</fullName>
        <identifiers>
          <bioguideId>L000174</bioguideId>
          <gpoId>8244</gpoId>
          <lisID>1383</lisID>
        </identifiers>
        <middleName>JOSEPH</middleName>
        <sponsorshipWithdrawnDate />
        <isOriginalCosponsor>True</isOriginalCosponsor>
      </item>
      <item>
        <party>R</party>
        <lastName>Tillis</lastName>
        <firstName>Thomas</firstName>
        <bioguideId>T000476</bioguideId>
        <state>NC</state>
        <sponsorshipDate>2019-07-11</sponsorshipDate>
        <fullName>Sen. Tillis, Thom [R-NC]</fullName>
        <identifiers>
          <bioguideId>T000476</bioguideId>
          <gpoId />
          <lisID>2291</lisID>
        </identifiers>
        <middleName>Roland</middleName>
        <sponsorshipWithdrawnDate />
        <isOriginalCosponsor>True</isOriginalCosponsor>
      </item>
      <item>
        <party>D</party>
        <lastName>Coons</lastName>
        <firstName>Christopher</firstName>
        <bioguideId>C001088</bioguideId>
        <state>DE</state>
        <sponsorshipDate>2019-07-11</sponsorshipDate>
        <fullName>Sen. Coons, Christopher A. [D-DE]</fullName>
        <identifiers>
          <lisID>1984</lisID>
          <gpoId>8297</gpoId>
          <bioguideId>C001088</bioguideId>
        </identifiers>
        <middleName>A.</middleName>
        <sponsorshipWithdrawnDate />
        <isOriginalCosponsor>True</isOriginalCosponsor>
      </item>
      <item>
        <party>D</party>
        <lastName>Brown</lastName>
        <firstName>Sherrod</firstName>
        <bioguideId>B000944</bioguideId>
        <state>OH</state>
        <sponsorshipDate>2019-07-11</sponsorshipDate>
        <fullName>Sen. Brown, Sherrod [D-OH]</fullName>
        <identifiers>
          <lisID>136</lisID>
          <gpoId>8309</gpoId>
          <bioguideId>B000944</bioguideId>
        </identifiers>
        <middleName />
        <sponsorshipWithdrawnDate />
        <isOriginalCosponsor>True</isOriginalCosponsor>
      </item>
      <item>
        <party>D</party>
        <lastName>Baldwin</lastName>
        <firstName>Tammy</firstName>
        <bioguideId>B001230</bioguideId>
        <state>WI</state>
        <sponsorshipDate>2019-07-11</sponsorshipDate>
        <fullName>Sen. Baldwin, Tammy [D-WI]</fullName>
        <identifiers>
          <lisID>1558</lisID>
          <gpoId>8215</gpoId>
          <bioguideId>B001230</bioguideId>
        </identifiers>
        <middleName />
        <sponsorshipWithdrawnDate />
        <isOriginalCosponsor>True</isOriginalCosponsor>
      </item>
      <item>
        <party>D</party>
        <lastName>MARKEY</lastName>
        <firstName>EDWARD</firstName>
        <bioguideId>M000133</bioguideId>
        <state>MA</state>
        <sponsorshipDate>2019-07-11</sponsorshipDate>
        <fullName>Sen. Markey, Edward J. [D-MA]</fullName>
        <identifiers>
          <lisID>735</lisID>
          <gpoId>7972</gpoId>
          <bioguideId>M000133</bioguideId>
        </identifiers>
        <middleName>J.</middleName>
        <sponsorshipWithdrawnDate />
        <isOriginalCosponsor>True</isOriginalCosponsor>
      </item>
      <item>
        <party>D</party>
        <lastName>Casey</lastName>
        <firstName>Bob</firstName>
        <bioguideId>C001070</bioguideId>
        <state>PA</state>
        <sponsorshipDate>2019-07-11</sponsorshipDate>
        <fullName>Sen. Casey, Robert P., Jr. [D-PA]</fullName>
        <identifiers>
          <bioguideId>C001070</bioguideId>
          <gpoId>8282</gpoId>
          <lisID>1828</lisID>
        </identifiers>
        <middleName />
        <sponsorshipWithdrawnDate />
        <isOriginalCosponsor>True</isOriginalCosponsor>
      </item>
      <item>
        <party>R</party>
        <lastName>Rubio</lastName>
        <firstName>Marco</firstName>
        <bioguideId>R000595</bioguideId>
        <state>FL</state>
        <sponsorshipDate>2019-07-11</sponsorshipDate>
        <fullName>Sen. Rubio, Marco [R-FL]</fullName>
        <identifiers>
          <lisID>2084</lisID>
          <gpoId>8242</gpoId>
          <bioguideId>R000595</bioguideId>
        </identifiers>
        <middleName />
        <sponsorshipWithdrawnDate />
        <isOriginalCosponsor>True</isOriginalCosponsor>
      </item>
      <item>
        <party>R</party>
        <lastName>Cruz</lastName>
        <firstName>Ted</firstName>
        <bioguideId>C001098</bioguideId>
        <state>TX</state>
        <sponsorshipDate>2019-07-11</sponsorshipDate>
        <fullName>Sen. Cruz, Ted [R-TX]</fullName>
        <identifiers>
          <bioguideId>C001098</bioguideId>
          <lisID>2175</lisID>
          <gpoId />
        </identifiers>
        <middleName />
        <sponsorshipWithdrawnDate />
        <isOriginalCosponsor>True</isOriginalCosponsor>
      </item>
      <item>
        <party>I</party>
        <lastName>King</lastName>
        <firstName>Angus</firstName>
        <bioguideId>K000383</bioguideId>
        <state>ME</state>
        <sponsorshipDate>2019-07-11</sponsorshipDate>
        <fullName>Sen. King, Angus S., Jr. [I-ME]</fullName>
        <identifiers>
          <bioguideId>K000383</bioguideId>
          <gpoId />
          <lisID>2185</lisID>
        </identifiers>
        <middleName />
        <sponsorshipWithdrawnDate />
        <isOriginalCosponsor>True</isOriginalCosponsor>
      </item>
      <item>
        <party>R</party>
        <lastName>Boozman</lastName>
        <firstName>John</firstName>
        <bioguideId>B001236</bioguideId>
        <state>AR</state>
        <sponsorshipDate>2019-07-11</sponsorshipDate>
        <fullName>Sen. Boozman, John [R-AR]</fullName>
        <identifiers>
          <lisID>1687</lisID>
          <gpoId>8247</gpoId>
          <bioguideId>B001236</bioguideId>
        </identifiers>
        <middleName />
        <sponsorshipWithdrawnDate />
        <isOriginalCosponsor>True</isOriginalCosponsor>
      </item>
      <item>
        <party>D</party>
        <lastName>REED</lastName>
        <firstName>JOHN</firstName>
        <bioguideId>R000122</bioguideId>
        <state>RI</state>
        <sponsorshipDate>2019-07-11</sponsorshipDate>
        <fullName>Sen. Reed, Jack [D-RI]</fullName>
        <identifiers>
          <bioguideId>R000122</bioguideId>
          <gpoId>8272</gpoId>
          <lisID>949</lisID>
        </identifiers>
        <middleName>F.</middleName>
        <sponsorshipWithdrawnDate />
        <isOriginalCosponsor>True</isOriginalCosponsor>
      </item>
      <item>
        <party>R</party>
        <lastName>Cotton</lastName>
        <firstName>Tom</firstName>
        <bioguideId>C001095</bioguideId>
        <state>AR</state>
        <sponsorshipDate>2019-07-11</sponsorshipDate>
        <fullName>Sen. Cotton, Tom [R-AR]</fullName>
        <identifiers>
          <bioguideId>C001095</bioguideId>
          <lisID>2098</lisID>
          <gpoId />
        </identifiers>
        <middleName />
        <sponsorshipWithdrawnDate />
        <isOriginalCosponsor>True</isOriginalCosponsor>
      </item>
      <item>
        <party>R</party>
        <lastName>Cassidy</lastName>
        <firstName>Bill</firstName>
        <bioguideId>C001075</bioguideId>
        <state>LA</state>
        <sponsorshipDate>2019-07-11</sponsorshipDate>
        <fullName>Sen. Cassidy, Bill [R-LA]</fullName>
        <identifiers>
          <lisID>1925</lisID>
          <gpoId>7964</gpoId>
          <bioguideId>C001075</bioguideId>
        </identifiers>
        <middleName />
        <sponsorshipWithdrawnDate />
        <isOriginalCosponsor>True</isOriginalCosponsor>
      </item>
      <item>
        <party>R</party>
        <lastName>Kennedy</lastName>
        <firstName>John</firstName>
        <bioguideId>K000393</bioguideId>
        <state>LA</state>
        <sponsorshipDate>2019-07-15</sponsorshipDate>
        <fullName>Sen. Kennedy, John [R-LA]</fullName>
        <identifiers>
          <lisID>2303</lisID>
          <gpoId />
          <bioguideId>K000393</bioguideId>
        </identifiers>
        <middleName>Neely</middleName>
        <sponsorshipWithdrawnDate />
        <isOriginalCosponsor>False</isOriginalCosponsor>
      </item>
      <item>
        <party>R</party>
        <lastName>COLLINS</lastName>
        <firstName>SUSAN</firstName>
        <bioguideId>C001035</bioguideId>
        <state>ME</state>
        <sponsorshipDate>2019-07-17</sponsorshipDate>
        <fullName>Sen. Collins, Susan M. [R-ME]</fullName>
        <identifiers>
          <bioguideId>C001035</bioguideId>
          <gpoId>8291</gpoId>
          <lisID>1541</lisID>
        </identifiers>
        <middleName>MARGARET</middleName>
        <sponsorshipWithdrawnDate />
        <isOriginalCosponsor>False</isOriginalCosponsor>
      </item>
      <item>
        <party>D</party>
        <lastName>Peters</lastName>
        <firstName>Gary</firstName>
        <bioguideId>P000595</bioguideId>
        <state>MI</state>
        <sponsorshipDate>2019-07-17</sponsorshipDate>
        <fullName>Sen. Peters, Gary C. [D-MI]</fullName>
        <identifiers>
          <lisID>1929</lisID>
          <gpoId>7994</gpoId>
          <bioguideId>P000595</bioguideId>
        </identifiers>
        <middleName>C.</middleName>
        <sponsorshipWithdrawnDate />
        <isOriginalCosponsor>False</isOriginalCosponsor>
      </item>
      <item>
        <party>R</party>
        <lastName>Blunt</lastName>
        <firstName>Roy</firstName>
        <bioguideId>B000575</bioguideId>
        <state>MO</state>
        <sponsorshipDate>2019-07-22</sponsorshipDate>
        <fullName>Sen. Blunt, Roy [R-MO]</fullName>
        <identifiers>
          <bioguideId>B000575</bioguideId>
          <gpoId>8313</gpoId>
          <lisID>1464</lisID>
        </identifiers>
        <middleName />
        <sponsorshipWithdrawnDate />
        <isOriginalCosponsor>False</isOriginalCosponsor>
      </item>
      <item>
        <party>R</party>
        <lastName>ROBERTS</lastName>
        <firstName>PAT</firstName>
        <bioguideId>R000307</bioguideId>
        <state>KS</state>
        <sponsorshipDate>2019-07-29</sponsorshipDate>
        <fullName>Sen. Roberts, Pat [R-KS]</fullName>
        <identifiers>
          <lisID>968</lisID>
          <gpoId>8275</gpoId>
          <bioguideId>R000307</bioguideId>
        </identifiers>
        <middleName />
        <sponsorshipWithdrawnDate />
        <isOriginalCosponsor>False</isOriginalCosponsor>
      </item>
      <item>
        <party>R</party>
        <lastName>McSally</lastName>
        <firstName>Martha</firstName>
        <bioguideId>M001197</bioguideId>
        <state>AZ</state>
        <sponsorshipDate>2019-07-29</sponsorshipDate>
        <fullName>Sen. McSally, Martha [R-AZ]</fullName>
        <identifiers>
          <lisID>2225</lisID>
          <gpoId />
          <bioguideId>M001197</bioguideId>
        </identifiers>
        <middleName />
        <sponsorshipWithdrawnDate />
        <isOriginalCosponsor>False</isOriginalCosponsor>
      </item>
      <item>
        <party>R</party>
        <lastName>Braun</lastName>
        <firstName>Mike</firstName>
        <bioguideId>B001310</bioguideId>
        <state>IN</state>
        <sponsorshipDate>2019-07-31</sponsorshipDate>
        <fullName>Sen. Braun, Mike  [R-IN]</fullName>
        <identifiers>
          <lisID>2462</lisID>
          <gpoId />
          <bioguideId>B001310</bioguideId>
        </identifiers>
        <middleName />
        <sponsorshipWithdrawnDate />
        <isOriginalCosponsor>False</isOriginalCosponsor>
      </item>
      <item>
        <party>D</party>
        <lastName>Warren</lastName>
        <firstName>Elizabeth</firstName>
        <bioguideId>W000817</bioguideId>
        <state>MA</state>
        <sponsorshipDate>2019-09-10</sponsorshipDate>
        <fullName>Sen. Warren, Elizabeth [D-MA]</fullName>
        <identifiers>
          <lisID>2182</lisID>
          <gpoId />
          <bioguideId>W000817</bioguideId>
        </identifiers>
        <middleName>A.</middleName>
        <sponsorshipWithdrawnDate />
        <isOriginalCosponsor>False</isOriginalCosponsor>
      </item>
      <item>
        <party>D</party>
        <lastName>Kaine</lastName>
        <firstName>Timothy</firstName>
        <bioguideId>K000384</bioguideId>
        <state>VA</state>
        <sponsorshipDate>2019-09-10</sponsorshipDate>
        <fullName>Sen. Kaine, Tim [D-VA]</fullName>
        <identifiers>
          <lisID>2176</lisID>
          <gpoId />
          <bioguideId>K000384</bioguideId>
        </identifiers>
        <middleName />
        <sponsorshipWithdrawnDate />
        <isOriginalCosponsor>False</isOriginalCosponsor>
      </item>
      <item>
        <party>R</party>
        <lastName>Young</lastName>
        <firstName>Todd</firstName>
        <bioguideId>Y000064</bioguideId>
        <state>IN</state>
        <sponsorshipDate>2019-09-16</sponsorshipDate>
        <fullName>Sen. Young, Todd [R-IN]</fullName>
        <identifiers>
          <bioguideId>Y000064</bioguideId>
          <gpoId>7948</gpoId>
          <lisID>2019</lisID>
        </identifiers>
        <middleName />
        <sponsorshipWithdrawnDate />
        <isOriginalCosponsor>False</isOriginalCosponsor>
      </item>
      <item>
        <party>D</party>
        <lastName>STABENOW</lastName>
        <firstName>DEBORAH</firstName>
        <bioguideId>S000770</bioguideId>
        <state>MI</state>
        <sponsorshipDate>2019-09-17</sponsorshipDate>
        <fullName>Sen. Stabenow, Debbie [D-MI]</fullName>
        <identifiers>
          <lisID>1531</lisID>
          <gpoId>8261</gpoId>
          <bioguideId>S000770</bioguideId>
        </identifiers>
        <middleName>ANN</middleName>
        <sponsorshipWithdrawnDate />
        <isOriginalCosponsor>False</isOriginalCosponsor>
      </item>
      <item>
        <party>R</party>
        <lastName>WICKER</lastName>
        <firstName>ROGER</firstName>
        <bioguideId>W000437</bioguideId>
        <state>MS</state>
        <sponsorshipDate>2019-09-18</sponsorshipDate>
        <fullName>Sen. Wicker, Roger F. [R-MS]</fullName>
        <identifiers>
          <bioguideId>W000437</bioguideId>
          <gpoId>8263</gpoId>
          <lisID>1226</lisID>
        </identifiers>
        <middleName>F.</middleName>
        <sponsorshipWithdrawnDate />
        <isOriginalCosponsor>False</isOriginalCosponsor>
      </item>
      <item>
        <party>D</party>
        <lastName>Shaheen</lastName>
        <firstName>Jeanne</firstName>
        <bioguideId>S001181</bioguideId>
        <state>NH</state>
        <sponsorshipDate>2019-09-18</sponsorshipDate>
        <fullName>Sen. Shaheen, Jeanne [D-NH]</fullName>
        <identifiers>
          <bioguideId>S001181</bioguideId>
          <lisID>1901</lisID>
          <gpoId>8276</gpoId>
        </identifiers>
        <middleName />
        <sponsorshipWithdrawnDate />
        <isOriginalCosponsor>False</isOriginalCosponsor>
      </item>
      <item>
        <party>D</party>
        <lastName>CARPER</lastName>
        <firstName>THOMAS</firstName>
        <bioguideId>C000174</bioguideId>
        <state>DE</state>
        <sponsorshipDate>2019-10-22</sponsorshipDate>
        <fullName>Sen. Carper, Thomas R. [D-DE]</fullName>
        <identifiers>
          <lisID>179</lisID>
          <gpoId>8283</gpoId>
          <bioguideId>C000174</bioguideId>
        </identifiers>
        <middleName>R.</middleName>
        <sponsorshipWithdrawnDate />
        <isOriginalCosponsor>False</isOriginalCosponsor>
      </item>
    </cosponsors>
    <billNumber>274</billNumber>
    <congress>116</congress>
    <latestAction>
      <links />
      <actionDate>2019-07-11</actionDate>
      <text>Referred to the Committee on Foreign Relations. (text: CR S4809-4810)</text>
    </latestAction>
    <billType>SRES</billType>
    <updateDate>2019-11-15T21:56:32Z</updateDate>
    <createDate>2019-07-12T04:42:09Z</createDate>
    <version>1.0.0</version>
  </bill>
  <dublinCore xmlns:dc="http://purl.org/dc/elements/1.1/">
    <dc:format>text/xml</dc:format>
    <dc:language>EN</dc:language>
    <dc:rights>Pursuant to Title 17 Section 105 of the United States Code, this file is not subject to copyright protection and is in the public domain.</dc:rights>
    <dc:contributor>Congressional Research Service, Library of Congress</dc:contributor>
    <dc:description>This file contains bill summaries and statuses for federal legislation. A bill summary describes the most significant provisions of a piece of legislation and details the effects the legislative text may have on current law and federal programs. Bill summaries are authored by the Congressional Research Service (CRS) of the Library of Congress. As stated in Public Law 91-510 (2 USC 166 (d)(6)), one of the duties of CRS is "to prepare summaries and digests of bills and resolutions of a public general nature introduced in the Senate or House of Representatives". For more information, refer to the User Guide that accompanies this file.</dc:description>
  </dublinCore>
</billStatus>

