<?xml version="1.0" encoding="UTF-8"?>
<billStatus>
  <bill>
    <summaries>
      <billSummaries>
        <item>
          <actionDate>2019-04-30</actionDate>
          <versionCode>00</versionCode>
          <name>Introduced in Senate</name>
          <updateDate>2019-04-30T04:00:00Z</updateDate>
          <lastSummaryUpdateDate>2019-05-21T15:55:32Z</lastSummaryUpdateDate>
          <actionDesc>Introduced in Senate</actionDesc>
          <text><![CDATA[<p>This resolution (1) designates the week of June 1-June 9, 2019, as National Fishing and Boating Week; and (2)recognizes that the recreational boating community and the boating industry should be commended for their numerous contributions to the economy, the well-being of citizens, and responsible environmental stewardship of water resources.</p>]]></text>
        </item>
        <item>
          <actionDate>2019-06-05</actionDate>
          <versionCode>55</versionCode>
          <name>Passed Senate</name>
          <updateDate>2019-06-05T11:54:15Z</updateDate>
          <lastSummaryUpdateDate>2019-10-02T21:40:41Z</lastSummaryUpdateDate>
          <actionDesc>Passed Senate</actionDesc>
          <text><![CDATA[<p>This resolution (1) designates the week of June 1-June 9, 2019, as National Fishing and Boating Week; and (2)recognizes that the recreational boating community and the boating industry should be commended for their numerous contributions to the economy, the well-being of citizens, and responsible environmental stewardship of water resources.</p>]]></text>
        </item>
      </billSummaries>
    </summaries>
    <congress>116</congress>
    <titles>
      <item>
        <parentTitleType />
        <chamberCode />
        <title>A resolution expressing support for the designation of the week of June 1, 2019, through June 9, 2019, as "National Fishing and Boating Week".</title>
        <titleType>Official Title as Introduced</titleType>
        <chamberName />
      </item>
      <item>
        <parentTitleType />
        <chamberCode />
        <title>A resolution expressing support for the designation of the week of June 1, 2019, through June 9, 2019, as "National Fishing and Boating Week".</title>
        <titleType>Display Title</titleType>
        <chamberName />
      </item>
    </titles>
    <billType>SRES</billType>
    <updateDate>2019-11-15T21:55:29Z</updateDate>
    <title>A resolution expressing support for the designation of the week of June 1, 2019, through June 9, 2019, as "National Fishing and Boating Week".</title>
    <recordedVotes />
    <committees>
      <billCommittees>
        <item>
          <type>Standing</type>
          <subcommittees />
          <systemCode>sscm00</systemCode>
          <name>Commerce, Science, and Transportation Committee</name>
          <chamber>Senate</chamber>
          <activities>
            <item>
              <name>Discharged from</name>
              <date>2019-06-05T22:17:34Z</date>
            </item>
            <item>
              <name>Referred to</name>
              <date>2019-04-30T15:55:11Z</date>
            </item>
          </activities>
        </item>
      </billCommittees>
    </committees>
    <actions>
      <actionByCounts>
        <senate>6</senate>
      </actionByCounts>
      <item>
        <actionDate>2019-06-05</actionDate>
        <committee />
        <links>
          <link>
            <name>CR 04/30/2019 S2523</name>
            <url>https://www.congress.gov/congressional-record/volume-165/senate-section/page/S2523</url>
          </link>
        </links>
        <sourceSystem>
          <name>Senate</name>
          <code>0</code>
        </sourceSystem>
        <text>Resolution agreed to in Senate without amendment and with a preamble by Unanimous Consent. (text: CR 04/30/2019 S2523)</text>
        <type>Floor</type>
      </item>
      <item>
        <committee />
        <type>Floor</type>
        <actionDate>2019-06-05</actionDate>
        <actionCode>17000</actionCode>
        <text>Passed/agreed to in Senate: Resolution agreed to in Senate without amendment and with a preamble by Unanimous Consent.(text: CR 04/30/2019 S2523)</text>
        <links>
          <link>
            <name>CR 04/30/2019 S2523</name>
            <url>https://www.congress.gov/congressional-record/volume-165/senate-section/page/S2523</url>
          </link>
        </links>
        <sourceSystem>
          <name>Library of Congress</name>
          <code>9</code>
        </sourceSystem>
      </item>
      <item>
        <actionDate>2019-06-05</actionDate>
        <committee>
          <systemCode>sscm00</systemCode>
          <name>Commerce, Science, and Transportation Committee</name>
        </committee>
        <links>
          <link>
            <name>S3267-3268</name>
            <url>https://www.congress.gov/congressional-record/volume-165/senate-section/page/S3267-3268</url>
          </link>
        </links>
        <sourceSystem>
          <name>Senate</name>
          <code>0</code>
        </sourceSystem>
        <text>Senate Committee on Commerce, Science, and Transportation discharged by Unanimous Consent. (consideration: CR S3267-3268)</text>
        <type>Discharge</type>
      </item>
      <item>
        <committee>
          <systemCode>sscm00</systemCode>
          <name>Commerce, Science, and Transportation Committee</name>
        </committee>
        <text>Senate Committee on Commerce, Science, and Transportation discharged by Unanimous Consent.(consideration: CR S3267-3268)</text>
        <actionDate>2019-06-05</actionDate>
        <actionCode>14500</actionCode>
        <type>Committee</type>
        <links>
          <link>
            <name>S3267-3268</name>
            <url>https://www.congress.gov/congressional-record/volume-165/senate-section/page/S3267-3268</url>
          </link>
        </links>
        <sourceSystem>
          <name>Library of Congress</name>
          <code>9</code>
        </sourceSystem>
      </item>
      <item>
        <actionDate>2019-04-30</actionDate>
        <committee>
          <systemCode>sscm00</systemCode>
          <name>Commerce, Science, and Transportation Committee</name>
        </committee>
        <links />
        <sourceSystem>
          <name>Senate</name>
          <code>0</code>
        </sourceSystem>
        <text>Referred to the Committee on Commerce, Science, and Transportation.</text>
        <type>IntroReferral</type>
      </item>
      <item>
        <committee />
        <type>IntroReferral</type>
        <actionDate>2019-04-30</actionDate>
        <actionCode>10000</actionCode>
        <text>Introduced in Senate</text>
        <links />
        <sourceSystem>
          <name>Library of Congress</name>
          <code>9</code>
        </sourceSystem>
      </item>
      <actionTypeCounts>
        <senateCommitteeDischarged>1</senateCommitteeDischarged>
        <agreedToInSenate>1</agreedToInSenate>
        <passedAgreedToInSenate>1</passedAgreedToInSenate>
        <referredToCommittee>1</referredToCommittee>
        <introducedInSenate>1</introducedInSenate>
        <committeeDischarged>1</committeeDischarged>
      </actionTypeCounts>
    </actions>
    <createDate>2019-05-01T04:27:07Z</createDate>
    <policyArea>
      <name>Transportation and Public Works</name>
    </policyArea>
    <originChamber>Senate</originChamber>
    <committeeReports />
    <version>1.0.0</version>
    <textVersions>
      <item>
        <formats>
          <item>
            <url>https://www.govinfo.gov/content/pkg/BILLS-116sres174ats/xml/BILLS-116sres174ats.xml</url>
          </item>
        </formats>
        <type>Agreed to Senate</type>
        <date>2019-06-05T04:00:00Z</date>
      </item>
      <item>
        <formats>
          <item>
            <url>https://www.govinfo.gov/content/pkg/BILLS-116sres174is/xml/BILLS-116sres174is.xml</url>
          </item>
        </formats>
        <type>Introduced in Senate</type>
        <date>2019-04-30T04:00:00Z</date>
      </item>
    </textVersions>
    <billNumber>174</billNumber>
    <notes />
    <sponsors>
      <item>
        <firstName>ROGER</firstName>
        <middleName>F.</middleName>
        <lastName>WICKER</lastName>
        <identifiers>
          <bioguideId>W000437</bioguideId>
          <gpoId>8263</gpoId>
          <lisID>1226</lisID>
        </identifiers>
        <bioguideId>W000437</bioguideId>
        <byRequestType />
        <state>MS</state>
        <fullName>Sen. Wicker, Roger F. [R-MS]</fullName>
        <party>R</party>
      </item>
    </sponsors>
    <calendarNumbers />
    <introducedDate>2019-04-30</introducedDate>
    <amendments />
    <subjects>
      <billSubjects>
        <legislativeSubjects>
          <item>
            <name>Commemorative events and holidays</name>
          </item>
          <item>
            <name>Hunting and fishing</name>
          </item>
          <item>
            <name>Marine and inland water transportation</name>
          </item>
          <item>
            <name>Outdoor recreation</name>
          </item>
        </legislativeSubjects>
        <policyArea>
          <name>Transportation and Public Works</name>
        </policyArea>
      </billSubjects>
    </subjects>
    <laws />
    <cosponsors>
      <item>
        <firstName>Gary</firstName>
        <middleName>C.</middleName>
        <isOriginalCosponsor>True</isOriginalCosponsor>
        <state>MI</state>
        <bioguideId>P000595</bioguideId>
        <identifiers>
          <lisID>1929</lisID>
          <gpoId>7994</gpoId>
          <bioguideId>P000595</bioguideId>
        </identifiers>
        <sponsorshipWithdrawnDate />
        <sponsorshipDate>2019-04-30</sponsorshipDate>
        <fullName>Sen. Peters, Gary C. [D-MI]</fullName>
        <party>D</party>
        <lastName>Peters</lastName>
      </item>
    </cosponsors>
    <relatedBills>
      <item>
        <number>175</number>
        <congress>116</congress>
        <type>HRES</type>
        <latestAction>
          <actionDate>2019-03-06</actionDate>
          <text>Referred to the Subcommittee on Water, Oceans, and Wildlife.</text>
        </latestAction>
        <latestTitle>Expressing support for the designation of the week of June 1, 2019, through June 9, 2019, as National Fishing and Boating Week.</latestTitle>
        <relationshipDetails>
          <item>
            <type>Related bill</type>
            <identifiedBy>CRS</identifiedBy>
          </item>
        </relationshipDetails>
      </item>
    </relatedBills>
    <cboCostEstimates />
    <latestAction>
      <text>Resolution agreed to in Senate without amendment and with a preamble by Unanimous Consent. (text: CR 04/30/2019 S2523)</text>
      <links />
      <actionDate>2019-06-05</actionDate>
    </latestAction>
  </bill>
  <dublinCore xmlns:dc="http://purl.org/dc/elements/1.1/">
    <dc:format>text/xml</dc:format>
    <dc:language>EN</dc:language>
    <dc:rights>Pursuant to Title 17 Section 105 of the United States Code, this file is not subject to copyright protection and is in the public domain.</dc:rights>
    <dc:contributor>Congressional Research Service, Library of Congress</dc:contributor>
    <dc:description>This file contains bill summaries and statuses for federal legislation. A bill summary describes the most significant provisions of a piece of legislation and details the effects the legislative text may have on current law and federal programs. Bill summaries are authored by the Congressional Research Service (CRS) of the Library of Congress. As stated in Public Law 91-510 (2 USC 166 (d)(6)), one of the duties of CRS is "to prepare summaries and digests of bills and resolutions of a public general nature introduced in the Senate or House of Representatives". For more information, refer to the User Guide that accompanies this file.</dc:description>
  </dublinCore>
</billStatus>

