<?xml version="1.0" encoding="UTF-8"?>
<billStatus>
  <bill>
    <laws />
    <notes />
    <title>A resolution designating the month of September 2019 as "Campus Fire Safety Month".</title>
    <congress>116</congress>
    <version>1.0.0</version>
    <calendarNumbers />
    <cosponsors>
      <item>
        <fullName>Sen. Carper, Thomas R. [D-DE]</fullName>
        <identifiers>
          <lisID>179</lisID>
          <bioguideId>C000174</bioguideId>
          <gpoId>8283</gpoId>
        </identifiers>
        <bioguideId>C000174</bioguideId>
        <firstName>THOMAS</firstName>
        <sponsorshipDate>2019-07-31</sponsorshipDate>
        <isOriginalCosponsor>True</isOriginalCosponsor>
        <party>D</party>
        <sponsorshipWithdrawnDate />
        <middleName>R.</middleName>
        <lastName>CARPER</lastName>
        <state>DE</state>
      </item>
      <item>
        <fullName>Sen. Warren, Elizabeth [D-MA]</fullName>
        <identifiers>
          <gpoId />
          <lisID>2182</lisID>
          <bioguideId>W000817</bioguideId>
        </identifiers>
        <bioguideId>W000817</bioguideId>
        <firstName>Elizabeth</firstName>
        <sponsorshipDate>2019-07-31</sponsorshipDate>
        <isOriginalCosponsor>True</isOriginalCosponsor>
        <party>D</party>
        <sponsorshipWithdrawnDate />
        <middleName>A.</middleName>
        <lastName>Warren</lastName>
        <state>MA</state>
      </item>
    </cosponsors>
    <committeeReports />
    <policyArea>
      <name>Education</name>
    </policyArea>
    <subjects>
      <billSubjects>
        <policyArea>
          <name>Education</name>
        </policyArea>
        <legislativeSubjects />
      </billSubjects>
    </subjects>
    <createDate>2019-08-01T07:42:14Z</createDate>
    <summaries>
      <billSummaries>
        <item>
          <actionDesc>Introduced in Senate</actionDesc>
          <updateDate>2019-07-31T04:00:00Z</updateDate>
          <text><![CDATA[<p>This resolution designates September 2019 as Campus Fire Safety Month. </p> <div></div>]]></text>
          <name>Introduced in Senate</name>
          <versionCode>00</versionCode>
          <lastSummaryUpdateDate>2019-09-11T16:32:09Z</lastSummaryUpdateDate>
          <actionDate>2019-07-31</actionDate>
        </item>
      </billSummaries>
    </summaries>
    <committees>
      <billCommittees />
    </committees>
    <latestAction>
      <actionDate>2019-07-31</actionDate>
      <links />
      <text>Submitted in the Senate, considered, and agreed to without amendment and with a preamble by Voice Vote. (consideration: CR S5217-5218; text: CR S5256-5257)</text>
    </latestAction>
    <sponsors>
      <item>
        <party>R</party>
        <firstName>SUSAN</firstName>
        <byRequestType />
        <state>ME</state>
        <fullName>Sen. Collins, Susan M. [R-ME]</fullName>
        <middleName>MARGARET</middleName>
        <identifiers>
          <lisID>1541</lisID>
          <bioguideId>C001035</bioguideId>
          <gpoId>8291</gpoId>
        </identifiers>
        <bioguideId>C001035</bioguideId>
        <lastName>COLLINS</lastName>
      </item>
    </sponsors>
    <originChamber>Senate</originChamber>
    <cboCostEstimates />
    <introducedDate>2019-07-31</introducedDate>
    <recordedVotes />
    <amendments />
    <billNumber>295</billNumber>
    <billType>SRES</billType>
    <updateDate>2019-09-14T06:57:20Z</updateDate>
    <relatedBills />
    <titles>
      <item>
        <parentTitleType />
        <titleType>Official Title as Introduced</titleType>
        <chamberCode />
        <chamberName />
        <title>A resolution designating the month of September 2019 as "Campus Fire Safety Month".</title>
      </item>
      <item>
        <parentTitleType />
        <titleType>Display Title</titleType>
        <chamberCode />
        <chamberName />
        <title>A resolution designating the month of September 2019 as "Campus Fire Safety Month".</title>
      </item>
    </titles>
    <actions>
      <actionTypeCounts>
        <introducedInSenate>1</introducedInSenate>
        <passedAgreedToInSenate>1</passedAgreedToInSenate>
        <passedOrAgreedToInSenateDayOf>1</passedOrAgreedToInSenateDayOf>
      </actionTypeCounts>
      <actionByCounts>
        <senate>3</senate>
      </actionByCounts>
      <item>
        <actionDate>2019-07-31</actionDate>
        <committee />
        <links>
          <link>
            <name>S5217-5218</name>
            <url>https://www.congress.gov/congressional-record/volume-165/senate-section/page/S5217-5218</url>
          </link>
          <link>
            <name>S5256-5257</name>
            <url>https://www.congress.gov/congressional-record/volume-165/senate-section/page/S5256-5257</url>
          </link>
        </links>
        <sourceSystem>
          <name>Senate</name>
          <code>0</code>
        </sourceSystem>
        <text>Submitted in the Senate, considered, and agreed to without amendment and with a preamble by Voice Vote. (consideration: CR S5217-5218; text: CR S5256-5257)</text>
        <type>Floor</type>
      </item>
      <item>
        <type>Floor</type>
        <actionDate>2019-07-31</actionDate>
        <text>Passed/agreed to in Senate: Submitted in the Senate, considered, and agreed to without amendment and with a preamble by Voice Vote.(consideration: CR S5217-5218; text: CR S5256-5257)</text>
        <committee />
        <links>
          <link>
            <name>S5217-5218</name>
            <url>https://www.congress.gov/congressional-record/volume-165/senate-section/page/S5217-5218</url>
          </link>
          <link>
            <name>S5256-5257</name>
            <url>https://www.congress.gov/congressional-record/volume-165/senate-section/page/S5256-5257</url>
          </link>
        </links>
        <sourceSystem>
          <name>Library of Congress</name>
          <code>9</code>
        </sourceSystem>
        <actionCode>17000</actionCode>
      </item>
      <item>
        <type>IntroReferral</type>
        <actionDate>2019-07-31</actionDate>
        <text>Introduced in Senate</text>
        <committee />
        <links />
        <sourceSystem>
          <name>Library of Congress</name>
          <code>9</code>
        </sourceSystem>
        <actionCode>10000</actionCode>
      </item>
    </actions>
    <textVersions>
      <item>
        <formats>
          <item>
            <url>https://www.govinfo.gov/content/pkg/BILLS-116sres295ats/xml/BILLS-116sres295ats.xml</url>
          </item>
        </formats>
        <type>Agreed to Senate</type>
        <date>2019-07-31T04:00:00Z</date>
      </item>
    </textVersions>
  </bill>
  <dublinCore xmlns:dc="http://purl.org/dc/elements/1.1/">
    <dc:format>text/xml</dc:format>
    <dc:language>EN</dc:language>
    <dc:rights>Pursuant to Title 17 Section 105 of the United States Code, this file is not subject to copyright protection and is in the public domain.</dc:rights>
    <dc:contributor>Congressional Research Service, Library of Congress</dc:contributor>
    <dc:description>This file contains bill summaries and statuses for federal legislation. A bill summary describes the most significant provisions of a piece of legislation and details the effects the legislative text may have on current law and federal programs. Bill summaries are authored by the Congressional Research Service (CRS) of the Library of Congress. As stated in Public Law 91-510 (2 USC 166 (d)(6)), one of the duties of CRS is "to prepare summaries and digests of bills and resolutions of a public general nature introduced in the Senate or House of Representatives". For more information, refer to the User Guide that accompanies this file.</dc:description>
  </dublinCore>
</billStatus>

