<?xml version="1.0" encoding="UTF-8"?>
<billStatus>
  <bill>
    <introducedDate>2019-05-23</introducedDate>
    <latestAction>
      <text>Submitted in the Senate, considered, and agreed to without amendment and with a preamble by Voice Vote. (consideration: CR S3127; text: CR S3117)</text>
      <actionDate>2019-05-23</actionDate>
      <links />
    </latestAction>
    <summaries>
      <billSummaries>
        <item>
          <updateDate>2019-05-23T04:00:00Z</updateDate>
          <name>Introduced in Senate</name>
          <versionCode>00</versionCode>
          <text><![CDATA[<p>This resolution expresses support for the designation of May 17, 2019, as DIPG Pediatric Brain Cancer Awareness Day.<br /></p>]]></text>
          <actionDesc>Introduced in Senate</actionDesc>
          <actionDate>2019-05-23</actionDate>
          <lastSummaryUpdateDate>2019-11-01T18:42:07Z</lastSummaryUpdateDate>
        </item>
        <item>
          <updateDate>2019-05-23T11:51:15Z</updateDate>
          <name>Passed Senate</name>
          <versionCode>55</versionCode>
          <text><![CDATA[<p>This resolution expresses support for the designation of May 17, 2019, as DIPG Pediatric Brain Cancer Awareness Day.<br /></p>]]></text>
          <actionDesc>Passed Senate</actionDesc>
          <actionDate>2019-05-23</actionDate>
          <lastSummaryUpdateDate>2019-11-01T20:55:47Z</lastSummaryUpdateDate>
        </item>
      </billSummaries>
    </summaries>
    <subjects>
      <billSubjects>
        <policyArea>
          <name>Health</name>
        </policyArea>
        <legislativeSubjects>
          <item>
            <name>Cancer</name>
          </item>
          <item>
            <name>Child health</name>
          </item>
          <item>
            <name>Commemorative events and holidays</name>
          </item>
          <item>
            <name>Health promotion and preventive care</name>
          </item>
          <item>
            <name>Medical research</name>
          </item>
          <item>
            <name>Neurological disorders</name>
          </item>
        </legislativeSubjects>
      </billSubjects>
    </subjects>
    <relatedBills />
    <textVersions>
      <item>
        <date>2019-05-23T04:00:00Z</date>
        <type>Agreed to Senate</type>
        <formats>
          <item>
            <url>https://www.govinfo.gov/content/pkg/BILLS-116sres223ats/xml/BILLS-116sres223ats.xml</url>
          </item>
        </formats>
      </item>
    </textVersions>
    <notes />
    <billNumber>223</billNumber>
    <createDate>2019-05-24T05:27:12Z</createDate>
    <amendments />
    <originChamber>Senate</originChamber>
    <title>A resolution expressing support for the designation of May 17, 2019, as "DIPG Pediatric Brain Cancer Awareness Day" to raise awareness of and encourage research on diffuse intrinsic pontine glioma tumors and pediatric cancers in general.</title>
    <committeeReports />
    <calendarNumbers />
    <version>1.0.0</version>
    <titles>
      <item>
        <titleType>Official Title as Introduced</titleType>
        <parentTitleType />
        <chamberName />
        <title>A resolution expressing support for the designation of May 17, 2019, as "DIPG Pediatric Brain Cancer Awareness Day" to raise awareness of and encourage research on diffuse intrinsic pontine glioma tumors and pediatric cancers in general.</title>
        <chamberCode />
      </item>
      <item>
        <titleType>Display Title</titleType>
        <parentTitleType />
        <chamberName />
        <title>A resolution expressing support for the designation of May 17, 2019, as "DIPG Pediatric Brain Cancer Awareness Day" to raise awareness of and encourage research on diffuse intrinsic pontine glioma tumors and pediatric cancers in general.</title>
        <chamberCode />
      </item>
    </titles>
    <policyArea>
      <name>Health</name>
    </policyArea>
    <cboCostEstimates />
    <sponsors>
      <item>
        <lastName>Rubio</lastName>
        <fullName>Sen. Rubio, Marco [R-FL]</fullName>
        <party>R</party>
        <byRequestType />
        <firstName>Marco</firstName>
        <state>FL</state>
        <identifiers>
          <lisID>2084</lisID>
          <bioguideId>R000595</bioguideId>
          <gpoId>8242</gpoId>
        </identifiers>
        <bioguideId>R000595</bioguideId>
        <middleName />
      </item>
    </sponsors>
    <cosponsors>
      <item>
        <lastName>REED</lastName>
        <fullName>Sen. Reed, Jack [D-RI]</fullName>
        <party>D</party>
        <isOriginalCosponsor>True</isOriginalCosponsor>
        <identifiers>
          <lisID>949</lisID>
          <bioguideId>R000122</bioguideId>
          <gpoId>8272</gpoId>
        </identifiers>
        <firstName>JOHN</firstName>
        <state>RI</state>
        <sponsorshipDate>2019-05-23</sponsorshipDate>
        <sponsorshipWithdrawnDate />
        <bioguideId>R000122</bioguideId>
        <middleName>F.</middleName>
      </item>
      <item>
        <lastName>Hyde-Smith</lastName>
        <fullName>Sen. Hyde-Smith, Cindy [R-MS]</fullName>
        <party>R</party>
        <isOriginalCosponsor>True</isOriginalCosponsor>
        <identifiers>
          <lisID>2366</lisID>
          <bioguideId>H001079</bioguideId>
          <gpoId />
        </identifiers>
        <firstName>Cindy</firstName>
        <state>MS</state>
        <sponsorshipDate>2019-05-23</sponsorshipDate>
        <sponsorshipWithdrawnDate />
        <bioguideId>H001079</bioguideId>
        <middleName />
      </item>
      <item>
        <lastName>Casey</lastName>
        <fullName>Sen. Casey, Robert P., Jr. [D-PA]</fullName>
        <party>D</party>
        <isOriginalCosponsor>True</isOriginalCosponsor>
        <identifiers>
          <lisID>1828</lisID>
          <bioguideId>C001070</bioguideId>
          <gpoId>8282</gpoId>
        </identifiers>
        <firstName>Bob</firstName>
        <state>PA</state>
        <sponsorshipDate>2019-05-23</sponsorshipDate>
        <sponsorshipWithdrawnDate />
        <bioguideId>C001070</bioguideId>
        <middleName />
      </item>
    </cosponsors>
    <recordedVotes />
    <committees>
      <billCommittees />
    </committees>
    <actions>
      <actionTypeCounts>
        <passedAgreedToInSenate>1</passedAgreedToInSenate>
        <introducedInSenate>1</introducedInSenate>
        <passedOrAgreedToInSenateDayOf>1</passedOrAgreedToInSenateDayOf>
      </actionTypeCounts>
      <item>
        <actionDate>2019-05-23</actionDate>
        <committee />
        <links>
          <link>
            <url>https://www.congress.gov/congressional-record/volume-165/senate-section/page/S3117</url>
            <name>S3117</name>
          </link>
          <link>
            <url>https://www.congress.gov/congressional-record/volume-165/senate-section/page/S3127</url>
            <name>S3127</name>
          </link>
        </links>
        <sourceSystem>
          <code>0</code>
          <name>Senate</name>
        </sourceSystem>
        <text>Submitted in the Senate, considered, and agreed to without amendment and with a preamble by Voice Vote. (consideration: CR S3127; text: CR S3117)</text>
        <type>Floor</type>
      </item>
      <item>
        <text>Passed/agreed to in Senate: Submitted in the Senate, considered, and agreed to without amendment and with a preamble by Voice Vote.(consideration: CR S3127; text: CR S3117)</text>
        <committee />
        <links>
          <link>
            <url>https://www.congress.gov/congressional-record/volume-165/senate-section/page/S3117</url>
            <name>S3117</name>
          </link>
          <link>
            <url>https://www.congress.gov/congressional-record/volume-165/senate-section/page/S3127</url>
            <name>S3127</name>
          </link>
        </links>
        <type>Floor</type>
        <actionCode>17000</actionCode>
        <actionDate>2019-05-23</actionDate>
        <sourceSystem>
          <code>9</code>
          <name>Library of Congress</name>
        </sourceSystem>
      </item>
      <item>
        <text>Introduced in Senate</text>
        <committee />
        <links />
        <type>IntroReferral</type>
        <actionCode>10000</actionCode>
        <actionDate>2019-05-23</actionDate>
        <sourceSystem>
          <code>9</code>
          <name>Library of Congress</name>
        </sourceSystem>
      </item>
      <actionByCounts>
        <senate>3</senate>
      </actionByCounts>
    </actions>
    <billType>SRES</billType>
    <laws />
    <congress>116</congress>
    <updateDate>2019-11-06T10:59:18Z</updateDate>
  </bill>
  <dublinCore xmlns:dc="http://purl.org/dc/elements/1.1/">
    <dc:format>text/xml</dc:format>
    <dc:language>EN</dc:language>
    <dc:rights>Pursuant to Title 17 Section 105 of the United States Code, this file is not subject to copyright protection and is in the public domain.</dc:rights>
    <dc:contributor>Congressional Research Service, Library of Congress</dc:contributor>
    <dc:description>This file contains bill summaries and statuses for federal legislation. A bill summary describes the most significant provisions of a piece of legislation and details the effects the legislative text may have on current law and federal programs. Bill summaries are authored by the Congressional Research Service (CRS) of the Library of Congress. As stated in Public Law 91-510 (2 USC 166 (d)(6)), one of the duties of CRS is "to prepare summaries and digests of bills and resolutions of a public general nature introduced in the Senate or House of Representatives". For more information, refer to the User Guide that accompanies this file.</dc:description>
  </dublinCore>
</billStatus>

