<?xml version="1.0" encoding="UTF-8"?>
<billStatus>
  <bill>
    <committeeReports />
    <latestAction>
      <actionDate>2019-02-06</actionDate>
      <text>Submitted in the Senate, considered, and agreed to without amendment and with a preamble by Unanimous Consent. (consideration: CR S1023; text: CR S925)</text>
      <links />
    </latestAction>
    <committees>
      <billCommittees />
    </committees>
    <introducedDate>2019-02-06</introducedDate>
    <notes />
    <congress>116</congress>
    <summaries>
      <billSummaries>
        <item>
          <text><![CDATA[<p>This resolution expresses appreciation and gratitude to the Office of Legislative Counsel of the Senate for 100 years of professionalism and dedication in providing assistance with the drafting of legislation considered by the Senate.</p> <p>In addition, the resolution commends the office's former and current attorneys, staff members, and interns for their public service and professional assistance to the Senate and the United States.</p>]]></text>
          <actionDate>2019-02-06</actionDate>
          <versionCode>00</versionCode>
          <name>Introduced in Senate</name>
          <actionDesc>Introduced in Senate</actionDesc>
          <updateDate>2019-02-06T05:00:00Z</updateDate>
          <lastSummaryUpdateDate>2019-06-21T19:45:38Z</lastSummaryUpdateDate>
        </item>
        <item>
          <text><![CDATA[<p>This resolution expresses appreciation and gratitude to the Office of Legislative Counsel of the Senate for 100 years of professionalism and dedication in providing assistance with the drafting of legislation considered by the Senate.</p> <p>In addition, the resolution commends the office's former and current attorneys, staff members, and interns for their public service and professional assistance to the Senate and the United States.</p>]]></text>
          <actionDate>2019-02-06</actionDate>
          <versionCode>55</versionCode>
          <name>Passed Senate</name>
          <actionDesc>Passed Senate</actionDesc>
          <updateDate>2019-02-06T20:28:46Z</updateDate>
          <lastSummaryUpdateDate>2019-06-21T19:45:30Z</lastSummaryUpdateDate>
        </item>
      </billSummaries>
    </summaries>
    <actions>
      <actionTypeCounts>
        <introducedInSenate>1</introducedInSenate>
        <passedOrAgreedToInSenateDayOf>1</passedOrAgreedToInSenateDayOf>
        <passedAgreedToInSenate>1</passedAgreedToInSenate>
      </actionTypeCounts>
      <actionByCounts>
        <senate>3</senate>
      </actionByCounts>
      <item>
        <actionDate>2019-02-06</actionDate>
        <committee />
        <links>
          <link>
            <name>S1023</name>
            <url>https://www.congress.gov/congressional-record/volume-165/senate-section/page/S1023</url>
          </link>
          <link>
            <name>S925</name>
            <url>https://www.congress.gov/congressional-record/volume-165/senate-section/page/S925</url>
          </link>
        </links>
        <sourceSystem>
          <name>Senate</name>
          <code>0</code>
        </sourceSystem>
        <text>Submitted in the Senate, considered, and agreed to without amendment and with a preamble by Unanimous Consent. (consideration: CR S1023; text: CR S925)</text>
        <type>Floor</type>
      </item>
      <item>
        <committee />
        <actionDate>2019-02-06</actionDate>
        <actionCode>17000</actionCode>
        <type>Floor</type>
        <text>Passed/agreed to in Senate: Submitted in the Senate, considered, and agreed to without amendment and with a preamble by Unanimous Consent.(consideration: CR S1023; text: CR S925)</text>
        <sourceSystem>
          <name>Library of Congress</name>
          <code>9</code>
        </sourceSystem>
        <links>
          <link>
            <name>S1023</name>
            <url>https://www.congress.gov/congressional-record/volume-165/senate-section/page/S1023</url>
          </link>
          <link>
            <name>S925</name>
            <url>https://www.congress.gov/congressional-record/volume-165/senate-section/page/S925</url>
          </link>
        </links>
      </item>
      <item>
        <committee />
        <actionDate>2019-02-06</actionDate>
        <actionCode>10000</actionCode>
        <type>IntroReferral</type>
        <text>Introduced in Senate</text>
        <sourceSystem>
          <name>Library of Congress</name>
          <code>9</code>
        </sourceSystem>
        <links />
      </item>
    </actions>
    <cosponsors />
    <cboCostEstimates />
    <updateDate>2019-08-03T07:56:11Z</updateDate>
    <subjects>
      <billSubjects>
        <policyArea>
          <name>Congress</name>
        </policyArea>
        <legislativeSubjects>
          <item>
            <name>Commemorative events and holidays</name>
          </item>
          <item>
            <name>Congressional agencies</name>
          </item>
          <item>
            <name>Congressional officers and employees</name>
          </item>
          <item>
            <name>Congressional tributes</name>
          </item>
          <item>
            <name>Lawyers and legal services</name>
          </item>
          <item>
            <name>Legislative rules and procedure</name>
          </item>
          <item>
            <name>Senate</name>
          </item>
        </legislativeSubjects>
      </billSubjects>
    </subjects>
    <textVersions>
      <item>
        <date>2019-02-06T05:00:00Z</date>
        <type>Agreed to Senate</type>
        <formats>
          <item>
            <url>https://www.govinfo.gov/content/pkg/BILLS-116sres53ats/xml/BILLS-116sres53ats.xml</url>
          </item>
        </formats>
      </item>
    </textVersions>
    <title>A resolution recognizing the staff of the Office of Legislative Counsel of the Senate on the occasion of the 100th anniversary of the Office.</title>
    <recordedVotes />
    <policyArea>
      <name>Congress</name>
    </policyArea>
    <calendarNumbers />
    <amendments />
    <sponsors>
      <item>
        <party>R</party>
        <fullName>Sen. Grassley, Chuck [R-IA]</fullName>
        <identifiers>
          <gpoId>8316</gpoId>
          <lisID>457</lisID>
          <bioguideId>G000386</bioguideId>
        </identifiers>
        <bioguideId>G000386</bioguideId>
        <state>IA</state>
        <middleName>ERNEST</middleName>
        <lastName>GRASSLEY</lastName>
        <byRequestType />
        <firstName>CHARLES</firstName>
      </item>
    </sponsors>
    <originChamber>Senate</originChamber>
    <relatedBills />
    <laws />
    <billType>SRES</billType>
    <version>1.0.0</version>
    <createDate>2019-02-07T06:10:14Z</createDate>
    <billNumber>53</billNumber>
    <titles>
      <item>
        <title>A resolution recognizing the staff of the Office of Legislative Counsel of the Senate on the occasion of the 100th anniversary of the Office.</title>
        <parentTitleType />
        <chamberCode />
        <chamberName />
        <titleType>Official Title as Introduced</titleType>
      </item>
      <item>
        <title>A resolution recognizing the staff of the Office of Legislative Counsel of the Senate on the occasion of the 100th anniversary of the Office.</title>
        <parentTitleType />
        <chamberCode />
        <chamberName />
        <titleType>Display Title</titleType>
      </item>
    </titles>
  </bill>
  <dublinCore xmlns:dc="http://purl.org/dc/elements/1.1/">
    <dc:format>text/xml</dc:format>
    <dc:language>EN</dc:language>
    <dc:rights>Pursuant to Title 17 Section 105 of the United States Code, this file is not subject to copyright protection and is in the public domain.</dc:rights>
    <dc:contributor>Congressional Research Service, Library of Congress</dc:contributor>
    <dc:description>This file contains bill summaries and statuses for federal legislation. A bill summary describes the most significant provisions of a piece of legislation and details the effects the legislative text may have on current law and federal programs. Bill summaries are authored by the Congressional Research Service (CRS) of the Library of Congress. As stated in Public Law 91-510 (2 USC 166 (d)(6)), one of the duties of CRS is "to prepare summaries and digests of bills and resolutions of a public general nature introduced in the Senate or House of Representatives". For more information, refer to the User Guide that accompanies this file.</dc:description>
  </dublinCore>
</billStatus>

