<?xml version="1.0" encoding="UTF-8"?>
<billStatus>
  <bill>
    <committees>
      <billCommittees>
        <item>
          <activities>
            <item>
              <name>Discharged from</name>
              <date>2019-07-23T22:31:51Z</date>
            </item>
            <item>
              <name>Referred to</name>
              <date>2019-06-26T20:33:59Z</date>
            </item>
          </activities>
          <name>Judiciary Committee</name>
          <type>Standing</type>
          <systemCode>ssju00</systemCode>
          <subcommittees />
          <chamber>Senate</chamber>
        </item>
      </billCommittees>
    </committees>
    <recordedVotes />
    <createDate>2019-06-27T04:42:10Z</createDate>
    <title>A resolution designating July 27, 2019, as "National Day of the American Cowboy".</title>
    <version>1.0.0</version>
    <notes />
    <subjects>
      <billSubjects>
        <policyArea>
          <name>Arts, Culture, Religion</name>
        </policyArea>
        <legislativeSubjects>
          <item>
            <name>Commemorative events and holidays</name>
          </item>
          <item>
            <name>Migrant, seasonal, agricultural labor</name>
          </item>
          <item>
            <name>U.S. history</name>
          </item>
        </legislativeSubjects>
      </billSubjects>
    </subjects>
    <titles>
      <item>
        <title>A resolution designating July 27, 2019, as "National Day of the American Cowboy".</title>
        <chamberName />
        <chamberCode />
        <parentTitleType />
        <titleType>Official Title as Introduced</titleType>
      </item>
      <item>
        <title>A resolution designating July 27, 2019, as "National Day of the American Cowboy".</title>
        <chamberName />
        <chamberCode />
        <parentTitleType />
        <titleType>Display Title</titleType>
      </item>
    </titles>
    <textVersions>
      <item>
        <type>Agreed to Senate</type>
        <formats>
          <item>
            <url>https://www.govinfo.gov/content/pkg/BILLS-116sres265ats/xml/BILLS-116sres265ats.xml</url>
          </item>
        </formats>
        <date>2019-07-23T04:00:00Z</date>
      </item>
      <item>
        <type>Introduced in Senate</type>
        <formats>
          <item>
            <url>https://www.govinfo.gov/content/pkg/BILLS-116sres265is/xml/BILLS-116sres265is.xml</url>
          </item>
        </formats>
        <date>2019-06-26T04:00:00Z</date>
      </item>
    </textVersions>
    <policyArea>
      <name>Arts, Culture, Religion</name>
    </policyArea>
    <committeeReports />
    <sponsors>
      <item>
        <identifiers>
          <gpoId>8328</gpoId>
          <bioguideId>E000285</bioguideId>
          <lisID>1542</lisID>
        </identifiers>
        <fullName>Sen. Enzi, Michael B. [R-WY]</fullName>
        <bioguideId>E000285</bioguideId>
        <party>R</party>
        <state>WY</state>
        <middleName>B.</middleName>
        <lastName>ENZI</lastName>
        <byRequestType />
        <firstName>MICHAEL</firstName>
      </item>
    </sponsors>
    <cosponsors>
      <item>
        <bioguideId>C001113</bioguideId>
        <state>NV</state>
        <sponsorshipDate>2019-06-26</sponsorshipDate>
        <party>D</party>
        <lastName>Cortez Masto</lastName>
        <firstName>Catherine</firstName>
        <fullName>Sen. Cortez Masto, Catherine  [D-NV]</fullName>
        <middleName />
        <isOriginalCosponsor>True</isOriginalCosponsor>
        <sponsorshipWithdrawnDate />
        <identifiers>
          <lisID>2299</lisID>
          <bioguideId>C001113</bioguideId>
          <gpoId />
        </identifiers>
      </item>
      <item>
        <bioguideId>R000584</bioguideId>
        <state>ID</state>
        <sponsorshipDate>2019-06-26</sponsorshipDate>
        <party>R</party>
        <lastName>Risch</lastName>
        <firstName>James</firstName>
        <fullName>Sen. Risch, James E. [R-ID]</fullName>
        <middleName>E.</middleName>
        <isOriginalCosponsor>True</isOriginalCosponsor>
        <sponsorshipWithdrawnDate />
        <identifiers>
          <gpoId>8274</gpoId>
          <bioguideId>R000584</bioguideId>
          <lisID>1896</lisID>
        </identifiers>
      </item>
      <item>
        <bioguideId>T000250</bioguideId>
        <state>SD</state>
        <sponsorshipDate>2019-06-26</sponsorshipDate>
        <party>R</party>
        <lastName>THUNE</lastName>
        <firstName>JOHN</firstName>
        <fullName>Sen. Thune, John [R-SD]</fullName>
        <middleName>R.</middleName>
        <isOriginalCosponsor>True</isOriginalCosponsor>
        <sponsorshipWithdrawnDate />
        <identifiers>
          <bioguideId>T000250</bioguideId>
          <lisID>1534</lisID>
          <gpoId>8257</gpoId>
        </identifiers>
      </item>
      <item>
        <bioguideId>T000464</bioguideId>
        <state>MT</state>
        <sponsorshipDate>2019-06-26</sponsorshipDate>
        <party>D</party>
        <lastName>Tester</lastName>
        <firstName>Jon</firstName>
        <fullName>Sen. Tester, Jon [D-MT]</fullName>
        <middleName />
        <isOriginalCosponsor>True</isOriginalCosponsor>
        <sponsorshipWithdrawnDate />
        <identifiers>
          <gpoId>8258</gpoId>
          <bioguideId>T000464</bioguideId>
          <lisID>1829</lisID>
        </identifiers>
      </item>
      <item>
        <bioguideId>M001176</bioguideId>
        <state>OR</state>
        <sponsorshipDate>2019-06-26</sponsorshipDate>
        <party>D</party>
        <lastName>Merkley</lastName>
        <firstName>Jeff</firstName>
        <fullName>Sen. Merkley, Jeff [D-OR]</fullName>
        <middleName />
        <isOriginalCosponsor>True</isOriginalCosponsor>
        <sponsorshipWithdrawnDate />
        <identifiers>
          <gpoId>8238</gpoId>
          <bioguideId>M001176</bioguideId>
          <lisID>1900</lisID>
        </identifiers>
      </item>
      <item>
        <bioguideId>B001261</bioguideId>
        <state>WY</state>
        <sponsorshipDate>2019-06-26</sponsorshipDate>
        <party>R</party>
        <lastName>Barrasso</lastName>
        <firstName>John</firstName>
        <fullName>Sen. Barrasso, John [R-WY]</fullName>
        <middleName />
        <isOriginalCosponsor>True</isOriginalCosponsor>
        <sponsorshipWithdrawnDate />
        <identifiers>
          <lisID>1881</lisID>
          <gpoId>8300</gpoId>
          <bioguideId>B001261</bioguideId>
        </identifiers>
      </item>
      <item>
        <bioguideId>C000880</bioguideId>
        <state>ID</state>
        <sponsorshipDate>2019-06-26</sponsorshipDate>
        <party>R</party>
        <lastName>CRAPO</lastName>
        <firstName>MICHAEL</firstName>
        <fullName>Sen. Crapo, Mike [R-ID]</fullName>
        <middleName>D.</middleName>
        <isOriginalCosponsor>True</isOriginalCosponsor>
        <sponsorshipWithdrawnDate />
        <identifiers>
          <gpoId>8289</gpoId>
          <bioguideId>C000880</bioguideId>
          <lisID>250</lisID>
        </identifiers>
      </item>
      <item>
        <bioguideId>H001061</bioguideId>
        <state>ND</state>
        <sponsorshipDate>2019-06-26</sponsorshipDate>
        <party>R</party>
        <lastName>Hoeven</lastName>
        <firstName>John</firstName>
        <fullName>Sen. Hoeven, John [R-ND]</fullName>
        <middleName />
        <isOriginalCosponsor>True</isOriginalCosponsor>
        <sponsorshipWithdrawnDate />
        <identifiers>
          <gpoId>8331</gpoId>
          <bioguideId>H001061</bioguideId>
          <lisID>2079</lisID>
        </identifiers>
      </item>
      <item>
        <bioguideId>R000605</bioguideId>
        <state>SD</state>
        <sponsorshipDate>2019-06-26</sponsorshipDate>
        <party>R</party>
        <lastName>Rounds</lastName>
        <firstName>Mike</firstName>
        <fullName>Sen. Rounds, Mike  [R-SD]</fullName>
        <middleName />
        <isOriginalCosponsor>True</isOriginalCosponsor>
        <sponsorshipWithdrawnDate />
        <identifiers>
          <gpoId />
          <lisID>2288</lisID>
          <bioguideId>R000605</bioguideId>
        </identifiers>
      </item>
      <item>
        <bioguideId>B001267</bioguideId>
        <state>CO</state>
        <sponsorshipDate>2019-06-26</sponsorshipDate>
        <party>D</party>
        <lastName>Bennet</lastName>
        <firstName>Michael</firstName>
        <fullName>Sen. Bennet, Michael F. [D-CO]</fullName>
        <middleName>F.</middleName>
        <isOriginalCosponsor>True</isOriginalCosponsor>
        <sponsorshipWithdrawnDate />
        <identifiers>
          <bioguideId>B001267</bioguideId>
          <lisID>1965</lisID>
          <gpoId>8302</gpoId>
        </identifiers>
      </item>
      <item>
        <bioguideId>U000039</bioguideId>
        <state>NM</state>
        <sponsorshipDate>2019-06-26</sponsorshipDate>
        <party>D</party>
        <lastName>UDALL</lastName>
        <firstName>TOM</firstName>
        <fullName>Sen. Udall, Tom [D-NM]</fullName>
        <middleName />
        <isOriginalCosponsor>True</isOriginalCosponsor>
        <sponsorshipWithdrawnDate />
        <identifiers>
          <lisID>1567</lisID>
          <bioguideId>U000039</bioguideId>
          <gpoId>8260</gpoId>
        </identifiers>
      </item>
      <item>
        <bioguideId>I000024</bioguideId>
        <state>OK</state>
        <sponsorshipDate>2019-06-26</sponsorshipDate>
        <party>R</party>
        <lastName>INHOFE</lastName>
        <firstName>JIM</firstName>
        <fullName>Sen. Inhofe, James M. [R-OK]</fullName>
        <middleName />
        <isOriginalCosponsor>True</isOriginalCosponsor>
        <sponsorshipWithdrawnDate />
        <identifiers>
          <gpoId>8322</gpoId>
          <bioguideId>I000024</bioguideId>
          <lisID>583</lisID>
        </identifiers>
      </item>
      <item>
        <bioguideId>C001056</bioguideId>
        <state>TX</state>
        <sponsorshipDate>2019-06-26</sponsorshipDate>
        <party>R</party>
        <lastName>Cornyn</lastName>
        <firstName>John</firstName>
        <fullName>Sen. Cornyn, John [R-TX]</fullName>
        <middleName />
        <isOriginalCosponsor>True</isOriginalCosponsor>
        <sponsorshipWithdrawnDate />
        <identifiers>
          <lisID>1692</lisID>
          <bioguideId>C001056</bioguideId>
          <gpoId>8295</gpoId>
        </identifiers>
      </item>
    </cosponsors>
    <actions>
      <actionByCounts>
        <senate>6</senate>
      </actionByCounts>
      <item>
        <actionDate>2019-07-23</actionDate>
        <committee />
        <links>
          <link>
            <url>https://www.congress.gov/congressional-record/volume-165/senate-section/page/S4579</url>
            <name>CR 6/26/2019 S4579</name>
          </link>
        </links>
        <sourceSystem>
          <code>0</code>
          <name>Senate</name>
        </sourceSystem>
        <text>Resolution agreed to in Senate without amendment and with a preamble by Unanimous Consent. (text: CR 6/26/2019 S4579)</text>
        <type>Floor</type>
      </item>
      <item>
        <sourceSystem>
          <code>9</code>
          <name>Library of Congress</name>
        </sourceSystem>
        <actionCode>17000</actionCode>
        <links>
          <link>
            <url>https://www.congress.gov/congressional-record/volume-165/senate-section/page/S4579</url>
            <name>CR 6/26/2019 S4579</name>
          </link>
        </links>
        <type>Floor</type>
        <text>Passed/agreed to in Senate: Resolution agreed to in Senate without amendment and with a preamble by Unanimous Consent.(text: CR 6/26/2019 S4579)</text>
        <actionDate>2019-07-23</actionDate>
        <committee />
      </item>
      <item>
        <actionDate>2019-07-23</actionDate>
        <committee>
          <name>Judiciary Committee</name>
          <systemCode>ssju00</systemCode>
        </committee>
        <links>
          <link>
            <url>https://www.congress.gov/congressional-record/volume-165/senate-section/page/S5018</url>
            <name>S5018</name>
          </link>
        </links>
        <sourceSystem>
          <code>0</code>
          <name>Senate</name>
        </sourceSystem>
        <text>Senate Committee on the Judiciary discharged by Unanimous Consent. (consideration: CR S5018)</text>
        <type>Discharge</type>
      </item>
      <item>
        <sourceSystem>
          <code>9</code>
          <name>Library of Congress</name>
        </sourceSystem>
        <actionCode>14500</actionCode>
        <actionDate>2019-07-23</actionDate>
        <type>Committee</type>
        <text>Senate Committee on the Judiciary discharged by Unanimous Consent.(consideration: CR S5018)</text>
        <links>
          <link>
            <url>https://www.congress.gov/congressional-record/volume-165/senate-section/page/S5018</url>
            <name>S5018</name>
          </link>
        </links>
        <committee>
          <name>Judiciary Committee</name>
          <systemCode>ssju00</systemCode>
        </committee>
      </item>
      <item>
        <actionDate>2019-06-26</actionDate>
        <committee>
          <name>Judiciary Committee</name>
          <systemCode>ssju00</systemCode>
        </committee>
        <links />
        <sourceSystem>
          <code>0</code>
          <name>Senate</name>
        </sourceSystem>
        <text>Referred to the Committee on the Judiciary.</text>
        <type>IntroReferral</type>
      </item>
      <item>
        <sourceSystem>
          <code>9</code>
          <name>Library of Congress</name>
        </sourceSystem>
        <actionCode>10000</actionCode>
        <links />
        <type>IntroReferral</type>
        <text>Introduced in Senate</text>
        <actionDate>2019-06-26</actionDate>
        <committee />
      </item>
      <actionTypeCounts>
        <senateCommitteeDischarged>1</senateCommitteeDischarged>
        <referredToCommittee>1</referredToCommittee>
        <introducedInSenate>1</introducedInSenate>
        <passedAgreedToInSenate>1</passedAgreedToInSenate>
        <committeeDischarged>1</committeeDischarged>
        <agreedToInSenate>1</agreedToInSenate>
      </actionTypeCounts>
    </actions>
    <originChamber>Senate</originChamber>
    <billNumber>265</billNumber>
    <introducedDate>2019-06-26</introducedDate>
    <billType>SRES</billType>
    <summaries>
      <billSummaries>
        <item>
          <updateDate>2019-06-26T04:00:00Z</updateDate>
          <actionDate>2019-06-26</actionDate>
          <name>Introduced in Senate</name>
          <actionDesc>Introduced in Senate</actionDesc>
          <text><![CDATA[<p> This resolution designates July 27, 2019, as National Day of the American Cowboy.</p>]]></text>
          <lastSummaryUpdateDate>2019-07-31T19:35:07Z</lastSummaryUpdateDate>
          <versionCode>00</versionCode>
        </item>
        <item>
          <updateDate>2019-07-23T13:18:45Z</updateDate>
          <actionDate>2019-07-23</actionDate>
          <name>Passed Senate</name>
          <actionDesc>Passed Senate</actionDesc>
          <text><![CDATA[<p> This resolution designates July 27, 2019, as National Day of the American Cowboy.</p>]]></text>
          <lastSummaryUpdateDate>2019-07-31T19:35:36Z</lastSummaryUpdateDate>
          <versionCode>55</versionCode>
        </item>
      </billSummaries>
    </summaries>
    <relatedBills />
    <cboCostEstimates />
    <updateDate>2019-08-16T10:41:45Z</updateDate>
    <calendarNumbers />
    <latestAction>
      <text>Resolution agreed to in Senate without amendment and with a preamble by Unanimous Consent. (text: CR 6/26/2019 S4579)</text>
      <actionDate>2019-07-23</actionDate>
      <links />
    </latestAction>
    <congress>116</congress>
    <laws />
    <amendments />
  </bill>
  <dublinCore xmlns:dc="http://purl.org/dc/elements/1.1/">
    <dc:format>text/xml</dc:format>
    <dc:language>EN</dc:language>
    <dc:rights>Pursuant to Title 17 Section 105 of the United States Code, this file is not subject to copyright protection and is in the public domain.</dc:rights>
    <dc:contributor>Congressional Research Service, Library of Congress</dc:contributor>
    <dc:description>This file contains bill summaries and statuses for federal legislation. A bill summary describes the most significant provisions of a piece of legislation and details the effects the legislative text may have on current law and federal programs. Bill summaries are authored by the Congressional Research Service (CRS) of the Library of Congress. As stated in Public Law 91-510 (2 USC 166 (d)(6)), one of the duties of CRS is "to prepare summaries and digests of bills and resolutions of a public general nature introduced in the Senate or House of Representatives". For more information, refer to the User Guide that accompanies this file.</dc:description>
  </dublinCore>
</billStatus>

