<?xml version="1.0" encoding="UTF-8"?>
<billStatus>
  <bill>
    <cboCostEstimates />
    <committeeReports />
    <subjects>
      <billSubjects>
        <legislativeSubjects>
          <item>
            <name>Administrative law and regulatory procedures</name>
          </item>
          <item>
            <name>Air quality</name>
          </item>
          <item>
            <name>Alternative and renewable resources</name>
          </item>
          <item>
            <name>Climate change and greenhouse gases</name>
          </item>
          <item>
            <name>Energy efficiency and conservation</name>
          </item>
          <item>
            <name>Environmental Protection Agency (EPA)</name>
          </item>
          <item>
            <name>Environmental health</name>
          </item>
          <item>
            <name>Environmental regulatory procedures</name>
          </item>
          <item>
            <name>Intergovernmental relations</name>
          </item>
          <item>
            <name>Motor fuels</name>
          </item>
          <item>
            <name>Motor vehicles</name>
          </item>
          <item>
            <name>Oil and gas</name>
          </item>
          <item>
            <name>State and local government operations</name>
          </item>
        </legislativeSubjects>
        <policyArea>
          <name>Environmental Protection</name>
        </policyArea>
      </billSubjects>
    </subjects>
    <createDate>2019-09-19T04:27:17Z</createDate>
    <relatedBills>
      <item>
        <latestTitle>Supporting the clean vehicle emissions standards of the United States and defending the authority of States under the Clean Air Act to protect the people of those States from harmful air pollution.</latestTitle>
        <type>HCONRES</type>
        <number>65</number>
        <congress>116</congress>
        <latestAction>
          <text>Referred to the House Committee on Energy and Commerce.</text>
          <actionDate>2019-09-19</actionDate>
        </latestAction>
        <relationshipDetails>
          <item>
            <identifiedBy>CRS</identifiedBy>
            <type>Identical bill</type>
          </item>
        </relationshipDetails>
      </item>
    </relatedBills>
    <policyArea>
      <name>Environmental Protection</name>
    </policyArea>
    <notes />
    <titles>
      <item>
        <title>A resolution supporting the clean vehicle emissions standards of the United States and defending the authority of States under the Clean Air Act to protect the people of those States from harmful air pollution.</title>
        <parentTitleType />
        <chamberCode />
        <titleType>Official Title as Introduced</titleType>
        <chamberName />
      </item>
      <item>
        <title>A resolution supporting the clean vehicle emissions standards of the United States and defending the authority of States under the Clean Air Act to protect the people of those States from harmful air pollution.</title>
        <parentTitleType />
        <chamberCode />
        <titleType>Display Title</titleType>
        <chamberName />
      </item>
    </titles>
    <originChamber>Senate</originChamber>
    <actions>
      <actionTypeCounts>
        <referredToCommittee>1</referredToCommittee>
        <introducedInSenate>1</introducedInSenate>
      </actionTypeCounts>
      <item>
        <actionDate>2019-09-18</actionDate>
        <committee>
          <name>Environment and Public Works Committee</name>
          <systemCode>ssev00</systemCode>
        </committee>
        <links>
          <link>
            <url>https://www.congress.gov/congressional-record/volume-165/senate-section/page/S5579-5580</url>
            <name>S5579-5580</name>
          </link>
        </links>
        <sourceSystem>
          <code>0</code>
          <name>Senate</name>
        </sourceSystem>
        <text>Referred to the Committee on Environment and Public Works. (text: CR S5579-5580)</text>
        <type>IntroReferral</type>
      </item>
      <item>
        <text>Introduced in Senate</text>
        <actionDate>2019-09-18</actionDate>
        <committee />
        <sourceSystem>
          <code>9</code>
          <name>Library of Congress</name>
        </sourceSystem>
        <actionCode>10000</actionCode>
        <type>IntroReferral</type>
        <links />
      </item>
      <actionByCounts>
        <senate>2</senate>
      </actionByCounts>
    </actions>
    <calendarNumbers />
    <title>A resolution supporting the clean vehicle emissions standards of the United States and defending the authority of States under the Clean Air Act to protect the people of those States from harmful air pollution.</title>
    <sponsors>
      <item>
        <byRequestType />
        <identifiers>
          <bioguideId>H001075</bioguideId>
          <lisID>2301</lisID>
          <gpoId />
        </identifiers>
        <bioguideId>H001075</bioguideId>
        <middleName>D.</middleName>
        <state>CA</state>
        <firstName>Kamala</firstName>
        <lastName>Harris</lastName>
        <fullName>Sen. Harris, Kamala D. [D-CA]</fullName>
        <party>D</party>
      </item>
    </sponsors>
    <introducedDate>2019-09-18</introducedDate>
    <committees>
      <billCommittees>
        <item>
          <name>Environment and Public Works Committee</name>
          <activities>
            <item>
              <name>Referred to</name>
              <date>2019-09-18T20:45:12Z</date>
            </item>
          </activities>
          <systemCode>ssev00</systemCode>
          <type>Standing</type>
          <subcommittees />
          <chamber>Senate</chamber>
        </item>
      </billCommittees>
    </committees>
    <billType>SRES</billType>
    <recordedVotes />
    <cosponsors>
      <item>
        <firstName>DIANNE</firstName>
        <middleName />
        <bioguideId>F000062</bioguideId>
        <sponsorshipWithdrawnDate />
        <state>CA</state>
        <fullName>Sen. Feinstein, Dianne [D-CA]</fullName>
        <identifiers>
          <gpoId>8338</gpoId>
          <bioguideId>F000062</bioguideId>
          <lisID>1332</lisID>
        </identifiers>
        <isOriginalCosponsor>True</isOriginalCosponsor>
        <lastName>FEINSTEIN</lastName>
        <sponsorshipDate>2019-09-18</sponsorshipDate>
        <party>D</party>
      </item>
      <item>
        <firstName>EDWARD</firstName>
        <middleName>J.</middleName>
        <bioguideId>M000133</bioguideId>
        <sponsorshipWithdrawnDate />
        <state>MA</state>
        <fullName>Sen. Markey, Edward J. [D-MA]</fullName>
        <identifiers>
          <gpoId>7972</gpoId>
          <lisID>735</lisID>
          <bioguideId>M000133</bioguideId>
        </identifiers>
        <isOriginalCosponsor>True</isOriginalCosponsor>
        <lastName>MARKEY</lastName>
        <sponsorshipDate>2019-09-18</sponsorshipDate>
        <party>D</party>
      </item>
      <item>
        <firstName>Richard</firstName>
        <middleName />
        <bioguideId>B001277</bioguideId>
        <sponsorshipWithdrawnDate />
        <state>CT</state>
        <fullName>Sen. Blumenthal, Richard [D-CT]</fullName>
        <identifiers>
          <gpoId>8332</gpoId>
          <bioguideId>B001277</bioguideId>
          <lisID>2076</lisID>
        </identifiers>
        <isOriginalCosponsor>True</isOriginalCosponsor>
        <lastName>Blumenthal</lastName>
        <sponsorshipDate>2019-09-18</sponsorshipDate>
        <party>D</party>
      </item>
      <item>
        <firstName>Catherine</firstName>
        <middleName />
        <bioguideId>C001113</bioguideId>
        <sponsorshipWithdrawnDate />
        <state>NV</state>
        <fullName>Sen. Cortez Masto, Catherine  [D-NV]</fullName>
        <identifiers>
          <gpoId />
          <lisID>2299</lisID>
          <bioguideId>C001113</bioguideId>
        </identifiers>
        <isOriginalCosponsor>True</isOriginalCosponsor>
        <lastName>Cortez Masto</lastName>
        <sponsorshipDate>2019-09-18</sponsorshipDate>
        <party>D</party>
      </item>
      <item>
        <firstName>MARIA</firstName>
        <middleName />
        <bioguideId>C000127</bioguideId>
        <sponsorshipWithdrawnDate />
        <state>WA</state>
        <fullName>Sen. Cantwell, Maria [D-WA]</fullName>
        <identifiers>
          <gpoId>8288</gpoId>
          <lisID>172</lisID>
          <bioguideId>C000127</bioguideId>
        </identifiers>
        <isOriginalCosponsor>True</isOriginalCosponsor>
        <lastName>CANTWELL</lastName>
        <sponsorshipDate>2019-09-18</sponsorshipDate>
        <party>D</party>
      </item>
      <item>
        <firstName>Jeff</firstName>
        <middleName />
        <bioguideId>M001176</bioguideId>
        <sponsorshipWithdrawnDate />
        <state>OR</state>
        <fullName>Sen. Merkley, Jeff [D-OR]</fullName>
        <identifiers>
          <gpoId>8238</gpoId>
          <lisID>1900</lisID>
          <bioguideId>M001176</bioguideId>
        </identifiers>
        <isOriginalCosponsor>True</isOriginalCosponsor>
        <lastName>Merkley</lastName>
        <sponsorshipDate>2019-09-18</sponsorshipDate>
        <party>D</party>
      </item>
      <item>
        <firstName>Cory</firstName>
        <middleName>A.</middleName>
        <bioguideId>B001288</bioguideId>
        <sponsorshipWithdrawnDate />
        <state>NJ</state>
        <fullName>Sen. Booker, Cory A. [D-NJ]</fullName>
        <identifiers>
          <bioguideId>B001288</bioguideId>
          <lisID>2194</lisID>
          <gpoId />
        </identifiers>
        <isOriginalCosponsor>True</isOriginalCosponsor>
        <lastName>Booker</lastName>
        <sponsorshipDate>2019-09-18</sponsorshipDate>
        <party>D</party>
      </item>
      <item>
        <firstName>Brian</firstName>
        <middleName />
        <bioguideId>S001194</bioguideId>
        <sponsorshipWithdrawnDate />
        <state>HI</state>
        <fullName>Sen. Schatz, Brian [D-HI]</fullName>
        <identifiers>
          <bioguideId>S001194</bioguideId>
          <lisID>2173</lisID>
          <gpoId />
        </identifiers>
        <isOriginalCosponsor>True</isOriginalCosponsor>
        <lastName>Schatz</lastName>
        <sponsorshipDate>2019-09-18</sponsorshipDate>
        <party>D</party>
      </item>
      <item>
        <firstName>Margaret</firstName>
        <middleName>Wood</middleName>
        <bioguideId>H001076</bioguideId>
        <sponsorshipWithdrawnDate />
        <state>NH</state>
        <fullName>Sen. Hassan, Margaret Wood [D-NH]</fullName>
        <identifiers>
          <lisID>2302</lisID>
          <bioguideId>H001076</bioguideId>
          <gpoId />
        </identifiers>
        <isOriginalCosponsor>True</isOriginalCosponsor>
        <lastName>Hassan</lastName>
        <sponsorshipDate>2019-09-18</sponsorshipDate>
        <party>D</party>
      </item>
      <item>
        <firstName>THOMAS</firstName>
        <middleName>R.</middleName>
        <bioguideId>C000174</bioguideId>
        <sponsorshipWithdrawnDate />
        <state>DE</state>
        <fullName>Sen. Carper, Thomas R. [D-DE]</fullName>
        <identifiers>
          <lisID>179</lisID>
          <bioguideId>C000174</bioguideId>
          <gpoId>8283</gpoId>
        </identifiers>
        <isOriginalCosponsor>True</isOriginalCosponsor>
        <lastName>CARPER</lastName>
        <sponsorshipDate>2019-09-18</sponsorshipDate>
        <party>D</party>
      </item>
      <item>
        <firstName>Michael</firstName>
        <middleName>F.</middleName>
        <bioguideId>B001267</bioguideId>
        <sponsorshipWithdrawnDate />
        <state>CO</state>
        <fullName>Sen. Bennet, Michael F. [D-CO]</fullName>
        <identifiers>
          <lisID>1965</lisID>
          <bioguideId>B001267</bioguideId>
          <gpoId>8302</gpoId>
        </identifiers>
        <isOriginalCosponsor>True</isOriginalCosponsor>
        <lastName>Bennet</lastName>
        <sponsorshipDate>2019-09-18</sponsorshipDate>
        <party>D</party>
      </item>
      <item>
        <firstName>Chris</firstName>
        <middleName />
        <bioguideId>V000128</bioguideId>
        <sponsorshipWithdrawnDate />
        <state>MD</state>
        <fullName>Sen. Van Hollen, Chris [D-MD]</fullName>
        <identifiers>
          <bioguideId>V000128</bioguideId>
          <lisID>1729</lisID>
          <gpoId>7983</gpoId>
        </identifiers>
        <isOriginalCosponsor>True</isOriginalCosponsor>
        <lastName>Van Hollen</lastName>
        <sponsorshipDate>2019-09-18</sponsorshipDate>
        <party>D</party>
      </item>
      <item>
        <firstName>Christopher</firstName>
        <middleName>A.</middleName>
        <bioguideId>C001088</bioguideId>
        <sponsorshipWithdrawnDate />
        <state>DE</state>
        <fullName>Sen. Coons, Christopher A. [D-DE]</fullName>
        <identifiers>
          <gpoId>8297</gpoId>
          <bioguideId>C001088</bioguideId>
          <lisID>1984</lisID>
        </identifiers>
        <isOriginalCosponsor>True</isOriginalCosponsor>
        <lastName>Coons</lastName>
        <sponsorshipDate>2019-09-18</sponsorshipDate>
        <party>D</party>
      </item>
      <item>
        <firstName>Elizabeth</firstName>
        <middleName>A.</middleName>
        <bioguideId>W000817</bioguideId>
        <sponsorshipWithdrawnDate />
        <state>MA</state>
        <fullName>Sen. Warren, Elizabeth [D-MA]</fullName>
        <identifiers>
          <gpoId />
          <lisID>2182</lisID>
          <bioguideId>W000817</bioguideId>
        </identifiers>
        <isOriginalCosponsor>True</isOriginalCosponsor>
        <lastName>Warren</lastName>
        <sponsorshipDate>2019-09-18</sponsorshipDate>
        <party>D</party>
      </item>
      <item>
        <firstName>Kirsten</firstName>
        <middleName>E.</middleName>
        <bioguideId>G000555</bioguideId>
        <sponsorshipWithdrawnDate />
        <state>NY</state>
        <fullName>Sen. Gillibrand, Kirsten E. [D-NY]</fullName>
        <identifiers>
          <bioguideId>G000555</bioguideId>
          <lisID>1866</lisID>
          <gpoId>8336</gpoId>
        </identifiers>
        <isOriginalCosponsor>True</isOriginalCosponsor>
        <lastName>Gillibrand</lastName>
        <sponsorshipDate>2019-09-18</sponsorshipDate>
        <party>D</party>
      </item>
      <item>
        <firstName>Mazie</firstName>
        <middleName>K.</middleName>
        <bioguideId>H001042</bioguideId>
        <sponsorshipWithdrawnDate />
        <state>HI</state>
        <fullName>Sen. Hirono, Mazie K. [D-HI]</fullName>
        <identifiers>
          <gpoId>7913</gpoId>
          <lisID>1844</lisID>
          <bioguideId>H001042</bioguideId>
        </identifiers>
        <isOriginalCosponsor>True</isOriginalCosponsor>
        <lastName>Hirono</lastName>
        <sponsorshipDate>2019-09-18</sponsorshipDate>
        <party>D</party>
      </item>
      <item>
        <firstName>Tammy</firstName>
        <middleName />
        <bioguideId>B001230</bioguideId>
        <sponsorshipWithdrawnDate />
        <state>WI</state>
        <fullName>Sen. Baldwin, Tammy [D-WI]</fullName>
        <identifiers>
          <bioguideId>B001230</bioguideId>
          <lisID>1558</lisID>
          <gpoId>8215</gpoId>
        </identifiers>
        <isOriginalCosponsor>True</isOriginalCosponsor>
        <lastName>Baldwin</lastName>
        <sponsorshipDate>2019-09-18</sponsorshipDate>
        <party>D</party>
      </item>
      <item>
        <firstName>Bernard</firstName>
        <middleName />
        <bioguideId>S000033</bioguideId>
        <sponsorshipWithdrawnDate />
        <state>VT</state>
        <fullName>Sen. Sanders, Bernard [I-VT]</fullName>
        <identifiers>
          <gpoId>8270</gpoId>
          <lisID>1010</lisID>
          <bioguideId>S000033</bioguideId>
        </identifiers>
        <isOriginalCosponsor>True</isOriginalCosponsor>
        <lastName>Sanders</lastName>
        <sponsorshipDate>2019-09-18</sponsorshipDate>
        <party>I</party>
      </item>
      <item>
        <firstName>JOHN</firstName>
        <middleName>F.</middleName>
        <bioguideId>R000122</bioguideId>
        <sponsorshipWithdrawnDate />
        <state>RI</state>
        <fullName>Sen. Reed, Jack [D-RI]</fullName>
        <identifiers>
          <gpoId>8272</gpoId>
          <bioguideId>R000122</bioguideId>
          <lisID>949</lisID>
        </identifiers>
        <isOriginalCosponsor>True</isOriginalCosponsor>
        <lastName>REED</lastName>
        <sponsorshipDate>2019-09-18</sponsorshipDate>
        <party>D</party>
      </item>
      <item>
        <firstName>Tina</firstName>
        <middleName />
        <bioguideId>S001203</bioguideId>
        <sponsorshipWithdrawnDate />
        <state>MN</state>
        <fullName>Sen. Smith, Tina  [D-MN]</fullName>
        <identifiers>
          <bioguideId>S001203</bioguideId>
          <lisID>2365</lisID>
          <gpoId />
        </identifiers>
        <isOriginalCosponsor>True</isOriginalCosponsor>
        <lastName>Smith</lastName>
        <sponsorshipDate>2019-09-18</sponsorshipDate>
        <party>D</party>
      </item>
      <item>
        <firstName>Amy</firstName>
        <middleName />
        <bioguideId>K000367</bioguideId>
        <sponsorshipWithdrawnDate />
        <state>MN</state>
        <fullName>Sen. Klobuchar, Amy [D-MN]</fullName>
        <identifiers>
          <lisID>1826</lisID>
          <bioguideId>K000367</bioguideId>
          <gpoId>8249</gpoId>
        </identifiers>
        <isOriginalCosponsor>True</isOriginalCosponsor>
        <lastName>Klobuchar</lastName>
        <sponsorshipDate>2019-09-18</sponsorshipDate>
        <party>D</party>
      </item>
      <item>
        <firstName>BENJAMIN</firstName>
        <middleName>L.</middleName>
        <bioguideId>C000141</bioguideId>
        <sponsorshipWithdrawnDate />
        <state>MD</state>
        <fullName>Sen. Cardin, Benjamin L. [D-MD]</fullName>
        <identifiers>
          <lisID>174</lisID>
          <bioguideId>C000141</bioguideId>
          <gpoId>8287</gpoId>
        </identifiers>
        <isOriginalCosponsor>True</isOriginalCosponsor>
        <lastName>CARDIN</lastName>
        <sponsorshipDate>2019-09-18</sponsorshipDate>
        <party>D</party>
      </item>
      <item>
        <firstName>RON</firstName>
        <middleName />
        <bioguideId>W000779</bioguideId>
        <sponsorshipWithdrawnDate />
        <state>OR</state>
        <fullName>Sen. Wyden, Ron [D-OR]</fullName>
        <identifiers>
          <bioguideId>W000779</bioguideId>
          <lisID>1247</lisID>
          <gpoId>8265</gpoId>
        </identifiers>
        <isOriginalCosponsor>True</isOriginalCosponsor>
        <lastName>WYDEN</lastName>
        <sponsorshipDate>2019-09-18</sponsorshipDate>
        <party>D</party>
      </item>
      <item>
        <firstName>Timothy</firstName>
        <middleName />
        <bioguideId>K000384</bioguideId>
        <sponsorshipWithdrawnDate />
        <state>VA</state>
        <fullName>Sen. Kaine, Tim [D-VA]</fullName>
        <identifiers>
          <gpoId />
          <bioguideId>K000384</bioguideId>
          <lisID>2176</lisID>
        </identifiers>
        <isOriginalCosponsor>True</isOriginalCosponsor>
        <lastName>Kaine</lastName>
        <sponsorshipDate>2019-09-18</sponsorshipDate>
        <party>D</party>
      </item>
      <item>
        <firstName>Sheldon</firstName>
        <middleName />
        <bioguideId>W000802</bioguideId>
        <sponsorshipWithdrawnDate />
        <state>RI</state>
        <fullName>Sen. Whitehouse, Sheldon [D-RI]</fullName>
        <identifiers>
          <lisID>1823</lisID>
          <bioguideId>W000802</bioguideId>
          <gpoId>8264</gpoId>
        </identifiers>
        <isOriginalCosponsor>True</isOriginalCosponsor>
        <lastName>Whitehouse</lastName>
        <sponsorshipDate>2019-09-18</sponsorshipDate>
        <party>D</party>
      </item>
      <item>
        <firstName>PATRICK</firstName>
        <middleName>JOSEPH</middleName>
        <bioguideId>L000174</bioguideId>
        <sponsorshipWithdrawnDate />
        <state>VT</state>
        <fullName>Sen. Leahy, Patrick J. [D-VT]</fullName>
        <identifiers>
          <gpoId>8244</gpoId>
          <bioguideId>L000174</bioguideId>
          <lisID>1383</lisID>
        </identifiers>
        <isOriginalCosponsor>True</isOriginalCosponsor>
        <lastName>LEAHY</lastName>
        <sponsorshipDate>2019-09-18</sponsorshipDate>
        <party>D</party>
      </item>
      <item>
        <firstName>Jeanne</firstName>
        <middleName />
        <bioguideId>S001181</bioguideId>
        <sponsorshipWithdrawnDate />
        <state>NH</state>
        <fullName>Sen. Shaheen, Jeanne [D-NH]</fullName>
        <identifiers>
          <bioguideId>S001181</bioguideId>
          <lisID>1901</lisID>
          <gpoId>8276</gpoId>
        </identifiers>
        <isOriginalCosponsor>True</isOriginalCosponsor>
        <lastName>Shaheen</lastName>
        <sponsorshipDate>2019-09-18</sponsorshipDate>
        <party>D</party>
      </item>
      <item>
        <firstName>TOM</firstName>
        <middleName />
        <bioguideId>U000039</bioguideId>
        <sponsorshipWithdrawnDate />
        <state>NM</state>
        <fullName>Sen. Udall, Tom [D-NM]</fullName>
        <identifiers>
          <gpoId>8260</gpoId>
          <bioguideId>U000039</bioguideId>
          <lisID>1567</lisID>
        </identifiers>
        <isOriginalCosponsor>True</isOriginalCosponsor>
        <lastName>UDALL</lastName>
        <sponsorshipDate>2019-09-18</sponsorshipDate>
        <party>D</party>
      </item>
      <item>
        <firstName>Bob</firstName>
        <middleName />
        <bioguideId>C001070</bioguideId>
        <sponsorshipWithdrawnDate />
        <state>PA</state>
        <fullName>Sen. Casey, Robert P., Jr. [D-PA]</fullName>
        <identifiers>
          <lisID>1828</lisID>
          <bioguideId>C001070</bioguideId>
          <gpoId>8282</gpoId>
        </identifiers>
        <isOriginalCosponsor>True</isOriginalCosponsor>
        <lastName>Casey</lastName>
        <sponsorshipDate>2019-09-18</sponsorshipDate>
        <party>D</party>
      </item>
      <item>
        <firstName>Robert</firstName>
        <middleName />
        <bioguideId>M000639</bioguideId>
        <sponsorshipWithdrawnDate />
        <state>NJ</state>
        <fullName>Sen. Menendez, Robert [D-NJ]</fullName>
        <identifiers>
          <lisID>791</lisID>
          <bioguideId>M000639</bioguideId>
          <gpoId>8239</gpoId>
        </identifiers>
        <isOriginalCosponsor>True</isOriginalCosponsor>
        <lastName>Menendez</lastName>
        <sponsorshipDate>2019-09-18</sponsorshipDate>
        <party>D</party>
      </item>
      <item>
        <firstName>PATTY</firstName>
        <middleName />
        <bioguideId>M001111</bioguideId>
        <sponsorshipWithdrawnDate />
        <state>WA</state>
        <fullName>Sen. Murray, Patty [D-WA]</fullName>
        <identifiers>
          <lisID>1409</lisID>
          <bioguideId>M001111</bioguideId>
          <gpoId>8237</gpoId>
        </identifiers>
        <isOriginalCosponsor>True</isOriginalCosponsor>
        <lastName>MURRAY</lastName>
        <sponsorshipDate>2019-09-18</sponsorshipDate>
        <party>D</party>
      </item>
      <item>
        <firstName>Tammy</firstName>
        <middleName />
        <bioguideId>D000622</bioguideId>
        <sponsorshipWithdrawnDate />
        <state>IL</state>
        <fullName>Sen. Duckworth, Tammy [D-IL]</fullName>
        <identifiers>
          <gpoId />
          <lisID>2123</lisID>
          <bioguideId>D000622</bioguideId>
        </identifiers>
        <isOriginalCosponsor>True</isOriginalCosponsor>
        <lastName>Duckworth</lastName>
        <sponsorshipDate>2019-09-18</sponsorshipDate>
        <party>D</party>
      </item>
      <item>
        <firstName>RICHARD</firstName>
        <middleName>J.</middleName>
        <bioguideId>D000563</bioguideId>
        <sponsorshipWithdrawnDate />
        <state>IL</state>
        <fullName>Sen. Durbin, Richard J. [D-IL]</fullName>
        <identifiers>
          <lisID>326</lisID>
          <bioguideId>D000563</bioguideId>
          <gpoId>8326</gpoId>
        </identifiers>
        <isOriginalCosponsor>True</isOriginalCosponsor>
        <lastName>DURBIN</lastName>
        <sponsorshipDate>2019-09-18</sponsorshipDate>
        <party>D</party>
      </item>
    </cosponsors>
    <congress>116</congress>
    <latestAction>
      <actionDate>2019-09-18</actionDate>
      <text>Referred to the Committee on Environment and Public Works. (text: CR S5579-5580)</text>
      <links />
    </latestAction>
    <billNumber>316</billNumber>
    <amendments />
    <textVersions>
      <item>
        <date>2019-09-18T04:00:00Z</date>
        <type>Introduced in Senate</type>
        <formats>
          <item>
            <url>https://www.govinfo.gov/content/pkg/BILLS-116sres316is/xml/BILLS-116sres316is.xml</url>
          </item>
        </formats>
      </item>
    </textVersions>
    <laws />
    <summaries>
      <billSummaries>
        <item>
          <versionCode>00</versionCode>
          <actionDesc>Introduced in Senate</actionDesc>
          <lastSummaryUpdateDate>2019-10-07T17:12:04Z</lastSummaryUpdateDate>
          <text><![CDATA[<p>This concurrent resolution supports existing regulations with the goals of (1) reducing greenhouse gas emissions and oil usage, and (2) protecting national security and human health and welfare. The concurrent resolution also supports policies that will help meet these goals, such as policies that achieve maximum feasible reductions in oil use.</p>]]></text>
          <updateDate>2019-09-18T04:00:00Z</updateDate>
          <actionDate>2019-09-18</actionDate>
          <name>Introduced in Senate</name>
        </item>
      </billSummaries>
    </summaries>
    <version>1.0.0</version>
    <updateDate>2019-10-10T04:27:49Z</updateDate>
  </bill>
  <dublinCore xmlns:dc="http://purl.org/dc/elements/1.1/">
    <dc:format>text/xml</dc:format>
    <dc:language>EN</dc:language>
    <dc:rights>Pursuant to Title 17 Section 105 of the United States Code, this file is not subject to copyright protection and is in the public domain.</dc:rights>
    <dc:contributor>Congressional Research Service, Library of Congress</dc:contributor>
    <dc:description>This file contains bill summaries and statuses for federal legislation. A bill summary describes the most significant provisions of a piece of legislation and details the effects the legislative text may have on current law and federal programs. Bill summaries are authored by the Congressional Research Service (CRS) of the Library of Congress. As stated in Public Law 91-510 (2 USC 166 (d)(6)), one of the duties of CRS is "to prepare summaries and digests of bills and resolutions of a public general nature introduced in the Senate or House of Representatives". For more information, refer to the User Guide that accompanies this file.</dc:description>
  </dublinCore>
</billStatus>

