<?xml version="1.0" encoding="UTF-8"?>
<billStatus>
  <bill>
    <policyArea>
      <name>Crime and Law Enforcement</name>
    </policyArea>
    <subjects>
      <billSubjects>
        <legislativeSubjects>
          <item>
            <name>Commemorative events and holidays</name>
          </item>
          <item>
            <name>Crime victims</name>
          </item>
          <item>
            <name>Human rights</name>
          </item>
          <item>
            <name>Human trafficking</name>
          </item>
          <item>
            <name>Intergovernmental relations</name>
          </item>
          <item>
            <name>Social work, volunteer service, charitable organizations</name>
          </item>
          <item>
            <name>State and local government operations</name>
          </item>
        </legislativeSubjects>
        <policyArea>
          <name>Crime and Law Enforcement</name>
        </policyArea>
      </billSubjects>
    </subjects>
    <notes />
    <committees>
      <billCommittees>
        <item>
          <type>Standing</type>
          <activities>
            <item>
              <name>Discharged from</name>
              <date>2019-02-12T23:03:46Z</date>
            </item>
            <item>
              <name>Referred to</name>
              <date>2019-01-31T22:00:13Z</date>
            </item>
          </activities>
          <name>Judiciary Committee</name>
          <systemCode>ssju00</systemCode>
          <chamber>Senate</chamber>
          <subcommittees />
        </item>
      </billCommittees>
    </committees>
    <originChamber>Senate</originChamber>
    <amendments />
    <billNumber>36</billNumber>
    <billType>SRES</billType>
    <recordedVotes />
    <title>A resolution supporting the observation of National Trafficking and Modern Slavery Prevention Month during the period beginning on January 1, 2019, and ending on February 1, 2019, to raise awareness of, and opposition to, human trafficking and modern slavery.</title>
    <latestAction>
      <text>Resolution agreed to in Senate without amendment and with a preamble by Unanimous Consent. (text: CR 1/31/2019 S810-811)</text>
      <actionDate>2019-02-12</actionDate>
      <links />
    </latestAction>
    <congress>116</congress>
    <textVersions>
      <item>
        <formats>
          <item>
            <url>https://www.govinfo.gov/content/pkg/BILLS-116sres36ats/xml/BILLS-116sres36ats.xml</url>
          </item>
        </formats>
        <date>2019-02-12T05:00:00Z</date>
        <type>Agreed to Senate</type>
      </item>
      <item>
        <formats>
          <item>
            <url>https://www.govinfo.gov/content/pkg/BILLS-116sres36is/xml/BILLS-116sres36is.xml</url>
          </item>
        </formats>
        <date>2019-01-31T05:00:00Z</date>
        <type>Introduced in Senate</type>
      </item>
    </textVersions>
    <cosponsors>
      <item>
        <isOriginalCosponsor>True</isOriginalCosponsor>
        <fullName>Sen. Grassley, Chuck [R-IA]</fullName>
        <middleName>ERNEST</middleName>
        <lastName>GRASSLEY</lastName>
        <sponsorshipWithdrawnDate />
        <sponsorshipDate>2019-01-31</sponsorshipDate>
        <identifiers>
          <gpoId>8316</gpoId>
          <lisID>457</lisID>
          <bioguideId>G000386</bioguideId>
        </identifiers>
        <firstName>CHARLES</firstName>
        <bioguideId>G000386</bioguideId>
        <party>R</party>
        <state>IA</state>
      </item>
      <item>
        <isOriginalCosponsor>True</isOriginalCosponsor>
        <fullName>Sen. Leahy, Patrick J. [D-VT]</fullName>
        <middleName>JOSEPH</middleName>
        <lastName>LEAHY</lastName>
        <sponsorshipWithdrawnDate />
        <sponsorshipDate>2019-01-31</sponsorshipDate>
        <identifiers>
          <bioguideId>L000174</bioguideId>
          <gpoId>8244</gpoId>
          <lisID>1383</lisID>
        </identifiers>
        <firstName>PATRICK</firstName>
        <bioguideId>L000174</bioguideId>
        <party>D</party>
        <state>VT</state>
      </item>
      <item>
        <isOriginalCosponsor>True</isOriginalCosponsor>
        <fullName>Sen. Cornyn, John [R-TX]</fullName>
        <middleName />
        <lastName>Cornyn</lastName>
        <sponsorshipWithdrawnDate />
        <sponsorshipDate>2019-01-31</sponsorshipDate>
        <identifiers>
          <lisID>1692</lisID>
          <gpoId>8295</gpoId>
          <bioguideId>C001056</bioguideId>
        </identifiers>
        <firstName>John</firstName>
        <bioguideId>C001056</bioguideId>
        <party>R</party>
        <state>TX</state>
      </item>
      <item>
        <isOriginalCosponsor>True</isOriginalCosponsor>
        <fullName>Sen. Klobuchar, Amy [D-MN]</fullName>
        <middleName />
        <lastName>Klobuchar</lastName>
        <sponsorshipWithdrawnDate />
        <sponsorshipDate>2019-01-31</sponsorshipDate>
        <identifiers>
          <bioguideId>K000367</bioguideId>
          <gpoId>8249</gpoId>
          <lisID>1826</lisID>
        </identifiers>
        <firstName>Amy</firstName>
        <bioguideId>K000367</bioguideId>
        <party>D</party>
        <state>MN</state>
      </item>
      <item>
        <isOriginalCosponsor>True</isOriginalCosponsor>
        <fullName>Sen. Isakson, Johnny [R-GA]</fullName>
        <middleName />
        <lastName>Isakson</lastName>
        <sponsorshipWithdrawnDate />
        <sponsorshipDate>2019-01-31</sponsorshipDate>
        <identifiers>
          <gpoId>8323</gpoId>
          <lisID>1608</lisID>
          <bioguideId>I000055</bioguideId>
        </identifiers>
        <firstName>Johnny</firstName>
        <bioguideId>I000055</bioguideId>
        <party>R</party>
        <state>GA</state>
      </item>
      <item>
        <isOriginalCosponsor>True</isOriginalCosponsor>
        <fullName>Sen. Markey, Edward J. [D-MA]</fullName>
        <middleName>J.</middleName>
        <lastName>MARKEY</lastName>
        <sponsorshipWithdrawnDate />
        <sponsorshipDate>2019-01-31</sponsorshipDate>
        <identifiers>
          <lisID>735</lisID>
          <bioguideId>M000133</bioguideId>
          <gpoId>7972</gpoId>
        </identifiers>
        <firstName>EDWARD</firstName>
        <bioguideId>M000133</bioguideId>
        <party>D</party>
        <state>MA</state>
      </item>
      <item>
        <isOriginalCosponsor>True</isOriginalCosponsor>
        <fullName>Sen. Shaheen, Jeanne [D-NH]</fullName>
        <middleName />
        <lastName>Shaheen</lastName>
        <sponsorshipWithdrawnDate />
        <sponsorshipDate>2019-01-31</sponsorshipDate>
        <identifiers>
          <gpoId>8276</gpoId>
          <lisID>1901</lisID>
          <bioguideId>S001181</bioguideId>
        </identifiers>
        <firstName>Jeanne</firstName>
        <bioguideId>S001181</bioguideId>
        <party>D</party>
        <state>NH</state>
      </item>
      <item>
        <isOriginalCosponsor>True</isOriginalCosponsor>
        <fullName>Sen. Blumenthal, Richard [D-CT]</fullName>
        <middleName />
        <lastName>Blumenthal</lastName>
        <sponsorshipWithdrawnDate />
        <sponsorshipDate>2019-01-31</sponsorshipDate>
        <identifiers>
          <bioguideId>B001277</bioguideId>
          <gpoId>8332</gpoId>
          <lisID>2076</lisID>
        </identifiers>
        <firstName>Richard</firstName>
        <bioguideId>B001277</bioguideId>
        <party>D</party>
        <state>CT</state>
      </item>
      <item>
        <isOriginalCosponsor>True</isOriginalCosponsor>
        <fullName>Sen. Brown, Sherrod [D-OH]</fullName>
        <middleName />
        <lastName>Brown</lastName>
        <sponsorshipWithdrawnDate />
        <sponsorshipDate>2019-01-31</sponsorshipDate>
        <identifiers>
          <bioguideId>B000944</bioguideId>
          <gpoId>8309</gpoId>
          <lisID>136</lisID>
        </identifiers>
        <firstName>Sherrod</firstName>
        <bioguideId>B000944</bioguideId>
        <party>D</party>
        <state>OH</state>
      </item>
      <item>
        <isOriginalCosponsor>True</isOriginalCosponsor>
        <fullName>Sen. Toomey, Pat [R-PA]</fullName>
        <middleName />
        <lastName>Toomey</lastName>
        <sponsorshipWithdrawnDate />
        <sponsorshipDate>2019-01-31</sponsorshipDate>
        <identifiers>
          <bioguideId>T000461</bioguideId>
          <gpoId />
          <lisID>1594</lisID>
        </identifiers>
        <firstName>Pat</firstName>
        <bioguideId>T000461</bioguideId>
        <party>R</party>
        <state>PA</state>
      </item>
      <item>
        <isOriginalCosponsor>True</isOriginalCosponsor>
        <fullName>Sen. Rubio, Marco [R-FL]</fullName>
        <middleName />
        <lastName>Rubio</lastName>
        <sponsorshipWithdrawnDate />
        <sponsorshipDate>2019-01-31</sponsorshipDate>
        <identifiers>
          <bioguideId>R000595</bioguideId>
          <gpoId>8242</gpoId>
          <lisID>2084</lisID>
        </identifiers>
        <firstName>Marco</firstName>
        <bioguideId>R000595</bioguideId>
        <party>R</party>
        <state>FL</state>
      </item>
      <item>
        <isOriginalCosponsor>False</isOriginalCosponsor>
        <fullName>Sen. Wyden, Ron [D-OR]</fullName>
        <middleName />
        <lastName>WYDEN</lastName>
        <sponsorshipWithdrawnDate />
        <sponsorshipDate>2019-02-07</sponsorshipDate>
        <identifiers>
          <bioguideId>W000779</bioguideId>
          <gpoId>8265</gpoId>
          <lisID>1247</lisID>
        </identifiers>
        <firstName>RON</firstName>
        <bioguideId>W000779</bioguideId>
        <party>D</party>
        <state>OR</state>
      </item>
    </cosponsors>
    <laws />
    <actions>
      <item>
        <actionDate>2019-02-12</actionDate>
        <committee />
        <links>
          <link>
            <name>CR 1/31/2019 S810</name>
            <url>https://www.congress.gov/congressional-record/volume-165/senate-section/page/S810</url>
          </link>
        </links>
        <sourceSystem>
          <name>Senate</name>
          <code>0</code>
        </sourceSystem>
        <text>Resolution agreed to in Senate without amendment and with a preamble by Unanimous Consent. (text: CR 1/31/2019 S810-811)</text>
        <type>Floor</type>
      </item>
      <item>
        <text>Passed/agreed to in Senate: Resolution agreed to in Senate without amendment and with a preamble by Unanimous Consent.(text: CR 1/31/2019 S810-811)</text>
        <links>
          <link>
            <name>CR 1/31/2019 S810</name>
            <url>https://www.congress.gov/congressional-record/volume-165/senate-section/page/S810</url>
          </link>
        </links>
        <sourceSystem>
          <name>Library of Congress</name>
          <code>9</code>
        </sourceSystem>
        <committee />
        <actionCode>17000</actionCode>
        <type>Floor</type>
        <actionDate>2019-02-12</actionDate>
      </item>
      <item>
        <actionDate>2019-02-12</actionDate>
        <committee>
          <name>Judiciary Committee</name>
          <systemCode>ssju00</systemCode>
        </committee>
        <links>
          <link>
            <name>S1282</name>
            <url>https://www.congress.gov/congressional-record/volume-165/senate-section/page/S1282</url>
          </link>
        </links>
        <sourceSystem>
          <name>Senate</name>
          <code>0</code>
        </sourceSystem>
        <text>Senate Committee on the Judiciary discharged by Unanimous Consent. (consideration: CR S1282)</text>
        <type>Discharge</type>
      </item>
      <item>
        <text>Senate Committee on the Judiciary discharged by Unanimous Consent.(consideration: CR S1282)</text>
        <links>
          <link>
            <name>S1282</name>
            <url>https://www.congress.gov/congressional-record/volume-165/senate-section/page/S1282</url>
          </link>
        </links>
        <sourceSystem>
          <name>Library of Congress</name>
          <code>9</code>
        </sourceSystem>
        <committee>
          <name>Judiciary Committee</name>
          <systemCode>ssju00</systemCode>
        </committee>
        <actionCode>14500</actionCode>
        <type>Committee</type>
        <actionDate>2019-02-12</actionDate>
      </item>
      <item>
        <actionDate>2019-01-31</actionDate>
        <committee>
          <name>Judiciary Committee</name>
          <systemCode>ssju00</systemCode>
        </committee>
        <links />
        <sourceSystem>
          <name>Senate</name>
          <code>0</code>
        </sourceSystem>
        <text>Referred to the Committee on the Judiciary.</text>
        <type>IntroReferral</type>
      </item>
      <item>
        <text>Introduced in Senate</text>
        <links />
        <sourceSystem>
          <name>Library of Congress</name>
          <code>9</code>
        </sourceSystem>
        <committee />
        <actionCode>10000</actionCode>
        <type>IntroReferral</type>
        <actionDate>2019-01-31</actionDate>
      </item>
      <actionTypeCounts>
        <introducedInSenate>1</introducedInSenate>
        <senateCommitteeDischarged>1</senateCommitteeDischarged>
        <committeeDischarged>1</committeeDischarged>
        <passedAgreedToInSenate>1</passedAgreedToInSenate>
        <agreedToInSenate>1</agreedToInSenate>
        <referredToCommittee>1</referredToCommittee>
      </actionTypeCounts>
      <actionByCounts>
        <senate>6</senate>
      </actionByCounts>
    </actions>
    <committeeReports />
    <relatedBills />
    <createDate>2019-02-01T05:40:15Z</createDate>
    <titles>
      <item>
        <title>A resolution supporting the observation of National Trafficking and Modern Slavery Prevention Month during the period beginning on January 1, 2019, and ending on February 1, 2019, to raise awareness of, and opposition to, human trafficking and modern slavery.</title>
        <parentTitleType />
        <chamberCode />
        <chamberName />
        <titleType>Official Title as Introduced</titleType>
      </item>
      <item>
        <title>A resolution supporting the observation of National Trafficking and Modern Slavery Prevention Month during the period beginning on January 1, 2019, and ending on February 1, 2019, to raise awareness of, and opposition to, human trafficking and modern slavery.</title>
        <parentTitleType />
        <chamberCode />
        <chamberName />
        <titleType>Display Title</titleType>
      </item>
    </titles>
    <version>1.0.0</version>
    <calendarNumbers />
    <introducedDate>2019-01-31</introducedDate>
    <cboCostEstimates />
    <updateDate>2019-08-03T07:56:10Z</updateDate>
    <summaries>
      <billSummaries>
        <item>
          <versionCode>00</versionCode>
          <actionDate>2019-01-31</actionDate>
          <name>Introduced in Senate</name>
          <actionDesc>Introduced in Senate</actionDesc>
          <lastSummaryUpdateDate>2019-03-18T14:47:11Z</lastSummaryUpdateDate>
          <updateDate>2019-01-31T05:00:00Z</updateDate>
          <text><![CDATA[<p>This resolution expresses support for observing National Trafficking and Modern Slavery Prevention Month during the period of January 1-February 1, 2019. </p>]]></text>
        </item>
        <item>
          <versionCode>55</versionCode>
          <actionDate>2019-02-12</actionDate>
          <name>Passed Senate</name>
          <actionDesc>Passed Senate</actionDesc>
          <lastSummaryUpdateDate>2019-03-26T17:40:45Z</lastSummaryUpdateDate>
          <updateDate>2019-02-12T13:48:29Z</updateDate>
          <text><![CDATA[<p>This resolution expresses support for observing National Trafficking and Modern Slavery Prevention Month during the period of January 1-February 1, 2019.</p>]]></text>
        </item>
      </billSummaries>
    </summaries>
    <sponsors>
      <item>
        <party>D</party>
        <bioguideId>F000062</bioguideId>
        <fullName>Sen. Feinstein, Dianne [D-CA]</fullName>
        <lastName>FEINSTEIN</lastName>
        <identifiers>
          <gpoId>8338</gpoId>
          <lisID>1332</lisID>
          <bioguideId>F000062</bioguideId>
        </identifiers>
        <byRequestType />
        <state>CA</state>
        <firstName>DIANNE</firstName>
        <middleName />
      </item>
    </sponsors>
  </bill>
  <dublinCore xmlns:dc="http://purl.org/dc/elements/1.1/">
    <dc:format>text/xml</dc:format>
    <dc:language>EN</dc:language>
    <dc:rights>Pursuant to Title 17 Section 105 of the United States Code, this file is not subject to copyright protection and is in the public domain.</dc:rights>
    <dc:contributor>Congressional Research Service, Library of Congress</dc:contributor>
    <dc:description>This file contains bill summaries and statuses for federal legislation. A bill summary describes the most significant provisions of a piece of legislation and details the effects the legislative text may have on current law and federal programs. Bill summaries are authored by the Congressional Research Service (CRS) of the Library of Congress. As stated in Public Law 91-510 (2 USC 166 (d)(6)), one of the duties of CRS is "to prepare summaries and digests of bills and resolutions of a public general nature introduced in the Senate or House of Representatives". For more information, refer to the User Guide that accompanies this file.</dc:description>
  </dublinCore>
</billStatus>

