<?xml version="1.0" encoding="UTF-8"?>
<billStatus>
  <bill>
    <version>1.0.0</version>
    <cboCostEstimates />
    <relatedBills />
    <amendments />
    <summaries>
      <billSummaries>
        <item>
          <text><![CDATA[<p>This resolution recognizes the importance of education for the prevention of substance use disorder, encourages efforts to explore effective and sustainable treatment, and acknowledges those who support individuals who are in recovery.</p>]]></text>
          <actionDate>2019-10-24</actionDate>
          <actionDesc>Introduced in Senate</actionDesc>
          <name>Introduced in Senate</name>
          <lastSummaryUpdateDate>2019-11-20T16:40:17Z</lastSummaryUpdateDate>
          <versionCode>00</versionCode>
          <updateDate>2019-10-24T04:00:00Z</updateDate>
        </item>
      </billSummaries>
    </summaries>
    <policyArea>
      <name>Health</name>
    </policyArea>
    <sponsors>
      <item>
        <firstName>Angus</firstName>
        <middleName />
        <state>ME</state>
        <bioguideId>K000383</bioguideId>
        <identifiers>
          <lisID>2185</lisID>
          <gpoId />
          <bioguideId>K000383</bioguideId>
        </identifiers>
        <fullName>Sen. King, Angus S., Jr. [I-ME]</fullName>
        <party>I</party>
        <lastName>King</lastName>
        <byRequestType />
      </item>
    </sponsors>
    <notes />
    <billNumber>379</billNumber>
    <updateDate>2019-11-23T11:08:13Z</updateDate>
    <titles>
      <item>
        <title>A resolution supporting the designation of September 2019 as "National Alcohol and Drug Addiction Recovery Month".</title>
        <chamberCode />
        <parentTitleType />
        <titleType>Official Title as Introduced</titleType>
        <chamberName />
      </item>
      <item>
        <title>A resolution supporting the designation of September 2019 as "National Alcohol and Drug Addiction Recovery Month".</title>
        <chamberCode />
        <parentTitleType />
        <titleType>Display Title</titleType>
        <chamberName />
      </item>
    </titles>
    <createDate>2019-10-25T04:42:29Z</createDate>
    <title>A resolution supporting the designation of September 2019 as "National Alcohol and Drug Addiction Recovery Month".</title>
    <textVersions>
      <item>
        <type>Agreed to Senate</type>
        <formats>
          <item>
            <url>https://www.govinfo.gov/content/pkg/BILLS-116sres379ats/xml/BILLS-116sres379ats.xml</url>
          </item>
        </formats>
        <date>2019-10-24T04:00:00Z</date>
      </item>
    </textVersions>
    <recordedVotes />
    <calendarNumbers />
    <committeeReports />
    <congress>116</congress>
    <latestAction>
      <actionDate>2019-10-24</actionDate>
      <links />
      <text>Submitted in the Senate, considered, and agreed to without amendment and with a preamble by Voice Vote. (consideration: CR S6177; text: CR S6161)</text>
    </latestAction>
    <actions>
      <actionByCounts>
        <senate>3</senate>
      </actionByCounts>
      <item>
        <actionDate>2019-10-24</actionDate>
        <committee />
        <links>
          <link>
            <url>https://www.congress.gov/congressional-record/volume-165/senate-section/page/S6161</url>
            <name>S6161</name>
          </link>
          <link>
            <url>https://www.congress.gov/congressional-record/volume-165/senate-section/page/S6177</url>
            <name>S6177</name>
          </link>
        </links>
        <sourceSystem>
          <code>0</code>
          <name>Senate</name>
        </sourceSystem>
        <text>Submitted in the Senate, considered, and agreed to without amendment and with a preamble by Voice Vote. (consideration: CR S6177; text: CR S6161)</text>
        <type>Floor</type>
      </item>
      <item>
        <actionDate>2019-10-24</actionDate>
        <committee />
        <type>Floor</type>
        <actionCode>17000</actionCode>
        <links>
          <link>
            <url>https://www.congress.gov/congressional-record/volume-165/senate-section/page/S6161</url>
            <name>S6161</name>
          </link>
          <link>
            <url>https://www.congress.gov/congressional-record/volume-165/senate-section/page/S6177</url>
            <name>S6177</name>
          </link>
        </links>
        <sourceSystem>
          <code>9</code>
          <name>Library of Congress</name>
        </sourceSystem>
        <text>Passed/agreed to in Senate: Submitted in the Senate, considered, and agreed to without amendment and with a preamble by Voice Vote.(consideration: CR S6177; text: CR S6161)</text>
      </item>
      <item>
        <actionDate>2019-10-24</actionDate>
        <committee />
        <type>IntroReferral</type>
        <actionCode>10000</actionCode>
        <links />
        <sourceSystem>
          <code>9</code>
          <name>Library of Congress</name>
        </sourceSystem>
        <text>Introduced in Senate</text>
      </item>
      <actionTypeCounts>
        <passedAgreedToInSenate>1</passedAgreedToInSenate>
        <introducedInSenate>1</introducedInSenate>
        <passedOrAgreedToInSenateDayOf>1</passedOrAgreedToInSenateDayOf>
      </actionTypeCounts>
    </actions>
    <originChamber>Senate</originChamber>
    <committees>
      <billCommittees />
    </committees>
    <introducedDate>2019-10-24</introducedDate>
    <subjects>
      <billSubjects>
        <legislativeSubjects />
        <policyArea>
          <name>Health</name>
        </policyArea>
      </billSubjects>
    </subjects>
    <cosponsors>
      <item>
        <firstName>SHELLEY</firstName>
        <isOriginalCosponsor>True</isOriginalCosponsor>
        <middleName>MOORE</middleName>
        <fullName>Sen. Capito, Shelley Moore [R-WV]</fullName>
        <lastName>CAPITO</lastName>
        <identifiers>
          <bioguideId>C001047</bioguideId>
          <lisID>1676</lisID>
          <gpoId>8223</gpoId>
        </identifiers>
        <sponsorshipWithdrawnDate />
        <state>WV</state>
        <bioguideId>C001047</bioguideId>
        <party>R</party>
        <sponsorshipDate>2019-10-24</sponsorshipDate>
      </item>
      <item>
        <firstName>Joe</firstName>
        <isOriginalCosponsor>True</isOriginalCosponsor>
        <middleName />
        <fullName>Sen. Manchin, Joe, III [D-WV]</fullName>
        <lastName>Manchin</lastName>
        <identifiers>
          <lisID>1983</lisID>
          <gpoId>8256</gpoId>
          <bioguideId>M001183</bioguideId>
        </identifiers>
        <sponsorshipWithdrawnDate />
        <state>WV</state>
        <bioguideId>M001183</bioguideId>
        <party>D</party>
        <sponsorshipDate>2019-10-24</sponsorshipDate>
      </item>
    </cosponsors>
    <billType>SRES</billType>
    <laws />
  </bill>
  <dublinCore xmlns:dc="http://purl.org/dc/elements/1.1/">
    <dc:format>text/xml</dc:format>
    <dc:language>EN</dc:language>
    <dc:rights>Pursuant to Title 17 Section 105 of the United States Code, this file is not subject to copyright protection and is in the public domain.</dc:rights>
    <dc:contributor>Congressional Research Service, Library of Congress</dc:contributor>
    <dc:description>This file contains bill summaries and statuses for federal legislation. A bill summary describes the most significant provisions of a piece of legislation and details the effects the legislative text may have on current law and federal programs. Bill summaries are authored by the Congressional Research Service (CRS) of the Library of Congress. As stated in Public Law 91-510 (2 USC 166 (d)(6)), one of the duties of CRS is "to prepare summaries and digests of bills and resolutions of a public general nature introduced in the Senate or House of Representatives". For more information, refer to the User Guide that accompanies this file.</dc:description>
  </dublinCore>
</billStatus>

