<?xml version="1.0" encoding="UTF-8"?>
<billStatus>
  <bill>
    <version>1.0.0</version>
    <cboCostEstimates />
    <relatedBills>
      <item>
        <latestAction>
          <text>Referred to the Subcommittee on Social Security.</text>
          <actionDate>2019-02-26</actionDate>
        </latestAction>
        <type>HRES</type>
        <relationshipDetails>
          <item>
            <type>Related bill</type>
            <identifiedBy>CRS</identifiedBy>
          </item>
        </relationshipDetails>
        <congress>116</congress>
        <number>149</number>
        <latestTitle>Recognizing the national debt as a threat to national security.</latestTitle>
      </item>
    </relatedBills>
    <amendments />
    <summaries>
      <billSummaries>
        <item>
          <versionCode>00</versionCode>
          <actionDesc>Introduced in Senate</actionDesc>
          <updateDate>2019-02-26T05:00:00Z</updateDate>
          <name>Introduced in Senate</name>
          <lastSummaryUpdateDate>2019-03-04T13:40:55Z</lastSummaryUpdateDate>
          <actionDate>2019-02-26</actionDate>
          <text><![CDATA[<p>This resolution recognizes that the national debt is a threat to national security and that deficits are unsustainable, irresponsible, and dangerous. It also commits to addressing the fiscal crisis faced by the United States. </p>]]></text>
        </item>
      </billSummaries>
    </summaries>
    <policyArea>
      <name>Economics and Public Finance</name>
    </policyArea>
    <sponsors>
      <item>
        <firstName>David</firstName>
        <middleName>Alfred</middleName>
        <state>GA</state>
        <bioguideId>P000612</bioguideId>
        <identifiers>
          <bioguideId>P000612</bioguideId>
          <gpoId />
          <lisID>2286</lisID>
        </identifiers>
        <fullName>Sen. Perdue, David [R-GA]</fullName>
        <party>R</party>
        <lastName>Perdue</lastName>
        <byRequestType />
      </item>
    </sponsors>
    <notes />
    <billNumber>78</billNumber>
    <updateDate>2019-11-15T21:58:34Z</updateDate>
    <titles>
      <item>
        <parentTitleType />
        <chamberCode />
        <title>A resolution recognizing the national debt as a threat to national security.</title>
        <titleType>Official Title as Introduced</titleType>
        <chamberName />
      </item>
      <item>
        <parentTitleType />
        <chamberCode />
        <title>A resolution recognizing the national debt as a threat to national security.</title>
        <titleType>Display Title</titleType>
        <chamberName />
      </item>
    </titles>
    <createDate>2019-02-27T05:25:06Z</createDate>
    <title>A resolution recognizing the national debt as a threat to national security.</title>
    <textVersions>
      <item>
        <type>Introduced in Senate</type>
        <date>2019-02-26T05:00:00Z</date>
        <formats>
          <item>
            <url>https://www.govinfo.gov/content/pkg/BILLS-116sres78is/xml/BILLS-116sres78is.xml</url>
          </item>
        </formats>
      </item>
    </textVersions>
    <recordedVotes />
    <calendarNumbers />
    <committeeReports />
    <congress>116</congress>
    <latestAction>
      <actionDate>2019-02-26</actionDate>
      <links />
      <text>Referred to the Committee on Finance. (text: CR S1494)</text>
    </latestAction>
    <actions>
      <actionTypeCounts>
        <introducedInSenate>1</introducedInSenate>
        <referredToCommittee>1</referredToCommittee>
      </actionTypeCounts>
      <item>
        <actionDate>2019-02-26</actionDate>
        <committee>
          <systemCode>ssfi00</systemCode>
          <name>Finance Committee</name>
        </committee>
        <links>
          <link>
            <url>https://www.congress.gov/congressional-record/volume-165/senate-section/page/S1494</url>
            <name>S1494</name>
          </link>
        </links>
        <sourceSystem>
          <code>0</code>
          <name>Senate</name>
        </sourceSystem>
        <text>Referred to the Committee on Finance. (text: CR S1494)</text>
        <type>IntroReferral</type>
      </item>
      <item>
        <actionCode>10000</actionCode>
        <text>Introduced in Senate</text>
        <sourceSystem>
          <code>9</code>
          <name>Library of Congress</name>
        </sourceSystem>
        <actionDate>2019-02-26</actionDate>
        <type>IntroReferral</type>
        <links />
        <committee />
      </item>
      <actionByCounts>
        <senate>2</senate>
      </actionByCounts>
    </actions>
    <originChamber>Senate</originChamber>
    <committees>
      <billCommittees>
        <item>
          <subcommittees />
          <type>Standing</type>
          <systemCode>ssfi00</systemCode>
          <chamber>Senate</chamber>
          <name>Finance Committee</name>
          <activities>
            <item>
              <date>2019-02-26T20:21:00Z</date>
              <name>Referred to</name>
            </item>
          </activities>
        </item>
      </billCommittees>
    </committees>
    <introducedDate>2019-02-26</introducedDate>
    <subjects>
      <billSubjects>
        <policyArea>
          <name>Economics and Public Finance</name>
        </policyArea>
        <legislativeSubjects>
          <item>
            <name>Budget deficits and national debt</name>
          </item>
        </legislativeSubjects>
      </billSubjects>
    </subjects>
    <cosponsors>
      <item>
        <firstName>Joni</firstName>
        <middleName />
        <isOriginalCosponsor>True</isOriginalCosponsor>
        <state>IA</state>
        <bioguideId>E000295</bioguideId>
        <identifiers>
          <bioguideId>E000295</bioguideId>
          <gpoId />
          <lisID>2283</lisID>
        </identifiers>
        <sponsorshipWithdrawnDate />
        <sponsorshipDate>2019-02-26</sponsorshipDate>
        <fullName>Sen. Ernst, Joni  [R-IA]</fullName>
        <party>R</party>
        <lastName>Ernst</lastName>
      </item>
      <item>
        <firstName>James</firstName>
        <middleName />
        <isOriginalCosponsor>True</isOriginalCosponsor>
        <state>OK</state>
        <bioguideId>L000575</bioguideId>
        <identifiers>
          <lisID>2050</lisID>
          <gpoId>8113</gpoId>
          <bioguideId>L000575</bioguideId>
        </identifiers>
        <sponsorshipWithdrawnDate />
        <sponsorshipDate>2019-02-26</sponsorshipDate>
        <fullName>Sen. Lankford, James [R-OK]</fullName>
        <party>R</party>
        <lastName>Lankford</lastName>
      </item>
      <item>
        <firstName>Jerry</firstName>
        <middleName />
        <isOriginalCosponsor>True</isOriginalCosponsor>
        <state>KS</state>
        <bioguideId>M000934</bioguideId>
        <identifiers>
          <bioguideId>M000934</bioguideId>
          <lisID>1507</lisID>
          <gpoId>8307</gpoId>
        </identifiers>
        <sponsorshipWithdrawnDate />
        <sponsorshipDate>2019-02-26</sponsorshipDate>
        <fullName>Sen. Moran, Jerry [R-KS]</fullName>
        <party>R</party>
        <lastName>Moran</lastName>
      </item>
      <item>
        <firstName>Mike</firstName>
        <middleName />
        <isOriginalCosponsor>True</isOriginalCosponsor>
        <state>SD</state>
        <bioguideId>R000605</bioguideId>
        <identifiers>
          <lisID>2288</lisID>
          <gpoId />
          <bioguideId>R000605</bioguideId>
        </identifiers>
        <sponsorshipWithdrawnDate />
        <sponsorshipDate>2019-02-26</sponsorshipDate>
        <fullName>Sen. Rounds, Mike  [R-SD]</fullName>
        <party>R</party>
        <lastName>Rounds</lastName>
      </item>
      <item>
        <firstName>Ben</firstName>
        <middleName />
        <isOriginalCosponsor>True</isOriginalCosponsor>
        <state>NE</state>
        <bioguideId>S001197</bioguideId>
        <identifiers>
          <lisID>2289</lisID>
          <gpoId />
          <bioguideId>S001197</bioguideId>
        </identifiers>
        <sponsorshipWithdrawnDate />
        <sponsorshipDate>2019-02-26</sponsorshipDate>
        <fullName>Sen. Sasse, Ben  [R-NE]</fullName>
        <party>R</party>
        <lastName>Sasse</lastName>
      </item>
      <item>
        <firstName>Martha</firstName>
        <middleName />
        <isOriginalCosponsor>False</isOriginalCosponsor>
        <state>AZ</state>
        <bioguideId>M001197</bioguideId>
        <identifiers>
          <lisID>2225</lisID>
          <gpoId />
          <bioguideId>M001197</bioguideId>
        </identifiers>
        <sponsorshipWithdrawnDate />
        <sponsorshipDate>2019-03-27</sponsorshipDate>
        <fullName>Sen. McSally, Martha [R-AZ]</fullName>
        <party>R</party>
        <lastName>McSally</lastName>
      </item>
      <item>
        <firstName>Mike</firstName>
        <middleName />
        <isOriginalCosponsor>False</isOriginalCosponsor>
        <state>IN</state>
        <bioguideId>B001310</bioguideId>
        <identifiers>
          <lisID>2462</lisID>
          <gpoId />
          <bioguideId>B001310</bioguideId>
        </identifiers>
        <sponsorshipWithdrawnDate />
        <sponsorshipDate>2019-06-19</sponsorshipDate>
        <fullName>Sen. Braun, Mike  [R-IN]</fullName>
        <party>R</party>
        <lastName>Braun</lastName>
      </item>
    </cosponsors>
    <billType>SRES</billType>
    <laws />
  </bill>
  <dublinCore xmlns:dc="http://purl.org/dc/elements/1.1/">
    <dc:format>text/xml</dc:format>
    <dc:language>EN</dc:language>
    <dc:rights>Pursuant to Title 17 Section 105 of the United States Code, this file is not subject to copyright protection and is in the public domain.</dc:rights>
    <dc:contributor>Congressional Research Service, Library of Congress</dc:contributor>
    <dc:description>This file contains bill summaries and statuses for federal legislation. A bill summary describes the most significant provisions of a piece of legislation and details the effects the legislative text may have on current law and federal programs. Bill summaries are authored by the Congressional Research Service (CRS) of the Library of Congress. As stated in Public Law 91-510 (2 USC 166 (d)(6)), one of the duties of CRS is "to prepare summaries and digests of bills and resolutions of a public general nature introduced in the Senate or House of Representatives". For more information, refer to the User Guide that accompanies this file.</dc:description>
  </dublinCore>
</billStatus>

