<?xml version="1.0" encoding="UTF-8"?>
<billStatus>
  <bill>
    <introducedDate>2019-06-20</introducedDate>
    <latestAction>
      <text>Submitted in the Senate, considered, and agreed to without amendment and with a preamble by Voice Vote. (consideration: CR S4195; text: CR S4179)</text>
      <actionDate>2019-06-20</actionDate>
      <links />
    </latestAction>
    <summaries>
      <billSummaries>
        <item>
          <updateDate>2019-06-20T04:00:00Z</updateDate>
          <versionCode>00</versionCode>
          <actionDesc>Introduced in Senate</actionDesc>
          <text><![CDATA[<p>This resolution expresses support for (1) the designation of May 2019 as National Brain Tumor Awareness Month, (2) research to develop better treatments for brain tumors that will improve the quality of life and the long-term prognosis for those with brain tumors, and (3) those who are battling brain tumors.</p> <p>Additionally, the resolution encourages increased public awareness of brain tumors to honor individuals who are living with or who have lost their lives to brain tumors.</p> <p>Lastly, the resolution urges a collaborative approach to brain tumor research.</p>]]></text>
          <actionDate>2019-06-20</actionDate>
          <lastSummaryUpdateDate>2019-11-01T20:53:59Z</lastSummaryUpdateDate>
          <name>Introduced in Senate</name>
        </item>
      </billSummaries>
    </summaries>
    <subjects>
      <billSubjects>
        <policyArea>
          <name>Health</name>
        </policyArea>
        <legislativeSubjects>
          <item>
            <name>Cancer</name>
          </item>
          <item>
            <name>Commemorative events and holidays</name>
          </item>
          <item>
            <name>Congressional tributes</name>
          </item>
          <item>
            <name>Health care quality</name>
          </item>
          <item>
            <name>Health promotion and preventive care</name>
          </item>
          <item>
            <name>Medical research</name>
          </item>
          <item>
            <name>Neurological disorders</name>
          </item>
          <item>
            <name>Research administration and funding</name>
          </item>
        </legislativeSubjects>
      </billSubjects>
    </subjects>
    <relatedBills />
    <textVersions>
      <item>
        <date>2019-06-20T04:00:00Z</date>
        <type>Agreed to Senate</type>
        <formats>
          <item>
            <url>https://www.govinfo.gov/content/pkg/BILLS-116sres258ats/xml/BILLS-116sres258ats.xml</url>
          </item>
        </formats>
      </item>
    </textVersions>
    <notes />
    <billNumber>258</billNumber>
    <createDate>2019-06-21T04:42:09Z</createDate>
    <amendments />
    <originChamber>Senate</originChamber>
    <title>A resolution expressing support for the designation of May 2019 as "National Brain Tumor Awareness Month".</title>
    <committeeReports />
    <calendarNumbers />
    <version>1.0.0</version>
    <titles>
      <item>
        <titleType>Official Title as Introduced</titleType>
        <parentTitleType />
        <chamberName />
        <title>A resolution expressing support for the designation of May 2019 as "National Brain Tumor Awareness Month".</title>
        <chamberCode />
      </item>
      <item>
        <titleType>Display Title</titleType>
        <parentTitleType />
        <chamberName />
        <title>A resolution expressing support for the designation of May 2019 as "National Brain Tumor Awareness Month".</title>
        <chamberCode />
      </item>
    </titles>
    <policyArea>
      <name>Health</name>
    </policyArea>
    <cboCostEstimates />
    <sponsors>
      <item>
        <lastName>Daines</lastName>
        <fullName>Sen. Daines, Steve [R-MT]</fullName>
        <party>R</party>
        <byRequestType />
        <firstName>Steve</firstName>
        <state>MT</state>
        <identifiers>
          <bioguideId>D000618</bioguideId>
          <lisID>2138</lisID>
          <gpoId />
        </identifiers>
        <bioguideId>D000618</bioguideId>
        <middleName />
      </item>
    </sponsors>
    <cosponsors>
      <item>
        <bioguideId>M000133</bioguideId>
        <firstName>EDWARD</firstName>
        <middleName>J.</middleName>
        <party>D</party>
        <lastName>MARKEY</lastName>
        <sponsorshipWithdrawnDate />
        <identifiers>
          <lisID>735</lisID>
          <bioguideId>M000133</bioguideId>
          <gpoId>7972</gpoId>
        </identifiers>
        <sponsorshipDate>2019-06-20</sponsorshipDate>
        <isOriginalCosponsor>True</isOriginalCosponsor>
        <state>MA</state>
        <fullName>Sen. Markey, Edward J. [D-MA]</fullName>
      </item>
      <item>
        <bioguideId>C001035</bioguideId>
        <firstName>SUSAN</firstName>
        <middleName>MARGARET</middleName>
        <party>R</party>
        <lastName>COLLINS</lastName>
        <sponsorshipWithdrawnDate />
        <identifiers>
          <lisID>1541</lisID>
          <bioguideId>C001035</bioguideId>
          <gpoId>8291</gpoId>
        </identifiers>
        <sponsorshipDate>2019-06-20</sponsorshipDate>
        <isOriginalCosponsor>True</isOriginalCosponsor>
        <state>ME</state>
        <fullName>Sen. Collins, Susan M. [R-ME]</fullName>
      </item>
      <item>
        <bioguideId>V000128</bioguideId>
        <firstName>Chris</firstName>
        <middleName />
        <party>D</party>
        <lastName>Van Hollen</lastName>
        <sponsorshipWithdrawnDate />
        <identifiers>
          <bioguideId>V000128</bioguideId>
          <lisID>1729</lisID>
          <gpoId>7983</gpoId>
        </identifiers>
        <sponsorshipDate>2019-06-20</sponsorshipDate>
        <isOriginalCosponsor>True</isOriginalCosponsor>
        <state>MD</state>
        <fullName>Sen. Van Hollen, Chris [D-MD]</fullName>
      </item>
      <item>
        <bioguideId>W000817</bioguideId>
        <firstName>Elizabeth</firstName>
        <middleName>A.</middleName>
        <party>D</party>
        <lastName>Warren</lastName>
        <sponsorshipWithdrawnDate />
        <identifiers>
          <lisID>2182</lisID>
          <bioguideId>W000817</bioguideId>
          <gpoId />
        </identifiers>
        <sponsorshipDate>2019-06-20</sponsorshipDate>
        <isOriginalCosponsor>True</isOriginalCosponsor>
        <state>MA</state>
        <fullName>Sen. Warren, Elizabeth [D-MA]</fullName>
      </item>
    </cosponsors>
    <recordedVotes />
    <committees>
      <billCommittees />
    </committees>
    <actions>
      <actionTypeCounts>
        <passedOrAgreedToInSenateDayOf>1</passedOrAgreedToInSenateDayOf>
        <introducedInSenate>1</introducedInSenate>
        <passedAgreedToInSenate>1</passedAgreedToInSenate>
      </actionTypeCounts>
      <actionByCounts>
        <senate>3</senate>
      </actionByCounts>
      <item>
        <actionDate>2019-06-20</actionDate>
        <committee />
        <links>
          <link>
            <url>https://www.congress.gov/congressional-record/volume-165/senate-section/page/S4179</url>
            <name>S4179</name>
          </link>
          <link>
            <url>https://www.congress.gov/congressional-record/volume-165/senate-section/page/S4195</url>
            <name>S4195</name>
          </link>
        </links>
        <sourceSystem>
          <code>0</code>
          <name>Senate</name>
        </sourceSystem>
        <text>Submitted in the Senate, considered, and agreed to without amendment and with a preamble by Voice Vote. (consideration: CR S4195; text: CR S4179)</text>
        <type>Floor</type>
      </item>
      <item>
        <actionCode>17000</actionCode>
        <text>Passed/agreed to in Senate: Submitted in the Senate, considered, and agreed to without amendment and with a preamble by Voice Vote.(consideration: CR S4195; text: CR S4179)</text>
        <links>
          <link>
            <url>https://www.congress.gov/congressional-record/volume-165/senate-section/page/S4179</url>
            <name>S4179</name>
          </link>
          <link>
            <url>https://www.congress.gov/congressional-record/volume-165/senate-section/page/S4195</url>
            <name>S4195</name>
          </link>
        </links>
        <committee />
        <type>Floor</type>
        <sourceSystem>
          <code>9</code>
          <name>Library of Congress</name>
        </sourceSystem>
        <actionDate>2019-06-20</actionDate>
      </item>
      <item>
        <actionCode>10000</actionCode>
        <text>Introduced in Senate</text>
        <links />
        <committee />
        <type>IntroReferral</type>
        <sourceSystem>
          <code>9</code>
          <name>Library of Congress</name>
        </sourceSystem>
        <actionDate>2019-06-20</actionDate>
      </item>
    </actions>
    <billType>SRES</billType>
    <laws />
    <congress>116</congress>
    <updateDate>2019-11-06T10:59:25Z</updateDate>
  </bill>
  <dublinCore xmlns:dc="http://purl.org/dc/elements/1.1/">
    <dc:format>text/xml</dc:format>
    <dc:language>EN</dc:language>
    <dc:rights>Pursuant to Title 17 Section 105 of the United States Code, this file is not subject to copyright protection and is in the public domain.</dc:rights>
    <dc:contributor>Congressional Research Service, Library of Congress</dc:contributor>
    <dc:description>This file contains bill summaries and statuses for federal legislation. A bill summary describes the most significant provisions of a piece of legislation and details the effects the legislative text may have on current law and federal programs. Bill summaries are authored by the Congressional Research Service (CRS) of the Library of Congress. As stated in Public Law 91-510 (2 USC 166 (d)(6)), one of the duties of CRS is "to prepare summaries and digests of bills and resolutions of a public general nature introduced in the Senate or House of Representatives". For more information, refer to the User Guide that accompanies this file.</dc:description>
  </dublinCore>
</billStatus>

