<?xml version="1.0" encoding="UTF-8"?>
<billStatus>
  <bill>
    <subjects>
      <billSubjects>
        <legislativeSubjects>
          <item>
            <name>Caribbean area</name>
          </item>
          <item>
            <name>Cuba</name>
          </item>
          <item>
            <name>Detention of persons</name>
          </item>
          <item>
            <name>Elementary and secondary education</name>
          </item>
          <item>
            <name>Family relationships</name>
          </item>
          <item>
            <name>Human rights</name>
          </item>
          <item>
            <name>Latin America</name>
          </item>
          <item>
            <name>Protest and dissent</name>
          </item>
          <item>
            <name>Religion</name>
          </item>
          <item>
            <name>Sanctions</name>
          </item>
          <item>
            <name>Sovereignty, recognition, national governance and status</name>
          </item>
          <item>
            <name>Trade restrictions</name>
          </item>
        </legislativeSubjects>
        <policyArea>
          <name>International Affairs</name>
        </policyArea>
      </billSubjects>
    </subjects>
    <relatedBills />
    <notes />
    <committees>
      <billCommittees>
        <item>
          <type>Standing</type>
          <name>Foreign Relations Committee</name>
          <activities>
            <item>
              <date>2019-05-21T20:42:27Z</date>
              <name>Referred to</name>
            </item>
          </activities>
          <subcommittees />
          <systemCode>ssfr00</systemCode>
          <chamber>Senate</chamber>
        </item>
      </billCommittees>
    </committees>
    <summaries>
      <billSummaries />
    </summaries>
    <version>1.0.0</version>
    <originChamber>Senate</originChamber>
    <congress>116</congress>
    <latestAction>
      <actionDate>2019-05-21</actionDate>
      <text>Referred to the Committee on Foreign Relations. (text: CR S3010)</text>
      <links />
    </latestAction>
    <actions>
      <actionTypeCounts>
        <introducedInSenate>1</introducedInSenate>
        <referredToCommittee>1</referredToCommittee>
      </actionTypeCounts>
      <item>
        <actionDate>2019-05-21</actionDate>
        <committee>
          <systemCode>ssfr00</systemCode>
          <name>Foreign Relations Committee</name>
        </committee>
        <links>
          <link>
            <url>https://www.congress.gov/congressional-record/volume-165/senate-section/page/S3010</url>
            <name>S3010</name>
          </link>
        </links>
        <sourceSystem>
          <code>0</code>
          <name>Senate</name>
        </sourceSystem>
        <text>Referred to the Committee on Foreign Relations. (text: CR S3010)</text>
        <type>IntroReferral</type>
      </item>
      <item>
        <actionCode>10000</actionCode>
        <text>Introduced in Senate</text>
        <sourceSystem>
          <code>9</code>
          <name>Library of Congress</name>
        </sourceSystem>
        <actionDate>2019-05-21</actionDate>
        <type>IntroReferral</type>
        <links />
        <committee />
      </item>
      <actionByCounts>
        <senate>2</senate>
      </actionByCounts>
    </actions>
    <createDate>2019-05-22T04:42:11Z</createDate>
    <titles>
      <item>
        <title>A resolution calling for greater religious and political freedoms in Cuba, and for other purposes.</title>
        <chamberCode />
        <parentTitleType />
        <titleType>Official Title as Introduced</titleType>
        <chamberName />
      </item>
      <item>
        <title>A resolution calling for greater religious and political freedoms in Cuba, and for other purposes.</title>
        <chamberCode />
        <parentTitleType />
        <titleType>Display Title</titleType>
        <chamberName />
      </item>
    </titles>
    <laws />
    <introducedDate>2019-05-21</introducedDate>
    <calendarNumbers />
    <recordedVotes />
    <textVersions>
      <item>
        <type>Introduced in Senate</type>
        <date>2019-05-21T04:00:00Z</date>
        <formats>
          <item>
            <url>https://www.govinfo.gov/content/pkg/BILLS-116sres215is/xml/BILLS-116sres215is.xml</url>
          </item>
        </formats>
      </item>
    </textVersions>
    <cosponsors>
      <item>
        <firstName>Tom</firstName>
        <middleName />
        <isOriginalCosponsor>True</isOriginalCosponsor>
        <state>AR</state>
        <bioguideId>C001095</bioguideId>
        <identifiers>
          <lisID>2098</lisID>
          <gpoId />
          <bioguideId>C001095</bioguideId>
        </identifiers>
        <sponsorshipWithdrawnDate />
        <sponsorshipDate>2019-05-21</sponsorshipDate>
        <fullName>Sen. Cotton, Tom [R-AR]</fullName>
        <party>R</party>
        <lastName>Cotton</lastName>
      </item>
      <item>
        <firstName>Marco</firstName>
        <middleName />
        <isOriginalCosponsor>True</isOriginalCosponsor>
        <state>FL</state>
        <bioguideId>R000595</bioguideId>
        <identifiers>
          <lisID>2084</lisID>
          <gpoId>8242</gpoId>
          <bioguideId>R000595</bioguideId>
        </identifiers>
        <sponsorshipWithdrawnDate />
        <sponsorshipDate>2019-05-21</sponsorshipDate>
        <fullName>Sen. Rubio, Marco [R-FL]</fullName>
        <party>R</party>
        <lastName>Rubio</lastName>
      </item>
      <item>
        <firstName>Ted</firstName>
        <middleName />
        <isOriginalCosponsor>True</isOriginalCosponsor>
        <state>TX</state>
        <bioguideId>C001098</bioguideId>
        <identifiers>
          <bioguideId>C001098</bioguideId>
          <lisID>2175</lisID>
          <gpoId />
        </identifiers>
        <sponsorshipWithdrawnDate />
        <sponsorshipDate>2019-05-21</sponsorshipDate>
        <fullName>Sen. Cruz, Ted [R-TX]</fullName>
        <party>R</party>
        <lastName>Cruz</lastName>
      </item>
      <item>
        <firstName>Rick</firstName>
        <middleName />
        <isOriginalCosponsor>False</isOriginalCosponsor>
        <state>FL</state>
        <bioguideId>S001217</bioguideId>
        <identifiers>
          <lisID>2470</lisID>
          <gpoId />
          <bioguideId>S001217</bioguideId>
        </identifiers>
        <sponsorshipWithdrawnDate />
        <sponsorshipDate>2019-06-03</sponsorshipDate>
        <fullName>Sen. Scott, Rick  [R-FL]</fullName>
        <party>R</party>
        <lastName>Scott</lastName>
      </item>
      <item>
        <firstName>Bill</firstName>
        <middleName />
        <isOriginalCosponsor>False</isOriginalCosponsor>
        <state>LA</state>
        <bioguideId>C001075</bioguideId>
        <identifiers>
          <lisID>1925</lisID>
          <gpoId>7964</gpoId>
          <bioguideId>C001075</bioguideId>
        </identifiers>
        <sponsorshipWithdrawnDate />
        <sponsorshipDate>2019-06-03</sponsorshipDate>
        <fullName>Sen. Cassidy, Bill [R-LA]</fullName>
        <party>R</party>
        <lastName>Cassidy</lastName>
      </item>
      <item>
        <firstName>John</firstName>
        <middleName>Neely</middleName>
        <isOriginalCosponsor>False</isOriginalCosponsor>
        <state>LA</state>
        <bioguideId>K000393</bioguideId>
        <identifiers>
          <bioguideId>K000393</bioguideId>
          <lisID>2303</lisID>
          <gpoId />
        </identifiers>
        <sponsorshipWithdrawnDate />
        <sponsorshipDate>2019-09-23</sponsorshipDate>
        <fullName>Sen. Kennedy, John [R-LA]</fullName>
        <party>R</party>
        <lastName>Kennedy</lastName>
      </item>
    </cosponsors>
    <amendments />
    <billNumber>215</billNumber>
    <updateDate>2019-11-15T21:56:29Z</updateDate>
    <cboCostEstimates />
    <title>A resolution calling for greater religious and political freedoms in Cuba, and for other purposes.</title>
    <committeeReports />
    <policyArea>
      <name>International Affairs</name>
    </policyArea>
    <sponsors>
      <item>
        <party>R</party>
        <lastName>Braun</lastName>
        <firstName>Mike</firstName>
        <state>IN</state>
        <fullName>Sen. Braun, Mike  [R-IN]</fullName>
        <identifiers>
          <lisID>2462</lisID>
          <gpoId />
          <bioguideId>B001310</bioguideId>
        </identifiers>
        <middleName />
        <bioguideId>B001310</bioguideId>
        <byRequestType />
      </item>
    </sponsors>
    <billType>SRES</billType>
  </bill>
  <dublinCore xmlns:dc="http://purl.org/dc/elements/1.1/">
    <dc:format>text/xml</dc:format>
    <dc:language>EN</dc:language>
    <dc:rights>Pursuant to Title 17 Section 105 of the United States Code, this file is not subject to copyright protection and is in the public domain.</dc:rights>
    <dc:contributor>Congressional Research Service, Library of Congress</dc:contributor>
    <dc:description>This file contains bill summaries and statuses for federal legislation. A bill summary describes the most significant provisions of a piece of legislation and details the effects the legislative text may have on current law and federal programs. Bill summaries are authored by the Congressional Research Service (CRS) of the Library of Congress. As stated in Public Law 91-510 (2 USC 166 (d)(6)), one of the duties of CRS is "to prepare summaries and digests of bills and resolutions of a public general nature introduced in the Senate or House of Representatives". For more information, refer to the User Guide that accompanies this file.</dc:description>
  </dublinCore>
</billStatus>

