<?xml version="1.0" encoding="UTF-8"?>
<billStatus>
  <bill>
    <committees>
      <billCommittees>
        <item>
          <systemCode>ssju00</systemCode>
          <type>Standing</type>
          <chamber>Senate</chamber>
          <subcommittees />
          <name>Judiciary Committee</name>
          <activities>
            <item>
              <date>2019-04-11T21:00:21Z</date>
              <name>Discharged from</name>
            </item>
            <item>
              <date>2019-03-28T20:16:45Z</date>
              <name>Referred to</name>
            </item>
          </activities>
        </item>
      </billCommittees>
    </committees>
    <billType>SRES</billType>
    <recordedVotes />
    <billNumber>131</billNumber>
    <policyArea>
      <name>Emergency Management</name>
    </policyArea>
    <updateDate>2019-11-13T11:02:10Z</updateDate>
    <originChamber>Senate</originChamber>
    <titles>
      <item>
        <parentTitleType />
        <title>A resolution designating April 2019 as "National 9-1-1 Education Month".</title>
        <chamberName />
        <titleType>Official Title as Introduced</titleType>
        <chamberCode />
      </item>
      <item>
        <parentTitleType />
        <title>A resolution designating April 2019 as "National 9-1-1 Education Month".</title>
        <chamberName />
        <titleType>Display Title</titleType>
        <chamberCode />
      </item>
    </titles>
    <laws />
    <latestAction>
      <text>Resolution agreed to in Senate without amendment and with a preamble by Unanimous Consent. (text: 3/28/2019 CR S2093-2094)</text>
      <actionDate>2019-04-11</actionDate>
      <links />
    </latestAction>
    <amendments />
    <congress>116</congress>
    <title>A resolution designating April 2019 as "National 9-1-1 Education Month".</title>
    <relatedBills />
    <notes />
    <introducedDate>2019-03-28</introducedDate>
    <subjects>
      <billSubjects>
        <policyArea>
          <name>Emergency Management</name>
        </policyArea>
        <legislativeSubjects>
          <item>
            <name>Commemorative events and holidays</name>
          </item>
          <item>
            <name>Elementary and secondary education</name>
          </item>
          <item>
            <name>Emergency communications systems</name>
          </item>
          <item>
            <name>School administration</name>
          </item>
          <item>
            <name>Telephone and wireless communication</name>
          </item>
        </legislativeSubjects>
      </billSubjects>
    </subjects>
    <calendarNumbers />
    <summaries>
      <billSummaries>
        <item>
          <actionDesc>Introduced in Senate</actionDesc>
          <actionDate>2019-03-28</actionDate>
          <name>Introduced in Senate</name>
          <versionCode>00</versionCode>
          <lastSummaryUpdateDate>2019-08-28T20:23:43Z</lastSummaryUpdateDate>
          <updateDate>2019-03-28T04:00:00Z</updateDate>
          <text><![CDATA[<p>This resolution designates April 2019 as National 9-1-1 Education Month.</p>]]></text>
        </item>
        <item>
          <actionDesc>Passed Senate</actionDesc>
          <actionDate>2019-04-11</actionDate>
          <name>Passed Senate</name>
          <versionCode>55</versionCode>
          <lastSummaryUpdateDate>2019-11-07T21:01:34Z</lastSummaryUpdateDate>
          <updateDate>2019-04-11T10:45:10Z</updateDate>
          <text><![CDATA[<p>This resolution designates April 2019 as National 9-1-1 Education Month.</p>]]></text>
        </item>
      </billSummaries>
    </summaries>
    <actions>
      <item>
        <actionDate>2019-04-11</actionDate>
        <committee />
        <links>
          <link>
            <name>S2093-2094</name>
            <url>https://www.congress.gov/congressional-record/volume-165/senate-section/page/S2093-2094</url>
          </link>
        </links>
        <sourceSystem>
          <code>0</code>
          <name>Senate</name>
        </sourceSystem>
        <text>Resolution agreed to in Senate without amendment and with a preamble by Unanimous Consent. (text: 3/28/2019 CR S2093-2094)</text>
        <type>Floor</type>
      </item>
      <item>
        <links>
          <link>
            <name>S2093-2094</name>
            <url>https://www.congress.gov/congressional-record/volume-165/senate-section/page/S2093-2094</url>
          </link>
        </links>
        <text>Passed/agreed to in Senate: Resolution agreed to in Senate without amendment and with a preamble by Unanimous Consent.(text: 3/28/2019 CR S2093-2094)</text>
        <actionCode>17000</actionCode>
        <type>Floor</type>
        <sourceSystem>
          <code>9</code>
          <name>Library of Congress</name>
        </sourceSystem>
        <actionDate>2019-04-11</actionDate>
        <committee />
      </item>
      <item>
        <actionDate>2019-04-11</actionDate>
        <committee>
          <systemCode>ssju00</systemCode>
          <name>Judiciary Committee</name>
        </committee>
        <links>
          <link>
            <url>https://www.congress.gov/congressional-record/volume-165/senate-section/page/S2455</url>
            <name>S2455</name>
          </link>
        </links>
        <sourceSystem>
          <code>0</code>
          <name>Senate</name>
        </sourceSystem>
        <text>Senate Committee on the Judiciary discharged by Unanimous Consent. (consideration: CR S2455)</text>
        <type>Discharge</type>
      </item>
      <item>
        <links>
          <link>
            <url>https://www.congress.gov/congressional-record/volume-165/senate-section/page/S2455</url>
            <name>S2455</name>
          </link>
        </links>
        <text>Senate Committee on the Judiciary discharged by Unanimous Consent.(consideration: CR S2455)</text>
        <actionCode>14500</actionCode>
        <type>Committee</type>
        <sourceSystem>
          <code>9</code>
          <name>Library of Congress</name>
        </sourceSystem>
        <actionDate>2019-04-11</actionDate>
        <committee>
          <systemCode>ssju00</systemCode>
          <name>Judiciary Committee</name>
        </committee>
      </item>
      <item>
        <actionDate>2019-03-28</actionDate>
        <committee>
          <systemCode>ssju00</systemCode>
          <name>Judiciary Committee</name>
        </committee>
        <links />
        <sourceSystem>
          <code>0</code>
          <name>Senate</name>
        </sourceSystem>
        <text>Referred to the Committee on the Judiciary.</text>
        <type>IntroReferral</type>
      </item>
      <item>
        <links />
        <text>Introduced in Senate</text>
        <actionCode>10000</actionCode>
        <type>IntroReferral</type>
        <sourceSystem>
          <code>9</code>
          <name>Library of Congress</name>
        </sourceSystem>
        <actionDate>2019-03-28</actionDate>
        <committee />
      </item>
      <actionByCounts>
        <senate>6</senate>
      </actionByCounts>
      <actionTypeCounts>
        <senateCommitteeDischarged>1</senateCommitteeDischarged>
        <passedAgreedToInSenate>1</passedAgreedToInSenate>
        <committeeDischarged>1</committeeDischarged>
        <referredToCommittee>1</referredToCommittee>
        <introducedInSenate>1</introducedInSenate>
        <agreedToInSenate>1</agreedToInSenate>
      </actionTypeCounts>
    </actions>
    <committeeReports />
    <version>1.0.0</version>
    <sponsors>
      <item>
        <fullName>Sen. Klobuchar, Amy [D-MN]</fullName>
        <party>D</party>
        <identifiers>
          <lisID>1826</lisID>
          <gpoId>8249</gpoId>
          <bioguideId>K000367</bioguideId>
        </identifiers>
        <bioguideId>K000367</bioguideId>
        <lastName>Klobuchar</lastName>
        <firstName>Amy</firstName>
        <middleName />
        <byRequestType />
        <state>MN</state>
      </item>
    </sponsors>
    <textVersions>
      <item>
        <date>2019-04-11T04:00:00Z</date>
        <formats>
          <item>
            <url>https://www.govinfo.gov/content/pkg/BILLS-116sres131ats/xml/BILLS-116sres131ats.xml</url>
          </item>
        </formats>
        <type>Agreed to Senate</type>
      </item>
      <item>
        <date>2019-03-28T04:00:00Z</date>
        <formats>
          <item>
            <url>https://www.govinfo.gov/content/pkg/BILLS-116sres131is/xml/BILLS-116sres131is.xml</url>
          </item>
        </formats>
        <type>Introduced in Senate</type>
      </item>
    </textVersions>
    <cosponsors>
      <item>
        <middleName />
        <bioguideId>B001135</bioguideId>
        <firstName>RICHARD</firstName>
        <party>R</party>
        <fullName>Sen. Burr, Richard [R-NC]</fullName>
        <identifiers>
          <lisID>153</lisID>
          <gpoId>8286</gpoId>
          <bioguideId>B001135</bioguideId>
        </identifiers>
        <isOriginalCosponsor>True</isOriginalCosponsor>
        <lastName>BURR</lastName>
        <sponsorshipDate>2019-03-28</sponsorshipDate>
        <sponsorshipWithdrawnDate />
        <state>NC</state>
      </item>
    </cosponsors>
    <cboCostEstimates />
    <createDate>2019-03-29T04:42:14Z</createDate>
  </bill>
  <dublinCore xmlns:dc="http://purl.org/dc/elements/1.1/">
    <dc:format>text/xml</dc:format>
    <dc:language>EN</dc:language>
    <dc:rights>Pursuant to Title 17 Section 105 of the United States Code, this file is not subject to copyright protection and is in the public domain.</dc:rights>
    <dc:contributor>Congressional Research Service, Library of Congress</dc:contributor>
    <dc:description>This file contains bill summaries and statuses for federal legislation. A bill summary describes the most significant provisions of a piece of legislation and details the effects the legislative text may have on current law and federal programs. Bill summaries are authored by the Congressional Research Service (CRS) of the Library of Congress. As stated in Public Law 91-510 (2 USC 166 (d)(6)), one of the duties of CRS is "to prepare summaries and digests of bills and resolutions of a public general nature introduced in the Senate or House of Representatives". For more information, refer to the User Guide that accompanies this file.</dc:description>
  </dublinCore>
</billStatus>

