<?xml version="1.0" encoding="UTF-8"?>
<billStatus>
  <bill>
    <latestAction>
      <text>Submitted in the Senate, considered, and agreed to without amendment and with a preamble by Unanimous Consent. (consideration: CR S1765; text: CR S1764)</text>
      <links />
      <actionDate>2019-03-11</actionDate>
    </latestAction>
    <cboCostEstimates />
    <actions>
      <actionByCounts>
        <senate>3</senate>
      </actionByCounts>
      <item>
        <actionDate>2019-03-11</actionDate>
        <committee />
        <links>
          <link>
            <name>S1764</name>
            <url>https://www.congress.gov/congressional-record/volume-165/senate-section/page/S1764</url>
          </link>
          <link>
            <name>S1765</name>
            <url>https://www.congress.gov/congressional-record/volume-165/senate-section/page/S1765</url>
          </link>
        </links>
        <sourceSystem>
          <name>Senate</name>
          <code>0</code>
        </sourceSystem>
        <text>Submitted in the Senate, considered, and agreed to without amendment and with a preamble by Unanimous Consent. (consideration: CR S1765; text: CR S1764)</text>
        <type>Floor</type>
      </item>
      <item>
        <text>Passed/agreed to in Senate: Submitted in the Senate, considered, and agreed to without amendment and with a preamble by Unanimous Consent.(consideration: CR S1765; text: CR S1764)</text>
        <type>Floor</type>
        <links>
          <link>
            <name>S1764</name>
            <url>https://www.congress.gov/congressional-record/volume-165/senate-section/page/S1764</url>
          </link>
          <link>
            <name>S1765</name>
            <url>https://www.congress.gov/congressional-record/volume-165/senate-section/page/S1765</url>
          </link>
        </links>
        <actionDate>2019-03-11</actionDate>
        <sourceSystem>
          <name>Library of Congress</name>
          <code>9</code>
        </sourceSystem>
        <actionCode>17000</actionCode>
        <committee />
      </item>
      <item>
        <text>Introduced in Senate</text>
        <type>IntroReferral</type>
        <links />
        <actionDate>2019-03-11</actionDate>
        <sourceSystem>
          <name>Library of Congress</name>
          <code>9</code>
        </sourceSystem>
        <actionCode>10000</actionCode>
        <committee />
      </item>
      <actionTypeCounts>
        <passedAgreedToInSenate>1</passedAgreedToInSenate>
        <passedOrAgreedToInSenateDayOf>1</passedOrAgreedToInSenateDayOf>
        <introducedInSenate>1</introducedInSenate>
      </actionTypeCounts>
    </actions>
    <recordedVotes />
    <policyArea>
      <name>Health</name>
    </policyArea>
    <committees>
      <billCommittees />
    </committees>
    <billType>SRES</billType>
    <createDate>2019-03-12T04:27:06Z</createDate>
    <textVersions>
      <item>
        <type>Agreed to Senate</type>
        <formats>
          <item>
            <url>https://www.govinfo.gov/content/pkg/BILLS-116sres103ats/xml/BILLS-116sres103ats.xml</url>
          </item>
        </formats>
        <date>2019-03-11T04:00:00Z</date>
      </item>
    </textVersions>
    <calendarNumbers />
    <summaries>
      <billSummaries>
        <item>
          <actionDesc>Introduced in Senate</actionDesc>
          <versionCode>00</versionCode>
          <text><![CDATA[<p>This resolution supports the designation of National Assistive Technology Awareness Day. </p> <p>It also commends assistive technology specialists, program coordinators, organizations, and researchers for their assistance in helping people with disabilities to access such technology. </p>]]></text>
          <name>Introduced in Senate</name>
          <lastSummaryUpdateDate>2019-04-08T15:29:39Z</lastSummaryUpdateDate>
          <actionDate>2019-03-11</actionDate>
          <updateDate>2019-03-11T04:00:00Z</updateDate>
        </item>
      </billSummaries>
    </summaries>
    <introducedDate>2019-03-11</introducedDate>
    <subjects>
      <billSubjects>
        <policyArea>
          <name>Health</name>
        </policyArea>
        <legislativeSubjects>
          <item>
            <name>Commemorative events and holidays</name>
          </item>
          <item>
            <name>Disability and paralysis</name>
          </item>
          <item>
            <name>Health personnel</name>
          </item>
          <item>
            <name>Health technology, devices, supplies</name>
          </item>
        </legislativeSubjects>
      </billSubjects>
    </subjects>
    <updateDate>2019-04-11T04:57:32Z</updateDate>
    <cosponsors>
      <item>
        <bioguideId>C001096</bioguideId>
        <party>R</party>
        <firstName>Kevin</firstName>
        <isOriginalCosponsor>True</isOriginalCosponsor>
        <fullName>Sen. Cramer, Kevin [R-ND]</fullName>
        <sponsorshipWithdrawnDate />
        <identifiers>
          <lisID>2144</lisID>
          <bioguideId>C001096</bioguideId>
          <gpoId />
        </identifiers>
        <sponsorshipDate>2019-03-11</sponsorshipDate>
        <lastName>Cramer</lastName>
        <middleName />
        <state>ND</state>
      </item>
    </cosponsors>
    <amendments />
    <laws />
    <titles>
      <item>
        <titleType>Official Title as Introduced</titleType>
        <parentTitleType />
        <chamberCode />
        <title>A resolution designating March 27, 2019, as "National Assistive Technology Awareness Day".</title>
        <chamberName />
      </item>
      <item>
        <titleType>Display Title</titleType>
        <parentTitleType />
        <chamberCode />
        <title>A resolution designating March 27, 2019, as "National Assistive Technology Awareness Day".</title>
        <chamberName />
      </item>
    </titles>
    <notes />
    <relatedBills />
    <committeeReports />
    <title>A resolution designating March 27, 2019, as "National Assistive Technology Awareness Day".</title>
    <originChamber>Senate</originChamber>
    <billNumber>103</billNumber>
    <sponsors>
      <item>
        <lastName>Casey</lastName>
        <party>D</party>
        <bioguideId>C001070</bioguideId>
        <state>PA</state>
        <middleName />
        <identifiers>
          <lisID>1828</lisID>
          <gpoId>8282</gpoId>
          <bioguideId>C001070</bioguideId>
        </identifiers>
        <byRequestType />
        <fullName>Sen. Casey, Robert P., Jr. [D-PA]</fullName>
        <firstName>Bob</firstName>
      </item>
    </sponsors>
    <version>1.0.0</version>
    <congress>116</congress>
  </bill>
  <dublinCore xmlns:dc="http://purl.org/dc/elements/1.1/">
    <dc:format>text/xml</dc:format>
    <dc:language>EN</dc:language>
    <dc:rights>Pursuant to Title 17 Section 105 of the United States Code, this file is not subject to copyright protection and is in the public domain.</dc:rights>
    <dc:contributor>Congressional Research Service, Library of Congress</dc:contributor>
    <dc:description>This file contains bill summaries and statuses for federal legislation. A bill summary describes the most significant provisions of a piece of legislation and details the effects the legislative text may have on current law and federal programs. Bill summaries are authored by the Congressional Research Service (CRS) of the Library of Congress. As stated in Public Law 91-510 (2 USC 166 (d)(6)), one of the duties of CRS is "to prepare summaries and digests of bills and resolutions of a public general nature introduced in the Senate or House of Representatives". For more information, refer to the User Guide that accompanies this file.</dc:description>
  </dublinCore>
</billStatus>

