<?xml version="1.0" encoding="UTF-8"?>
<billStatus>
  <bill>
    <summaries>
      <billSummaries>
        <item>
          <text><![CDATA[<p>This resolution expresses support for the goals and ideals of National Retirement Security Week and acknowledges the need to raise public awareness of a variety of tax-preferred retirement vehicles.</p>]]></text>
          <actionDate>2019-10-24</actionDate>
          <actionDesc>Introduced in Senate</actionDesc>
          <name>Introduced in Senate</name>
          <lastSummaryUpdateDate>2019-11-04T21:55:25Z</lastSummaryUpdateDate>
          <versionCode>00</versionCode>
          <updateDate>2019-10-24T04:00:00Z</updateDate>
        </item>
        <item>
          <text><![CDATA[<p>This resolution expresses support for the goals and ideals of National Retirement Security Week and acknowledges the need to raise public awareness of a variety of tax-preferred retirement vehicles.</p>]]></text>
          <actionDate>2019-10-24</actionDate>
          <actionDesc>Passed Senate</actionDesc>
          <name>Passed Senate</name>
          <lastSummaryUpdateDate>2019-11-19T14:39:22Z</lastSummaryUpdateDate>
          <versionCode>55</versionCode>
          <updateDate>2019-10-24T12:49:55Z</updateDate>
        </item>
      </billSummaries>
    </summaries>
    <congress>116</congress>
    <titles>
      <item>
        <title>A resolution supporting the goal and ideals of National Retirement Security Week, including raising public awareness of the various tax-preferred retirement vehicles, increasing personal financial literacy, and engaging the people of the United States on the keys to success in achieving and maintaining retirement security throughout their lifetimes.</title>
        <chamberCode />
        <parentTitleType />
        <titleType>Official Title as Introduced</titleType>
        <chamberName />
      </item>
      <item>
        <title>A resolution supporting the goal and ideals of National Retirement Security Week, including raising public awareness of the various tax-preferred retirement vehicles, increasing personal financial literacy, and engaging the people of the United States on the keys to success in achieving and maintaining retirement security throughout their lifetimes.</title>
        <chamberCode />
        <parentTitleType />
        <titleType>Display Title</titleType>
        <chamberName />
      </item>
    </titles>
    <billType>SRES</billType>
    <updateDate>2019-11-21T05:43:08Z</updateDate>
    <title>A resolution supporting the goal and ideals of National Retirement Security Week, including raising public awareness of the various tax-preferred retirement vehicles, increasing personal financial literacy, and engaging the people of the United States on the keys to success in achieving and maintaining retirement security throughout their lifetimes.</title>
    <recordedVotes />
    <committees>
      <billCommittees />
    </committees>
    <actions>
      <actionByCounts>
        <senate>3</senate>
      </actionByCounts>
      <actionTypeCounts>
        <introducedInSenate>1</introducedInSenate>
        <passedOrAgreedToInSenateDayOf>1</passedOrAgreedToInSenateDayOf>
        <passedAgreedToInSenate>1</passedAgreedToInSenate>
      </actionTypeCounts>
      <item>
        <actionDate>2019-10-24</actionDate>
        <committee />
        <links>
          <link>
            <name>S6161</name>
            <url>https://www.congress.gov/congressional-record/volume-165/senate-section/page/S6161</url>
          </link>
          <link>
            <name>S6177</name>
            <url>https://www.congress.gov/congressional-record/volume-165/senate-section/page/S6177</url>
          </link>
        </links>
        <sourceSystem>
          <code>0</code>
          <name>Senate</name>
        </sourceSystem>
        <text>Submitted in the Senate, considered, and agreed to without amendment and with a preamble by Voice Vote. (consideration: CR S6177; text: CR S6161)</text>
        <type>Floor</type>
      </item>
      <item>
        <type>Floor</type>
        <actionDate>2019-10-24</actionDate>
        <actionCode>17000</actionCode>
        <text>Passed/agreed to in Senate: Submitted in the Senate, considered, and agreed to without amendment and with a preamble by Voice Vote.(consideration: CR S6177; text: CR S6161)</text>
        <links>
          <link>
            <name>S6161</name>
            <url>https://www.congress.gov/congressional-record/volume-165/senate-section/page/S6161</url>
          </link>
          <link>
            <name>S6177</name>
            <url>https://www.congress.gov/congressional-record/volume-165/senate-section/page/S6177</url>
          </link>
        </links>
        <sourceSystem>
          <code>9</code>
          <name>Library of Congress</name>
        </sourceSystem>
        <committee />
      </item>
      <item>
        <type>IntroReferral</type>
        <actionDate>2019-10-24</actionDate>
        <actionCode>10000</actionCode>
        <text>Introduced in Senate</text>
        <links />
        <sourceSystem>
          <code>9</code>
          <name>Library of Congress</name>
        </sourceSystem>
        <committee />
      </item>
    </actions>
    <createDate>2019-10-25T04:42:29Z</createDate>
    <policyArea>
      <name>Finance and Financial Sector</name>
    </policyArea>
    <originChamber>Senate</originChamber>
    <committeeReports />
    <version>1.0.0</version>
    <textVersions>
      <item>
        <type>Agreed to Senate</type>
        <formats>
          <item>
            <url>https://www.govinfo.gov/content/pkg/BILLS-116sres380ats/xml/BILLS-116sres380ats.xml</url>
          </item>
        </formats>
        <date>2019-10-24T04:00:00Z</date>
      </item>
    </textVersions>
    <billNumber>380</billNumber>
    <notes />
    <sponsors>
      <item>
        <firstName>MICHAEL</firstName>
        <middleName>B.</middleName>
        <lastName>ENZI</lastName>
        <identifiers>
          <lisID>1542</lisID>
          <gpoId>8328</gpoId>
          <bioguideId>E000285</bioguideId>
        </identifiers>
        <bioguideId>E000285</bioguideId>
        <byRequestType />
        <state>WY</state>
        <fullName>Sen. Enzi, Michael B. [R-WY]</fullName>
        <party>R</party>
      </item>
    </sponsors>
    <calendarNumbers />
    <introducedDate>2019-10-24</introducedDate>
    <amendments />
    <subjects>
      <billSubjects>
        <legislativeSubjects />
        <policyArea>
          <name>Finance and Financial Sector</name>
        </policyArea>
      </billSubjects>
    </subjects>
    <laws />
    <cosponsors>
      <item>
        <party>D</party>
        <lastName>CARDIN</lastName>
        <firstName>BENJAMIN</firstName>
        <bioguideId>C000141</bioguideId>
        <state>MD</state>
        <sponsorshipDate>2019-10-24</sponsorshipDate>
        <fullName>Sen. Cardin, Benjamin L. [D-MD]</fullName>
        <identifiers>
          <lisID>174</lisID>
          <gpoId>8287</gpoId>
          <bioguideId>C000141</bioguideId>
        </identifiers>
        <middleName>L.</middleName>
        <sponsorshipWithdrawnDate />
        <isOriginalCosponsor>True</isOriginalCosponsor>
      </item>
      <item>
        <party>R</party>
        <lastName>Alexander</lastName>
        <firstName>Lamar</firstName>
        <bioguideId>A000360</bioguideId>
        <state>TN</state>
        <sponsorshipDate>2019-10-24</sponsorshipDate>
        <fullName>Sen. Alexander, Lamar [R-TN]</fullName>
        <identifiers>
          <bioguideId>A000360</bioguideId>
          <lisID>1695</lisID>
          <gpoId>8304</gpoId>
        </identifiers>
        <middleName />
        <sponsorshipWithdrawnDate />
        <isOriginalCosponsor>True</isOriginalCosponsor>
      </item>
      <item>
        <party>D</party>
        <lastName>Hassan</lastName>
        <firstName>Margaret</firstName>
        <bioguideId>H001076</bioguideId>
        <state>NH</state>
        <sponsorshipDate>2019-10-24</sponsorshipDate>
        <fullName>Sen. Hassan, Margaret Wood [D-NH]</fullName>
        <identifiers>
          <bioguideId>H001076</bioguideId>
          <gpoId />
          <lisID>2302</lisID>
        </identifiers>
        <middleName>Wood</middleName>
        <sponsorshipWithdrawnDate />
        <isOriginalCosponsor>True</isOriginalCosponsor>
      </item>
      <item>
        <party>R</party>
        <lastName>Young</lastName>
        <firstName>Todd</firstName>
        <bioguideId>Y000064</bioguideId>
        <state>IN</state>
        <sponsorshipDate>2019-10-24</sponsorshipDate>
        <fullName>Sen. Young, Todd [R-IN]</fullName>
        <identifiers>
          <lisID>2019</lisID>
          <gpoId>7948</gpoId>
          <bioguideId>Y000064</bioguideId>
        </identifiers>
        <middleName />
        <sponsorshipWithdrawnDate />
        <isOriginalCosponsor>True</isOriginalCosponsor>
      </item>
      <item>
        <party>D</party>
        <lastName>Jones</lastName>
        <firstName>Doug</firstName>
        <bioguideId>J000300</bioguideId>
        <state>AL</state>
        <sponsorshipDate>2019-10-24</sponsorshipDate>
        <fullName>Sen. Jones, Doug  [D-AL]</fullName>
        <identifiers>
          <bioguideId>J000300</bioguideId>
          <lisID>2364</lisID>
          <gpoId />
        </identifiers>
        <middleName />
        <sponsorshipWithdrawnDate />
        <isOriginalCosponsor>True</isOriginalCosponsor>
      </item>
      <item>
        <party>R</party>
        <lastName>COLLINS</lastName>
        <firstName>SUSAN</firstName>
        <bioguideId>C001035</bioguideId>
        <state>ME</state>
        <sponsorshipDate>2019-10-24</sponsorshipDate>
        <fullName>Sen. Collins, Susan M. [R-ME]</fullName>
        <identifiers>
          <lisID>1541</lisID>
          <gpoId>8291</gpoId>
          <bioguideId>C001035</bioguideId>
        </identifiers>
        <middleName>MARGARET</middleName>
        <sponsorshipWithdrawnDate />
        <isOriginalCosponsor>True</isOriginalCosponsor>
      </item>
      <item>
        <party>D</party>
        <lastName>MURRAY</lastName>
        <firstName>PATTY</firstName>
        <bioguideId>M001111</bioguideId>
        <state>WA</state>
        <sponsorshipDate>2019-10-24</sponsorshipDate>
        <fullName>Sen. Murray, Patty [D-WA]</fullName>
        <identifiers>
          <bioguideId>M001111</bioguideId>
          <gpoId>8237</gpoId>
          <lisID>1409</lisID>
        </identifiers>
        <middleName />
        <sponsorshipWithdrawnDate />
        <isOriginalCosponsor>True</isOriginalCosponsor>
      </item>
    </cosponsors>
    <relatedBills>
      <item>
        <number>339</number>
        <congress>116</congress>
        <type>SRES</type>
        <latestAction>
          <actionDate>2019-09-25</actionDate>
          <text>Referred to the Committee on Health, Education, Labor, and Pensions. (text: CR S5710)</text>
        </latestAction>
        <latestTitle>A resolution supporting the goals and ideals of National Retirement Security Week, including raising public awareness of the various tax-preferred retirement vehicles, increasing personal financial literacy, and engaging the people of the United States on the keys to success in achieving and maintaining retirement security throughout their lifetimes.</latestTitle>
        <relationshipDetails>
          <item>
            <type>Identical bill</type>
            <identifiedBy>CRS</identifiedBy>
          </item>
        </relationshipDetails>
      </item>
    </relatedBills>
    <cboCostEstimates />
    <latestAction>
      <text>Submitted in the Senate, considered, and agreed to without amendment and with a preamble by Voice Vote. (consideration: CR S6177; text: CR S6161)</text>
      <links />
      <actionDate>2019-10-24</actionDate>
    </latestAction>
  </bill>
  <dublinCore xmlns:dc="http://purl.org/dc/elements/1.1/">
    <dc:format>text/xml</dc:format>
    <dc:language>EN</dc:language>
    <dc:rights>Pursuant to Title 17 Section 105 of the United States Code, this file is not subject to copyright protection and is in the public domain.</dc:rights>
    <dc:contributor>Congressional Research Service, Library of Congress</dc:contributor>
    <dc:description>This file contains bill summaries and statuses for federal legislation. A bill summary describes the most significant provisions of a piece of legislation and details the effects the legislative text may have on current law and federal programs. Bill summaries are authored by the Congressional Research Service (CRS) of the Library of Congress. As stated in Public Law 91-510 (2 USC 166 (d)(6)), one of the duties of CRS is "to prepare summaries and digests of bills and resolutions of a public general nature introduced in the Senate or House of Representatives". For more information, refer to the User Guide that accompanies this file.</dc:description>
  </dublinCore>
</billStatus>

