<?xml version="1.0" encoding="UTF-8"?>
<billStatus>
  <bill>
    <relatedBills>
      <item>
        <latestAction>
          <actionDate>2019-10-30</actionDate>
          <text>Sponsor introductory remarks on measure. (CR H8603)</text>
        </latestAction>
        <relationshipDetails>
          <item>
            <type>Related bill</type>
            <identifiedBy>CRS</identifiedBy>
          </item>
        </relationshipDetails>
        <latestTitle>Expressing support for the designation of the month of October 2019, as Filipino American History Month and celebrating the history and culture of Filipino Americans and their immense contributions to the United States.</latestTitle>
        <type>HRES</type>
        <number>621</number>
        <congress>116</congress>
      </item>
    </relatedBills>
    <policyArea>
      <name>Immigration</name>
    </policyArea>
    <introducedDate>2019-10-31</introducedDate>
    <titles>
      <item>
        <chamberName />
        <parentTitleType />
        <chamberCode />
        <title>A resolution recognizing the month of October 2019 as Filipino American History Month and celebrating the history and culture of Filipino Americans and their immense contributions to the United States.</title>
        <titleType>Official Title as Introduced</titleType>
      </item>
      <item>
        <chamberName />
        <parentTitleType />
        <chamberCode />
        <title>A resolution recognizing the month of October 2019 as Filipino American History Month and celebrating the history and culture of Filipino Americans and their immense contributions to the United States.</title>
        <titleType>Display Title</titleType>
      </item>
    </titles>
    <laws />
    <subjects>
      <billSubjects>
        <policyArea>
          <name>Immigration</name>
        </policyArea>
        <legislativeSubjects>
          <item>
            <name>Asia</name>
          </item>
          <item>
            <name>Commemorative events and holidays</name>
          </item>
          <item>
            <name>Philippines</name>
          </item>
          <item>
            <name>Racial and ethnic relations</name>
          </item>
          <item>
            <name>U.S. history</name>
          </item>
        </legislativeSubjects>
      </billSubjects>
    </subjects>
    <recordedVotes />
    <notes />
    <actions>
      <item>
        <actionDate>2019-10-31</actionDate>
        <committee />
        <links>
          <link>
            <name>S6342-6343</name>
            <url>https://www.congress.gov/congressional-record/volume-165/senate-section/page/S6342-6343</url>
          </link>
          <link>
            <name>S6357</name>
            <url>https://www.congress.gov/congressional-record/volume-165/senate-section/page/S6357</url>
          </link>
        </links>
        <sourceSystem>
          <name>Senate</name>
          <code>0</code>
        </sourceSystem>
        <text>Submitted in the Senate, considered, and agreed to without amendment and with a preamble by Unanimous Consent. (consideration: CR S6357; text: CR S6342-6343)</text>
        <type>Floor</type>
      </item>
      <item>
        <sourceSystem>
          <name>Library of Congress</name>
          <code>9</code>
        </sourceSystem>
        <links>
          <link>
            <name>S6342-6343</name>
            <url>https://www.congress.gov/congressional-record/volume-165/senate-section/page/S6342-6343</url>
          </link>
          <link>
            <name>S6357</name>
            <url>https://www.congress.gov/congressional-record/volume-165/senate-section/page/S6357</url>
          </link>
        </links>
        <text>Passed/agreed to in Senate: Submitted in the Senate, considered, and agreed to without amendment and with a preamble by Unanimous Consent.(consideration: CR S6357; text: CR S6342-6343)</text>
        <actionCode>17000</actionCode>
        <committee />
        <type>Floor</type>
        <actionDate>2019-10-31</actionDate>
      </item>
      <item>
        <sourceSystem>
          <name>Library of Congress</name>
          <code>9</code>
        </sourceSystem>
        <links />
        <text>Introduced in Senate</text>
        <actionCode>10000</actionCode>
        <committee />
        <type>IntroReferral</type>
        <actionDate>2019-10-31</actionDate>
      </item>
      <actionTypeCounts>
        <passedAgreedToInSenate>1</passedAgreedToInSenate>
        <introducedInSenate>1</introducedInSenate>
        <passedOrAgreedToInSenateDayOf>1</passedOrAgreedToInSenateDayOf>
      </actionTypeCounts>
      <actionByCounts>
        <senate>3</senate>
      </actionByCounts>
    </actions>
    <committeeReports />
    <sponsors>
      <item>
        <middleName>K.</middleName>
        <bioguideId>H001042</bioguideId>
        <fullName>Sen. Hirono, Mazie K. [D-HI]</fullName>
        <identifiers>
          <gpoId>7913</gpoId>
          <lisID>1844</lisID>
          <bioguideId>H001042</bioguideId>
        </identifiers>
        <firstName>Mazie</firstName>
        <byRequestType />
        <state>HI</state>
        <party>D</party>
        <lastName>Hirono</lastName>
      </item>
    </sponsors>
    <title>A resolution recognizing the month of October 2019 as Filipino American History Month and celebrating the history and culture of Filipino Americans and their immense contributions to the United States.</title>
    <updateDate>2019-11-26T05:27:56Z</updateDate>
    <createDate>2019-11-01T04:57:37Z</createDate>
    <committees>
      <billCommittees />
    </committees>
    <originChamber>Senate</originChamber>
    <latestAction>
      <actionDate>2019-10-31</actionDate>
      <text>Submitted in the Senate, considered, and agreed to without amendment and with a preamble by Unanimous Consent. (consideration: CR S6357; text: CR S6342-6343)</text>
      <links />
    </latestAction>
    <cosponsors>
      <item>
        <sponsorshipDate>2019-10-31</sponsorshipDate>
        <party>R</party>
        <fullName>Sen. Murkowski, Lisa [R-AK]</fullName>
        <sponsorshipWithdrawnDate />
        <middleName />
        <lastName>Murkowski</lastName>
        <bioguideId>M001153</bioguideId>
        <state>AK</state>
        <identifiers>
          <bioguideId>M001153</bioguideId>
          <gpoId>8234</gpoId>
          <lisID>1694</lisID>
        </identifiers>
        <firstName>Lisa</firstName>
        <isOriginalCosponsor>True</isOriginalCosponsor>
      </item>
      <item>
        <sponsorshipDate>2019-10-31</sponsorshipDate>
        <party>D</party>
        <fullName>Sen. Booker, Cory A. [D-NJ]</fullName>
        <sponsorshipWithdrawnDate />
        <middleName>A.</middleName>
        <lastName>Booker</lastName>
        <bioguideId>B001288</bioguideId>
        <state>NJ</state>
        <identifiers>
          <gpoId />
          <lisID>2194</lisID>
          <bioguideId>B001288</bioguideId>
        </identifiers>
        <firstName>Cory</firstName>
        <isOriginalCosponsor>True</isOriginalCosponsor>
      </item>
      <item>
        <sponsorshipDate>2019-10-31</sponsorshipDate>
        <party>D</party>
        <fullName>Sen. Cantwell, Maria [D-WA]</fullName>
        <sponsorshipWithdrawnDate />
        <middleName />
        <lastName>CANTWELL</lastName>
        <bioguideId>C000127</bioguideId>
        <state>WA</state>
        <identifiers>
          <bioguideId>C000127</bioguideId>
          <gpoId>8288</gpoId>
          <lisID>172</lisID>
        </identifiers>
        <firstName>MARIA</firstName>
        <isOriginalCosponsor>True</isOriginalCosponsor>
      </item>
      <item>
        <sponsorshipDate>2019-10-31</sponsorshipDate>
        <party>D</party>
        <fullName>Sen. Cardin, Benjamin L. [D-MD]</fullName>
        <sponsorshipWithdrawnDate />
        <middleName>L.</middleName>
        <lastName>CARDIN</lastName>
        <bioguideId>C000141</bioguideId>
        <state>MD</state>
        <identifiers>
          <bioguideId>C000141</bioguideId>
          <gpoId>8287</gpoId>
          <lisID>174</lisID>
        </identifiers>
        <firstName>BENJAMIN</firstName>
        <isOriginalCosponsor>True</isOriginalCosponsor>
      </item>
      <item>
        <sponsorshipDate>2019-10-31</sponsorshipDate>
        <party>D</party>
        <fullName>Sen. Cortez Masto, Catherine  [D-NV]</fullName>
        <sponsorshipWithdrawnDate />
        <middleName />
        <lastName>Cortez Masto</lastName>
        <bioguideId>C001113</bioguideId>
        <state>NV</state>
        <identifiers>
          <lisID>2299</lisID>
          <gpoId />
          <bioguideId>C001113</bioguideId>
        </identifiers>
        <firstName>Catherine</firstName>
        <isOriginalCosponsor>True</isOriginalCosponsor>
      </item>
      <item>
        <sponsorshipDate>2019-10-31</sponsorshipDate>
        <party>D</party>
        <fullName>Sen. Duckworth, Tammy [D-IL]</fullName>
        <sponsorshipWithdrawnDate />
        <middleName />
        <lastName>Duckworth</lastName>
        <bioguideId>D000622</bioguideId>
        <state>IL</state>
        <identifiers>
          <gpoId />
          <lisID>2123</lisID>
          <bioguideId>D000622</bioguideId>
        </identifiers>
        <firstName>Tammy</firstName>
        <isOriginalCosponsor>True</isOriginalCosponsor>
      </item>
      <item>
        <sponsorshipDate>2019-10-31</sponsorshipDate>
        <party>D</party>
        <fullName>Sen. Durbin, Richard J. [D-IL]</fullName>
        <sponsorshipWithdrawnDate />
        <middleName>J.</middleName>
        <lastName>DURBIN</lastName>
        <bioguideId>D000563</bioguideId>
        <state>IL</state>
        <identifiers>
          <bioguideId>D000563</bioguideId>
          <gpoId>8326</gpoId>
          <lisID>326</lisID>
        </identifiers>
        <firstName>RICHARD</firstName>
        <isOriginalCosponsor>True</isOriginalCosponsor>
      </item>
      <item>
        <sponsorshipDate>2019-10-31</sponsorshipDate>
        <party>D</party>
        <fullName>Sen. Harris, Kamala D. [D-CA]</fullName>
        <sponsorshipWithdrawnDate />
        <middleName>D.</middleName>
        <lastName>Harris</lastName>
        <bioguideId>H001075</bioguideId>
        <state>CA</state>
        <identifiers>
          <lisID>2301</lisID>
          <gpoId />
          <bioguideId>H001075</bioguideId>
        </identifiers>
        <firstName>Kamala</firstName>
        <isOriginalCosponsor>True</isOriginalCosponsor>
      </item>
      <item>
        <sponsorshipDate>2019-10-31</sponsorshipDate>
        <party>D</party>
        <fullName>Sen. Feinstein, Dianne [D-CA]</fullName>
        <sponsorshipWithdrawnDate />
        <middleName />
        <lastName>FEINSTEIN</lastName>
        <bioguideId>F000062</bioguideId>
        <state>CA</state>
        <identifiers>
          <gpoId>8338</gpoId>
          <lisID>1332</lisID>
          <bioguideId>F000062</bioguideId>
        </identifiers>
        <firstName>DIANNE</firstName>
        <isOriginalCosponsor>True</isOriginalCosponsor>
      </item>
      <item>
        <sponsorshipDate>2019-10-31</sponsorshipDate>
        <party>D</party>
        <fullName>Sen. Kaine, Tim [D-VA]</fullName>
        <sponsorshipWithdrawnDate />
        <middleName />
        <lastName>Kaine</lastName>
        <bioguideId>K000384</bioguideId>
        <state>VA</state>
        <identifiers>
          <lisID>2176</lisID>
          <gpoId />
          <bioguideId>K000384</bioguideId>
        </identifiers>
        <firstName>Timothy</firstName>
        <isOriginalCosponsor>True</isOriginalCosponsor>
      </item>
      <item>
        <sponsorshipDate>2019-10-31</sponsorshipDate>
        <party>D</party>
        <fullName>Sen. Klobuchar, Amy [D-MN]</fullName>
        <sponsorshipWithdrawnDate />
        <middleName />
        <lastName>Klobuchar</lastName>
        <bioguideId>K000367</bioguideId>
        <state>MN</state>
        <identifiers>
          <bioguideId>K000367</bioguideId>
          <gpoId>8249</gpoId>
          <lisID>1826</lisID>
        </identifiers>
        <firstName>Amy</firstName>
        <isOriginalCosponsor>True</isOriginalCosponsor>
      </item>
      <item>
        <sponsorshipDate>2019-10-31</sponsorshipDate>
        <party>D</party>
        <fullName>Sen. Menendez, Robert [D-NJ]</fullName>
        <sponsorshipWithdrawnDate />
        <middleName />
        <lastName>Menendez</lastName>
        <bioguideId>M000639</bioguideId>
        <state>NJ</state>
        <identifiers>
          <lisID>791</lisID>
          <gpoId>8239</gpoId>
          <bioguideId>M000639</bioguideId>
        </identifiers>
        <firstName>Robert</firstName>
        <isOriginalCosponsor>True</isOriginalCosponsor>
      </item>
      <item>
        <sponsorshipDate>2019-10-31</sponsorshipDate>
        <party>D</party>
        <fullName>Sen. Murray, Patty [D-WA]</fullName>
        <sponsorshipWithdrawnDate />
        <middleName />
        <lastName>MURRAY</lastName>
        <bioguideId>M001111</bioguideId>
        <state>WA</state>
        <identifiers>
          <gpoId>8237</gpoId>
          <lisID>1409</lisID>
          <bioguideId>M001111</bioguideId>
        </identifiers>
        <firstName>PATTY</firstName>
        <isOriginalCosponsor>True</isOriginalCosponsor>
      </item>
      <item>
        <sponsorshipDate>2019-10-31</sponsorshipDate>
        <party>D</party>
        <fullName>Sen. Rosen, Jacky [D-NV]</fullName>
        <sponsorshipWithdrawnDate />
        <middleName />
        <lastName>Rosen</lastName>
        <bioguideId>R000608</bioguideId>
        <state>NV</state>
        <identifiers>
          <gpoId />
          <lisID>2339</lisID>
          <bioguideId>R000608</bioguideId>
        </identifiers>
        <firstName>Jacklyn</firstName>
        <isOriginalCosponsor>True</isOriginalCosponsor>
      </item>
      <item>
        <sponsorshipDate>2019-10-31</sponsorshipDate>
        <party>D</party>
        <fullName>Sen. Schatz, Brian [D-HI]</fullName>
        <sponsorshipWithdrawnDate />
        <middleName />
        <lastName>Schatz</lastName>
        <bioguideId>S001194</bioguideId>
        <state>HI</state>
        <identifiers>
          <lisID>2173</lisID>
          <gpoId />
          <bioguideId>S001194</bioguideId>
        </identifiers>
        <firstName>Brian</firstName>
        <isOriginalCosponsor>True</isOriginalCosponsor>
      </item>
      <item>
        <sponsorshipDate>2019-10-31</sponsorshipDate>
        <party>D</party>
        <fullName>Sen. Van Hollen, Chris [D-MD]</fullName>
        <sponsorshipWithdrawnDate />
        <middleName />
        <lastName>Van Hollen</lastName>
        <bioguideId>V000128</bioguideId>
        <state>MD</state>
        <identifiers>
          <bioguideId>V000128</bioguideId>
          <gpoId>7983</gpoId>
          <lisID>1729</lisID>
        </identifiers>
        <firstName>Chris</firstName>
        <isOriginalCosponsor>True</isOriginalCosponsor>
      </item>
      <item>
        <sponsorshipDate>2019-10-31</sponsorshipDate>
        <party>D</party>
        <fullName>Sen. Warren, Elizabeth [D-MA]</fullName>
        <sponsorshipWithdrawnDate />
        <middleName>A.</middleName>
        <lastName>Warren</lastName>
        <bioguideId>W000817</bioguideId>
        <state>MA</state>
        <identifiers>
          <lisID>2182</lisID>
          <gpoId />
          <bioguideId>W000817</bioguideId>
        </identifiers>
        <firstName>Elizabeth</firstName>
        <isOriginalCosponsor>True</isOriginalCosponsor>
      </item>
      <item>
        <sponsorshipDate>2019-10-31</sponsorshipDate>
        <party>I</party>
        <fullName>Sen. Sanders, Bernard [I-VT]</fullName>
        <sponsorshipWithdrawnDate />
        <middleName />
        <lastName>Sanders</lastName>
        <bioguideId>S000033</bioguideId>
        <state>VT</state>
        <identifiers>
          <bioguideId>S000033</bioguideId>
          <gpoId>8270</gpoId>
          <lisID>1010</lisID>
        </identifiers>
        <firstName>Bernard</firstName>
        <isOriginalCosponsor>True</isOriginalCosponsor>
      </item>
    </cosponsors>
    <congress>116</congress>
    <cboCostEstimates />
    <calendarNumbers />
    <billType>SRES</billType>
    <textVersions>
      <item>
        <formats>
          <item>
            <url>https://www.govinfo.gov/content/pkg/BILLS-116sres401ats/xml/BILLS-116sres401ats.xml</url>
          </item>
        </formats>
        <type>Agreed to Senate</type>
        <date>2019-10-31T04:00:00Z</date>
      </item>
    </textVersions>
    <summaries>
      <billSummaries>
        <item>
          <name>Introduced in Senate</name>
          <versionCode>00</versionCode>
          <text><![CDATA[<p>This resolution recognizes the October 2019 celebration of Filipino American History Month as a testament to the advancement of Filipino Americans and a time to reflect on and remember the many notable contributions of Filipino Americans to the United States.</p>]]></text>
          <updateDate>2019-10-31T04:00:00Z</updateDate>
          <actionDate>2019-10-31</actionDate>
          <lastSummaryUpdateDate>2019-11-22T11:31:23Z</lastSummaryUpdateDate>
          <actionDesc>Introduced in Senate</actionDesc>
        </item>
      </billSummaries>
    </summaries>
    <billNumber>401</billNumber>
    <amendments />
    <version>1.0.0</version>
  </bill>
  <dublinCore xmlns:dc="http://purl.org/dc/elements/1.1/">
    <dc:format>text/xml</dc:format>
    <dc:language>EN</dc:language>
    <dc:rights>Pursuant to Title 17 Section 105 of the United States Code, this file is not subject to copyright protection and is in the public domain.</dc:rights>
    <dc:contributor>Congressional Research Service, Library of Congress</dc:contributor>
    <dc:description>This file contains bill summaries and statuses for federal legislation. A bill summary describes the most significant provisions of a piece of legislation and details the effects the legislative text may have on current law and federal programs. Bill summaries are authored by the Congressional Research Service (CRS) of the Library of Congress. As stated in Public Law 91-510 (2 USC 166 (d)(6)), one of the duties of CRS is "to prepare summaries and digests of bills and resolutions of a public general nature introduced in the Senate or House of Representatives". For more information, refer to the User Guide that accompanies this file.</dc:description>
  </dublinCore>
</billStatus>

