<?xml version="1.0" encoding="UTF-8"?>
<billStatus>
  <bill>
    <laws />
    <sponsors>
      <item>
        <identifiers>
          <lisID>2176</lisID>
          <gpoId />
          <bioguideId>K000384</bioguideId>
        </identifiers>
        <state>VA</state>
        <fullName>Sen. Kaine, Tim [D-VA]</fullName>
        <lastName>Kaine</lastName>
        <byRequestType />
        <middleName />
        <party>D</party>
        <bioguideId>K000384</bioguideId>
        <firstName>Timothy</firstName>
      </item>
    </sponsors>
    <titles>
      <item>
        <title>A resolution supporting the goals and ideals of Career and Technical Education Month.</title>
        <chamberCode />
        <titleType>Official Title as Introduced</titleType>
        <chamberName />
        <parentTitleType />
      </item>
      <item>
        <title>A resolution supporting the goals and ideals of Career and Technical Education Month.</title>
        <chamberCode />
        <titleType>Display Title</titleType>
        <chamberName />
        <parentTitleType />
      </item>
    </titles>
    <congress>116</congress>
    <billType>SRES</billType>
    <billNumber>79</billNumber>
    <policyArea>
      <name>Labor and Employment</name>
    </policyArea>
    <latestAction>
      <text>Submitted in the Senate, considered, and agreed to without amendment and with a preamble by Unanimous Consent. (consideration: CR S1496; text: CR S1493)</text>
      <actionDate>2019-02-26</actionDate>
      <links />
    </latestAction>
    <recordedVotes />
    <textVersions>
      <item>
        <type>Agreed to Senate</type>
        <date>2019-02-26T05:00:00Z</date>
        <formats>
          <item>
            <url>https://www.govinfo.gov/content/pkg/BILLS-116sres79ats/xml/BILLS-116sres79ats.xml</url>
          </item>
        </formats>
      </item>
    </textVersions>
    <createDate>2019-02-27T05:25:06Z</createDate>
    <updateDate>2019-03-22T15:57:52Z</updateDate>
    <originChamber>Senate</originChamber>
    <title>A resolution supporting the goals and ideals of Career and Technical Education Month.</title>
    <relatedBills>
      <item>
        <congress>116</congress>
        <relationshipDetails>
          <item>
            <type>Related bill</type>
            <identifiedBy>CRS</identifiedBy>
          </item>
        </relationshipDetails>
        <type>HRES</type>
        <number>119</number>
        <latestTitle>Supporting the goals and ideals of Career and Technical Education Month.</latestTitle>
        <latestAction>
          <actionDate>2019-02-11</actionDate>
          <text>Referred to the House Committee on Education and Labor.</text>
        </latestAction>
      </item>
    </relatedBills>
    <actions>
      <actionTypeCounts>
        <passedOrAgreedToInSenateDayOf>1</passedOrAgreedToInSenateDayOf>
        <introducedInSenate>1</introducedInSenate>
        <passedAgreedToInSenate>1</passedAgreedToInSenate>
      </actionTypeCounts>
      <item>
        <actionDate>2019-02-26</actionDate>
        <committee />
        <links>
          <link>
            <url>https://www.congress.gov/congressional-record/volume-165/senate-section/page/S1493</url>
            <name>S1493</name>
          </link>
          <link>
            <url>https://www.congress.gov/congressional-record/volume-165/senate-section/page/S1496</url>
            <name>S1496</name>
          </link>
        </links>
        <sourceSystem>
          <code>0</code>
          <name>Senate</name>
        </sourceSystem>
        <text>Submitted in the Senate, considered, and agreed to without amendment and with a preamble by Unanimous Consent. (consideration: CR S1496; text: CR S1493)</text>
        <type>Floor</type>
      </item>
      <item>
        <text>Passed/agreed to in Senate: Submitted in the Senate, considered, and agreed to without amendment and with a preamble by Unanimous Consent.(consideration: CR S1496; text: CR S1493)</text>
        <links>
          <link>
            <url>https://www.congress.gov/congressional-record/volume-165/senate-section/page/S1493</url>
            <name>S1493</name>
          </link>
          <link>
            <url>https://www.congress.gov/congressional-record/volume-165/senate-section/page/S1496</url>
            <name>S1496</name>
          </link>
        </links>
        <type>Floor</type>
        <actionCode>17000</actionCode>
        <sourceSystem>
          <code>9</code>
          <name>Library of Congress</name>
        </sourceSystem>
        <actionDate>2019-02-26</actionDate>
        <committee />
      </item>
      <item>
        <text>Introduced in Senate</text>
        <links />
        <type>IntroReferral</type>
        <actionCode>10000</actionCode>
        <sourceSystem>
          <code>9</code>
          <name>Library of Congress</name>
        </sourceSystem>
        <actionDate>2019-02-26</actionDate>
        <committee />
      </item>
      <actionByCounts>
        <senate>3</senate>
      </actionByCounts>
    </actions>
    <committeeReports />
    <summaries>
      <billSummaries>
        <item>
          <name>Introduced in Senate</name>
          <versionCode>00</versionCode>
          <text><![CDATA[<p>This resolution designates February 2019 as Career and Technical Education Month to celebrate career and technical education across the United States.</p>]]></text>
          <updateDate>2019-02-26T05:00:00Z</updateDate>
          <lastSummaryUpdateDate>2019-03-06T21:10:08Z</lastSummaryUpdateDate>
          <actionDate>2019-02-26</actionDate>
          <actionDesc>Introduced in Senate</actionDesc>
        </item>
        <item>
          <name>Passed Senate</name>
          <versionCode>55</versionCode>
          <text><![CDATA[<p>This resolution designates February 2019 as Career and Technical Education Month to celebrate career and technical education across the United States.</p>]]></text>
          <updateDate>2019-02-26T15:01:22Z</updateDate>
          <lastSummaryUpdateDate>2019-03-06T21:13:15Z</lastSummaryUpdateDate>
          <actionDate>2019-02-26</actionDate>
          <actionDesc>Passed Senate</actionDesc>
        </item>
      </billSummaries>
    </summaries>
    <introducedDate>2019-02-26</introducedDate>
    <notes />
    <cosponsors>
      <item>
        <fullName>Sen. Portman, Rob [R-OH]</fullName>
        <isOriginalCosponsor>True</isOriginalCosponsor>
        <sponsorshipDate>2019-02-26</sponsorshipDate>
        <lastName>PORTMAN</lastName>
        <middleName />
        <firstName>ROB</firstName>
        <sponsorshipWithdrawnDate />
        <identifiers>
          <lisID>924</lisID>
          <gpoId>8266</gpoId>
          <bioguideId>P000449</bioguideId>
        </identifiers>
        <bioguideId>P000449</bioguideId>
        <party>R</party>
        <state>OH</state>
      </item>
      <item>
        <fullName>Sen. Baldwin, Tammy [D-WI]</fullName>
        <isOriginalCosponsor>True</isOriginalCosponsor>
        <sponsorshipDate>2019-02-26</sponsorshipDate>
        <lastName>Baldwin</lastName>
        <middleName />
        <firstName>Tammy</firstName>
        <sponsorshipWithdrawnDate />
        <identifiers>
          <lisID>1558</lisID>
          <gpoId>8215</gpoId>
          <bioguideId>B001230</bioguideId>
        </identifiers>
        <bioguideId>B001230</bioguideId>
        <party>D</party>
        <state>WI</state>
      </item>
      <item>
        <fullName>Sen. Young, Todd C. [R-IN]</fullName>
        <isOriginalCosponsor>True</isOriginalCosponsor>
        <sponsorshipDate>2019-02-26</sponsorshipDate>
        <lastName>Young</lastName>
        <middleName>C.</middleName>
        <firstName>Todd</firstName>
        <sponsorshipWithdrawnDate />
        <identifiers>
          <gpoId>7948</gpoId>
          <lisID>2019</lisID>
          <bioguideId>Y000064</bioguideId>
        </identifiers>
        <bioguideId>Y000064</bioguideId>
        <party>R</party>
        <state>IN</state>
      </item>
      <item>
        <fullName>Sen. Barrasso, John [R-WY]</fullName>
        <isOriginalCosponsor>True</isOriginalCosponsor>
        <sponsorshipDate>2019-02-26</sponsorshipDate>
        <lastName>Barrasso</lastName>
        <middleName />
        <firstName>John</firstName>
        <sponsorshipWithdrawnDate />
        <identifiers>
          <bioguideId>B001261</bioguideId>
          <lisID>1881</lisID>
          <gpoId>8300</gpoId>
        </identifiers>
        <bioguideId>B001261</bioguideId>
        <party>R</party>
        <state>WY</state>
      </item>
      <item>
        <fullName>Sen. Bennet, Michael F. [D-CO]</fullName>
        <isOriginalCosponsor>True</isOriginalCosponsor>
        <sponsorshipDate>2019-02-26</sponsorshipDate>
        <lastName>Bennet</lastName>
        <middleName>F.</middleName>
        <firstName>Michael</firstName>
        <sponsorshipWithdrawnDate />
        <identifiers>
          <bioguideId>B001267</bioguideId>
          <lisID>1965</lisID>
          <gpoId>8302</gpoId>
        </identifiers>
        <bioguideId>B001267</bioguideId>
        <party>D</party>
        <state>CO</state>
      </item>
      <item>
        <fullName>Sen. Blackburn, Marsha [R-TN]</fullName>
        <isOriginalCosponsor>True</isOriginalCosponsor>
        <sponsorshipDate>2019-02-26</sponsorshipDate>
        <lastName>Blackburn</lastName>
        <middleName />
        <firstName>Marsha</firstName>
        <sponsorshipWithdrawnDate />
        <identifiers>
          <bioguideId>B001243</bioguideId>
          <lisID>1748</lisID>
          <gpoId>8154</gpoId>
        </identifiers>
        <bioguideId>B001243</bioguideId>
        <party>R</party>
        <state>TN</state>
      </item>
      <item>
        <fullName>Sen. Blumenthal, Richard [D-CT]</fullName>
        <isOriginalCosponsor>True</isOriginalCosponsor>
        <sponsorshipDate>2019-02-26</sponsorshipDate>
        <lastName>Blumenthal</lastName>
        <middleName />
        <firstName>Richard</firstName>
        <sponsorshipWithdrawnDate />
        <identifiers>
          <gpoId>8332</gpoId>
          <bioguideId>B001277</bioguideId>
          <lisID>2076</lisID>
        </identifiers>
        <bioguideId>B001277</bioguideId>
        <party>D</party>
        <state>CT</state>
      </item>
      <item>
        <fullName>Sen. Boozman, John [R-AR]</fullName>
        <isOriginalCosponsor>True</isOriginalCosponsor>
        <sponsorshipDate>2019-02-26</sponsorshipDate>
        <lastName>Boozman</lastName>
        <middleName />
        <firstName>John</firstName>
        <sponsorshipWithdrawnDate />
        <identifiers>
          <gpoId>8247</gpoId>
          <lisID>1687</lisID>
          <bioguideId>B001236</bioguideId>
        </identifiers>
        <bioguideId>B001236</bioguideId>
        <party>R</party>
        <state>AR</state>
      </item>
      <item>
        <fullName>Sen. Braun, Mike  [R-IN]</fullName>
        <isOriginalCosponsor>True</isOriginalCosponsor>
        <sponsorshipDate>2019-02-26</sponsorshipDate>
        <lastName>Braun</lastName>
        <middleName />
        <firstName>Mike</firstName>
        <sponsorshipWithdrawnDate />
        <identifiers>
          <lisID>2462</lisID>
          <gpoId />
          <bioguideId>B001310</bioguideId>
        </identifiers>
        <bioguideId>B001310</bioguideId>
        <party>R</party>
        <state>IN</state>
      </item>
      <item>
        <fullName>Sen. Brown, Sherrod [D-OH]</fullName>
        <isOriginalCosponsor>True</isOriginalCosponsor>
        <sponsorshipDate>2019-02-26</sponsorshipDate>
        <lastName>Brown</lastName>
        <middleName />
        <firstName>Sherrod</firstName>
        <sponsorshipWithdrawnDate />
        <identifiers>
          <gpoId>8309</gpoId>
          <bioguideId>B000944</bioguideId>
          <lisID>136</lisID>
        </identifiers>
        <bioguideId>B000944</bioguideId>
        <party>D</party>
        <state>OH</state>
      </item>
      <item>
        <fullName>Sen. Cantwell, Maria [D-WA]</fullName>
        <isOriginalCosponsor>True</isOriginalCosponsor>
        <sponsorshipDate>2019-02-26</sponsorshipDate>
        <lastName>CANTWELL</lastName>
        <middleName />
        <firstName>MARIA</firstName>
        <sponsorshipWithdrawnDate />
        <identifiers>
          <bioguideId>C000127</bioguideId>
          <gpoId>8288</gpoId>
          <lisID>172</lisID>
        </identifiers>
        <bioguideId>C000127</bioguideId>
        <party>D</party>
        <state>WA</state>
      </item>
      <item>
        <fullName>Sen. Capito, Shelley Moore [R-WV]</fullName>
        <isOriginalCosponsor>True</isOriginalCosponsor>
        <sponsorshipDate>2019-02-26</sponsorshipDate>
        <lastName>CAPITO</lastName>
        <middleName>MOORE</middleName>
        <firstName>SHELLEY</firstName>
        <sponsorshipWithdrawnDate />
        <identifiers>
          <lisID>1676</lisID>
          <bioguideId>C001047</bioguideId>
          <gpoId>8223</gpoId>
        </identifiers>
        <bioguideId>C001047</bioguideId>
        <party>R</party>
        <state>WV</state>
      </item>
      <item>
        <fullName>Sen. Carper, Thomas R. [D-DE]</fullName>
        <isOriginalCosponsor>True</isOriginalCosponsor>
        <sponsorshipDate>2019-02-26</sponsorshipDate>
        <lastName>CARPER</lastName>
        <middleName>R.</middleName>
        <firstName>THOMAS</firstName>
        <sponsorshipWithdrawnDate />
        <identifiers>
          <lisID>179</lisID>
          <gpoId>8283</gpoId>
          <bioguideId>C000174</bioguideId>
        </identifiers>
        <bioguideId>C000174</bioguideId>
        <party>D</party>
        <state>DE</state>
      </item>
      <item>
        <fullName>Sen. Casey, Robert P., Jr. [D-PA]</fullName>
        <isOriginalCosponsor>True</isOriginalCosponsor>
        <sponsorshipDate>2019-02-26</sponsorshipDate>
        <lastName>Casey</lastName>
        <middleName />
        <firstName>Bob</firstName>
        <sponsorshipWithdrawnDate />
        <identifiers>
          <lisID>1828</lisID>
          <gpoId>8282</gpoId>
          <bioguideId>C001070</bioguideId>
        </identifiers>
        <bioguideId>C001070</bioguideId>
        <party>D</party>
        <state>PA</state>
      </item>
      <item>
        <fullName>Sen. Coons, Christopher A. [D-DE]</fullName>
        <isOriginalCosponsor>True</isOriginalCosponsor>
        <sponsorshipDate>2019-02-26</sponsorshipDate>
        <lastName>Coons</lastName>
        <middleName>A.</middleName>
        <firstName>Christopher</firstName>
        <sponsorshipWithdrawnDate />
        <identifiers>
          <bioguideId>C001088</bioguideId>
          <gpoId>8297</gpoId>
          <lisID>1984</lisID>
        </identifiers>
        <bioguideId>C001088</bioguideId>
        <party>D</party>
        <state>DE</state>
      </item>
      <item>
        <fullName>Sen. Cornyn, John [R-TX]</fullName>
        <isOriginalCosponsor>True</isOriginalCosponsor>
        <sponsorshipDate>2019-02-26</sponsorshipDate>
        <lastName>Cornyn</lastName>
        <middleName />
        <firstName>John</firstName>
        <sponsorshipWithdrawnDate />
        <identifiers>
          <lisID>1692</lisID>
          <gpoId>8295</gpoId>
          <bioguideId>C001056</bioguideId>
        </identifiers>
        <bioguideId>C001056</bioguideId>
        <party>R</party>
        <state>TX</state>
      </item>
      <item>
        <fullName>Sen. Cortez Masto, Catherine  [D-NV]</fullName>
        <isOriginalCosponsor>True</isOriginalCosponsor>
        <sponsorshipDate>2019-02-26</sponsorshipDate>
        <lastName>Cortez Masto</lastName>
        <middleName />
        <firstName>Catherine</firstName>
        <sponsorshipWithdrawnDate />
        <identifiers>
          <bioguideId>C001113</bioguideId>
          <lisID>2299</lisID>
          <gpoId />
        </identifiers>
        <bioguideId>C001113</bioguideId>
        <party>D</party>
        <state>NV</state>
      </item>
      <item>
        <fullName>Sen. Daines, Steve [R-MT]</fullName>
        <isOriginalCosponsor>True</isOriginalCosponsor>
        <sponsorshipDate>2019-02-26</sponsorshipDate>
        <lastName>Daines</lastName>
        <middleName />
        <firstName>Steve</firstName>
        <sponsorshipWithdrawnDate />
        <identifiers>
          <lisID>2138</lisID>
          <bioguideId>D000618</bioguideId>
          <gpoId />
        </identifiers>
        <bioguideId>D000618</bioguideId>
        <party>R</party>
        <state>MT</state>
      </item>
      <item>
        <fullName>Sen. Duckworth, Tammy [D-IL]</fullName>
        <isOriginalCosponsor>True</isOriginalCosponsor>
        <sponsorshipDate>2019-02-26</sponsorshipDate>
        <lastName>Duckworth</lastName>
        <middleName />
        <firstName>Tammy</firstName>
        <sponsorshipWithdrawnDate />
        <identifiers>
          <gpoId />
          <lisID>2123</lisID>
          <bioguideId>D000622</bioguideId>
        </identifiers>
        <bioguideId>D000622</bioguideId>
        <party>D</party>
        <state>IL</state>
      </item>
      <item>
        <fullName>Sen. Durbin, Richard J. [D-IL]</fullName>
        <isOriginalCosponsor>True</isOriginalCosponsor>
        <sponsorshipDate>2019-02-26</sponsorshipDate>
        <lastName>DURBIN</lastName>
        <middleName>J.</middleName>
        <firstName>RICHARD</firstName>
        <sponsorshipWithdrawnDate />
        <identifiers>
          <lisID>326</lisID>
          <gpoId>8326</gpoId>
          <bioguideId>D000563</bioguideId>
        </identifiers>
        <bioguideId>D000563</bioguideId>
        <party>D</party>
        <state>IL</state>
      </item>
      <item>
        <fullName>Sen. Enzi, Michael B. [R-WY]</fullName>
        <isOriginalCosponsor>True</isOriginalCosponsor>
        <sponsorshipDate>2019-02-26</sponsorshipDate>
        <lastName>ENZI</lastName>
        <middleName>B.</middleName>
        <firstName>MICHAEL</firstName>
        <sponsorshipWithdrawnDate />
        <identifiers>
          <bioguideId>E000285</bioguideId>
          <lisID>1542</lisID>
          <gpoId>8328</gpoId>
        </identifiers>
        <bioguideId>E000285</bioguideId>
        <party>R</party>
        <state>WY</state>
      </item>
      <item>
        <fullName>Sen. Feinstein, Dianne [D-CA]</fullName>
        <isOriginalCosponsor>True</isOriginalCosponsor>
        <sponsorshipDate>2019-02-26</sponsorshipDate>
        <lastName>FEINSTEIN</lastName>
        <middleName />
        <firstName>DIANNE</firstName>
        <sponsorshipWithdrawnDate />
        <identifiers>
          <lisID>1332</lisID>
          <gpoId>8338</gpoId>
          <bioguideId>F000062</bioguideId>
        </identifiers>
        <bioguideId>F000062</bioguideId>
        <party>D</party>
        <state>CA</state>
      </item>
      <item>
        <fullName>Sen. Harris, Kamala D. [D-CA]</fullName>
        <isOriginalCosponsor>True</isOriginalCosponsor>
        <sponsorshipDate>2019-02-26</sponsorshipDate>
        <lastName>Harris</lastName>
        <middleName>D.</middleName>
        <firstName>Kamala</firstName>
        <sponsorshipWithdrawnDate />
        <identifiers>
          <lisID>2301</lisID>
          <bioguideId>H001075</bioguideId>
          <gpoId />
        </identifiers>
        <bioguideId>H001075</bioguideId>
        <party>D</party>
        <state>CA</state>
      </item>
      <item>
        <fullName>Sen. Hassan, Margaret Wood [D-NH]</fullName>
        <isOriginalCosponsor>True</isOriginalCosponsor>
        <sponsorshipDate>2019-02-26</sponsorshipDate>
        <lastName>Hassan</lastName>
        <middleName>Wood</middleName>
        <firstName>Margaret</firstName>
        <sponsorshipWithdrawnDate />
        <identifiers>
          <bioguideId>H001076</bioguideId>
          <gpoId />
          <lisID>2302</lisID>
        </identifiers>
        <bioguideId>H001076</bioguideId>
        <party>D</party>
        <state>NH</state>
      </item>
      <item>
        <fullName>Sen. Hirono, Mazie K. [D-HI]</fullName>
        <isOriginalCosponsor>True</isOriginalCosponsor>
        <sponsorshipDate>2019-02-26</sponsorshipDate>
        <lastName>Hirono</lastName>
        <middleName>K.</middleName>
        <firstName>Mazie</firstName>
        <sponsorshipWithdrawnDate />
        <identifiers>
          <bioguideId>H001042</bioguideId>
          <lisID>1844</lisID>
          <gpoId>7913</gpoId>
        </identifiers>
        <bioguideId>H001042</bioguideId>
        <party>D</party>
        <state>HI</state>
      </item>
      <item>
        <fullName>Sen. Hoeven, John [R-ND]</fullName>
        <isOriginalCosponsor>True</isOriginalCosponsor>
        <sponsorshipDate>2019-02-26</sponsorshipDate>
        <lastName>Hoeven</lastName>
        <middleName />
        <firstName>John</firstName>
        <sponsorshipWithdrawnDate />
        <identifiers>
          <gpoId>8331</gpoId>
          <bioguideId>H001061</bioguideId>
          <lisID>2079</lisID>
        </identifiers>
        <bioguideId>H001061</bioguideId>
        <party>R</party>
        <state>ND</state>
      </item>
      <item>
        <fullName>Sen. Hyde-Smith, Cindy [R-MS]</fullName>
        <isOriginalCosponsor>True</isOriginalCosponsor>
        <sponsorshipDate>2019-02-26</sponsorshipDate>
        <lastName>Hyde-Smith</lastName>
        <middleName />
        <firstName>Cindy</firstName>
        <sponsorshipWithdrawnDate />
        <identifiers>
          <lisID>2366</lisID>
          <gpoId />
          <bioguideId>H001079</bioguideId>
        </identifiers>
        <bioguideId>H001079</bioguideId>
        <party>R</party>
        <state>MS</state>
      </item>
      <item>
        <fullName>Sen. Inhofe, James M. [R-OK]</fullName>
        <isOriginalCosponsor>True</isOriginalCosponsor>
        <sponsorshipDate>2019-02-26</sponsorshipDate>
        <lastName>INHOFE</lastName>
        <middleName />
        <firstName>JIM</firstName>
        <sponsorshipWithdrawnDate />
        <identifiers>
          <gpoId>8322</gpoId>
          <bioguideId>I000024</bioguideId>
          <lisID>583</lisID>
        </identifiers>
        <bioguideId>I000024</bioguideId>
        <party>R</party>
        <state>OK</state>
      </item>
      <item>
        <fullName>Sen. Isakson, Johnny [R-GA]</fullName>
        <isOriginalCosponsor>True</isOriginalCosponsor>
        <sponsorshipDate>2019-02-26</sponsorshipDate>
        <lastName>Isakson</lastName>
        <middleName />
        <firstName>Johnny</firstName>
        <sponsorshipWithdrawnDate />
        <identifiers>
          <lisID>1608</lisID>
          <bioguideId>I000055</bioguideId>
          <gpoId>8323</gpoId>
        </identifiers>
        <bioguideId>I000055</bioguideId>
        <party>R</party>
        <state>GA</state>
      </item>
      <item>
        <fullName>Sen. King, Angus S., Jr. [I-ME]</fullName>
        <isOriginalCosponsor>True</isOriginalCosponsor>
        <sponsorshipDate>2019-02-26</sponsorshipDate>
        <lastName>King</lastName>
        <middleName />
        <firstName>Angus</firstName>
        <sponsorshipWithdrawnDate />
        <identifiers>
          <gpoId />
          <bioguideId>K000383</bioguideId>
          <lisID>2185</lisID>
        </identifiers>
        <bioguideId>K000383</bioguideId>
        <party>I</party>
        <state>ME</state>
      </item>
      <item>
        <fullName>Sen. Klobuchar, Amy [D-MN]</fullName>
        <isOriginalCosponsor>True</isOriginalCosponsor>
        <sponsorshipDate>2019-02-26</sponsorshipDate>
        <lastName>Klobuchar</lastName>
        <middleName />
        <firstName>Amy</firstName>
        <sponsorshipWithdrawnDate />
        <identifiers>
          <lisID>1826</lisID>
          <gpoId>8249</gpoId>
          <bioguideId>K000367</bioguideId>
        </identifiers>
        <bioguideId>K000367</bioguideId>
        <party>D</party>
        <state>MN</state>
      </item>
      <item>
        <fullName>Sen. Manchin, Joe, III [D-WV]</fullName>
        <isOriginalCosponsor>True</isOriginalCosponsor>
        <sponsorshipDate>2019-02-26</sponsorshipDate>
        <lastName>Manchin</lastName>
        <middleName />
        <firstName>Joe</firstName>
        <sponsorshipWithdrawnDate />
        <identifiers>
          <gpoId>8256</gpoId>
          <bioguideId>M001183</bioguideId>
          <lisID>1983</lisID>
        </identifiers>
        <bioguideId>M001183</bioguideId>
        <party>D</party>
        <state>WV</state>
      </item>
      <item>
        <fullName>Sen. Murphy, Christopher [D-CT]</fullName>
        <isOriginalCosponsor>True</isOriginalCosponsor>
        <sponsorshipDate>2019-02-26</sponsorshipDate>
        <lastName>Murphy</lastName>
        <middleName />
        <firstName>Christopher</firstName>
        <sponsorshipWithdrawnDate />
        <identifiers>
          <gpoId>7870</gpoId>
          <bioguideId>M001169</bioguideId>
          <lisID>1837</lisID>
        </identifiers>
        <bioguideId>M001169</bioguideId>
        <party>D</party>
        <state>CT</state>
      </item>
      <item>
        <fullName>Sen. Murray, Patty [D-WA]</fullName>
        <isOriginalCosponsor>True</isOriginalCosponsor>
        <sponsorshipDate>2019-02-26</sponsorshipDate>
        <lastName>MURRAY</lastName>
        <middleName />
        <firstName>PATTY</firstName>
        <sponsorshipWithdrawnDate />
        <identifiers>
          <lisID>1409</lisID>
          <gpoId>8237</gpoId>
          <bioguideId>M001111</bioguideId>
        </identifiers>
        <bioguideId>M001111</bioguideId>
        <party>D</party>
        <state>WA</state>
      </item>
      <item>
        <fullName>Sen. Perdue, David [R-GA]</fullName>
        <isOriginalCosponsor>True</isOriginalCosponsor>
        <sponsorshipDate>2019-02-26</sponsorshipDate>
        <lastName>Perdue</lastName>
        <middleName>Alfred</middleName>
        <firstName>David</firstName>
        <sponsorshipWithdrawnDate />
        <identifiers>
          <bioguideId>P000612</bioguideId>
          <lisID>2286</lisID>
          <gpoId />
        </identifiers>
        <bioguideId>P000612</bioguideId>
        <party>R</party>
        <state>GA</state>
      </item>
      <item>
        <fullName>Sen. Peters, Gary C. [D-MI]</fullName>
        <isOriginalCosponsor>True</isOriginalCosponsor>
        <sponsorshipDate>2019-02-26</sponsorshipDate>
        <lastName>Peters</lastName>
        <middleName>C.</middleName>
        <firstName>Gary</firstName>
        <sponsorshipWithdrawnDate />
        <identifiers>
          <lisID>1929</lisID>
          <bioguideId>P000595</bioguideId>
          <gpoId>7994</gpoId>
        </identifiers>
        <bioguideId>P000595</bioguideId>
        <party>D</party>
        <state>MI</state>
      </item>
      <item>
        <fullName>Sen. Roberts, Pat [R-KS]</fullName>
        <isOriginalCosponsor>True</isOriginalCosponsor>
        <sponsorshipDate>2019-02-26</sponsorshipDate>
        <lastName>ROBERTS</lastName>
        <middleName />
        <firstName>PAT</firstName>
        <sponsorshipWithdrawnDate />
        <identifiers>
          <lisID>968</lisID>
          <bioguideId>R000307</bioguideId>
          <gpoId>8275</gpoId>
        </identifiers>
        <bioguideId>R000307</bioguideId>
        <party>R</party>
        <state>KS</state>
      </item>
      <item>
        <fullName>Sen. Rosen, Jacky [D-NV]</fullName>
        <isOriginalCosponsor>True</isOriginalCosponsor>
        <sponsorshipDate>2019-02-26</sponsorshipDate>
        <lastName>Rosen</lastName>
        <middleName />
        <firstName>Jacklyn</firstName>
        <sponsorshipWithdrawnDate />
        <identifiers>
          <gpoId />
          <lisID>2339</lisID>
          <bioguideId>R000608</bioguideId>
        </identifiers>
        <bioguideId>R000608</bioguideId>
        <party>D</party>
        <state>NV</state>
      </item>
      <item>
        <fullName>Sen. Rounds, Mike  [R-SD]</fullName>
        <isOriginalCosponsor>True</isOriginalCosponsor>
        <sponsorshipDate>2019-02-26</sponsorshipDate>
        <lastName>Rounds</lastName>
        <middleName />
        <firstName>Mike</firstName>
        <sponsorshipWithdrawnDate />
        <identifiers>
          <lisID>2288</lisID>
          <bioguideId>R000605</bioguideId>
          <gpoId />
        </identifiers>
        <bioguideId>R000605</bioguideId>
        <party>R</party>
        <state>SD</state>
      </item>
      <item>
        <fullName>Sen. Sanders, Bernard [I-VT]</fullName>
        <isOriginalCosponsor>True</isOriginalCosponsor>
        <sponsorshipDate>2019-02-26</sponsorshipDate>
        <lastName>Sanders</lastName>
        <middleName />
        <firstName>Bernard</firstName>
        <sponsorshipWithdrawnDate />
        <identifiers>
          <lisID>1010</lisID>
          <gpoId>8270</gpoId>
          <bioguideId>S000033</bioguideId>
        </identifiers>
        <bioguideId>S000033</bioguideId>
        <party>I</party>
        <state>VT</state>
      </item>
      <item>
        <fullName>Sen. Shaheen, Jeanne [D-NH]</fullName>
        <isOriginalCosponsor>True</isOriginalCosponsor>
        <sponsorshipDate>2019-02-26</sponsorshipDate>
        <lastName>Shaheen</lastName>
        <middleName />
        <firstName>Jeanne</firstName>
        <sponsorshipWithdrawnDate />
        <identifiers>
          <gpoId>8276</gpoId>
          <lisID>1901</lisID>
          <bioguideId>S001181</bioguideId>
        </identifiers>
        <bioguideId>S001181</bioguideId>
        <party>D</party>
        <state>NH</state>
      </item>
      <item>
        <fullName>Sen. Smith, Tina  [D-MN]</fullName>
        <isOriginalCosponsor>True</isOriginalCosponsor>
        <sponsorshipDate>2019-02-26</sponsorshipDate>
        <lastName>Smith</lastName>
        <middleName />
        <firstName>Tina</firstName>
        <sponsorshipWithdrawnDate />
        <identifiers>
          <gpoId />
          <bioguideId>S001203</bioguideId>
          <lisID>2365</lisID>
        </identifiers>
        <bioguideId>S001203</bioguideId>
        <party>D</party>
        <state>MN</state>
      </item>
      <item>
        <fullName>Sen. Stabenow, Debbie [D-MI]</fullName>
        <isOriginalCosponsor>True</isOriginalCosponsor>
        <sponsorshipDate>2019-02-26</sponsorshipDate>
        <lastName>STABENOW</lastName>
        <middleName>ANN</middleName>
        <firstName>DEBORAH</firstName>
        <sponsorshipWithdrawnDate />
        <identifiers>
          <lisID>1531</lisID>
          <gpoId>8261</gpoId>
          <bioguideId>S000770</bioguideId>
        </identifiers>
        <bioguideId>S000770</bioguideId>
        <party>D</party>
        <state>MI</state>
      </item>
      <item>
        <fullName>Sen. Thune, John [R-SD]</fullName>
        <isOriginalCosponsor>True</isOriginalCosponsor>
        <sponsorshipDate>2019-02-26</sponsorshipDate>
        <lastName>THUNE</lastName>
        <middleName>R.</middleName>
        <firstName>JOHN</firstName>
        <sponsorshipWithdrawnDate />
        <identifiers>
          <lisID>1534</lisID>
          <bioguideId>T000250</bioguideId>
          <gpoId>8257</gpoId>
        </identifiers>
        <bioguideId>T000250</bioguideId>
        <party>R</party>
        <state>SD</state>
      </item>
      <item>
        <fullName>Sen. Tillis, Thom [R-NC]</fullName>
        <isOriginalCosponsor>True</isOriginalCosponsor>
        <sponsorshipDate>2019-02-26</sponsorshipDate>
        <lastName>Tillis</lastName>
        <middleName>Roland</middleName>
        <firstName>Thomas</firstName>
        <sponsorshipWithdrawnDate />
        <identifiers>
          <bioguideId>T000476</bioguideId>
          <gpoId />
          <lisID>2291</lisID>
        </identifiers>
        <bioguideId>T000476</bioguideId>
        <party>R</party>
        <state>NC</state>
      </item>
      <item>
        <fullName>Sen. Van Hollen, Chris [D-MD]</fullName>
        <isOriginalCosponsor>True</isOriginalCosponsor>
        <sponsorshipDate>2019-02-26</sponsorshipDate>
        <lastName>Van Hollen</lastName>
        <middleName />
        <firstName>Chris</firstName>
        <sponsorshipWithdrawnDate />
        <identifiers>
          <gpoId>7983</gpoId>
          <bioguideId>V000128</bioguideId>
          <lisID>1729</lisID>
        </identifiers>
        <bioguideId>V000128</bioguideId>
        <party>D</party>
        <state>MD</state>
      </item>
      <item>
        <fullName>Sen. Warner, Mark R. [D-VA]</fullName>
        <isOriginalCosponsor>True</isOriginalCosponsor>
        <sponsorshipDate>2019-02-26</sponsorshipDate>
        <lastName>Warner</lastName>
        <middleName>R.</middleName>
        <firstName>Mark</firstName>
        <sponsorshipWithdrawnDate />
        <identifiers>
          <lisID>1897</lisID>
          <gpoId>8269</gpoId>
          <bioguideId>W000805</bioguideId>
        </identifiers>
        <bioguideId>W000805</bioguideId>
        <party>D</party>
        <state>VA</state>
      </item>
      <item>
        <fullName>Sen. Wicker, Roger F. [R-MS]</fullName>
        <isOriginalCosponsor>True</isOriginalCosponsor>
        <sponsorshipDate>2019-02-26</sponsorshipDate>
        <lastName>WICKER</lastName>
        <middleName>F.</middleName>
        <firstName>ROGER</firstName>
        <sponsorshipWithdrawnDate />
        <identifiers>
          <lisID>1226</lisID>
          <bioguideId>W000437</bioguideId>
          <gpoId>8263</gpoId>
        </identifiers>
        <bioguideId>W000437</bioguideId>
        <party>R</party>
        <state>MS</state>
      </item>
      <item>
        <fullName>Sen. Wyden, Ron [D-OR]</fullName>
        <isOriginalCosponsor>True</isOriginalCosponsor>
        <sponsorshipDate>2019-02-26</sponsorshipDate>
        <lastName>WYDEN</lastName>
        <middleName />
        <firstName>RON</firstName>
        <sponsorshipWithdrawnDate />
        <identifiers>
          <gpoId>8265</gpoId>
          <bioguideId>W000779</bioguideId>
          <lisID>1247</lisID>
        </identifiers>
        <bioguideId>W000779</bioguideId>
        <party>D</party>
        <state>OR</state>
      </item>
      <item>
        <fullName>Sen. Ernst, Joni  [R-IA]</fullName>
        <isOriginalCosponsor>True</isOriginalCosponsor>
        <sponsorshipDate>2019-02-26</sponsorshipDate>
        <lastName>Ernst</lastName>
        <middleName />
        <firstName>Joni</firstName>
        <sponsorshipWithdrawnDate />
        <identifiers>
          <bioguideId>E000295</bioguideId>
          <lisID>2283</lisID>
          <gpoId />
        </identifiers>
        <bioguideId>E000295</bioguideId>
        <party>R</party>
        <state>IA</state>
      </item>
    </cosponsors>
    <subjects>
      <billSubjects>
        <legislativeSubjects>
          <item>
            <name>Commemorative events and holidays</name>
          </item>
          <item>
            <name>Educational guidance</name>
          </item>
          <item>
            <name>Elementary and secondary education</name>
          </item>
          <item>
            <name>Employment and training programs</name>
          </item>
          <item>
            <name>Teaching, teachers, curricula</name>
          </item>
          <item>
            <name>Vocational and technical education</name>
          </item>
        </legislativeSubjects>
        <policyArea>
          <name>Labor and Employment</name>
        </policyArea>
      </billSubjects>
    </subjects>
    <cboCostEstimates />
    <version>1.0.0</version>
    <committees>
      <billCommittees />
    </committees>
    <calendarNumbers />
    <amendments />
  </bill>
  <dublinCore xmlns:dc="http://purl.org/dc/elements/1.1/">
    <dc:format>text/xml</dc:format>
    <dc:language>EN</dc:language>
    <dc:rights>Pursuant to Title 17 Section 105 of the United States Code, this file is not subject to copyright protection and is in the public domain.</dc:rights>
    <dc:contributor>Congressional Research Service, Library of Congress</dc:contributor>
    <dc:description>This file contains bill summaries and statuses for federal legislation. A bill summary describes the most significant provisions of a piece of legislation and details the effects the legislative text may have on current law and federal programs. Bill summaries are authored by the Congressional Research Service (CRS) of the Library of Congress. As stated in Public Law 91-510 (2 USC 166 (d)(6)), one of the duties of CRS is "to prepare summaries and digests of bills and resolutions of a public general nature introduced in the Senate or House of Representatives". For more information, refer to the User Guide that accompanies this file.</dc:description>
  </dublinCore>
</billStatus>

