<?xml version="1.0" encoding="UTF-8"?>
<billStatus>
  <bill>
    <subjects>
      <billSubjects>
        <policyArea>
          <name>Immigration</name>
        </policyArea>
        <legislativeSubjects>
          <item>
            <name>Commemorative events and holidays</name>
          </item>
          <item>
            <name>Historical and cultural resources</name>
          </item>
          <item>
            <name>U.S. history</name>
          </item>
        </legislativeSubjects>
      </billSubjects>
    </subjects>
    <introducedDate>2019-06-20</introducedDate>
    <createDate>2019-06-21T04:42:09Z</createDate>
    <cosponsors>
      <item>
        <sponsorshipWithdrawnDate />
        <bioguideId>B001267</bioguideId>
        <middleName>F.</middleName>
        <sponsorshipDate>2019-06-20</sponsorshipDate>
        <isOriginalCosponsor>True</isOriginalCosponsor>
        <party>D</party>
        <identifiers>
          <lisID>1965</lisID>
          <bioguideId>B001267</bioguideId>
          <gpoId>8302</gpoId>
        </identifiers>
        <firstName>Michael</firstName>
        <state>CO</state>
        <lastName>Bennet</lastName>
        <fullName>Sen. Bennet, Michael F. [D-CO]</fullName>
      </item>
      <item>
        <sponsorshipWithdrawnDate />
        <bioguideId>K000367</bioguideId>
        <middleName />
        <sponsorshipDate>2019-06-20</sponsorshipDate>
        <isOriginalCosponsor>True</isOriginalCosponsor>
        <party>D</party>
        <identifiers>
          <lisID>1826</lisID>
          <bioguideId>K000367</bioguideId>
          <gpoId>8249</gpoId>
        </identifiers>
        <firstName>Amy</firstName>
        <state>MN</state>
        <lastName>Klobuchar</lastName>
        <fullName>Sen. Klobuchar, Amy [D-MN]</fullName>
      </item>
      <item>
        <sponsorshipWithdrawnDate />
        <bioguideId>H001075</bioguideId>
        <middleName>D.</middleName>
        <sponsorshipDate>2019-06-20</sponsorshipDate>
        <isOriginalCosponsor>True</isOriginalCosponsor>
        <party>D</party>
        <identifiers>
          <lisID>2301</lisID>
          <gpoId />
          <bioguideId>H001075</bioguideId>
        </identifiers>
        <firstName>Kamala</firstName>
        <state>CA</state>
        <lastName>Harris</lastName>
        <fullName>Sen. Harris, Kamala D. [D-CA]</fullName>
      </item>
      <item>
        <sponsorshipWithdrawnDate />
        <bioguideId>H001042</bioguideId>
        <middleName>K.</middleName>
        <sponsorshipDate>2019-06-20</sponsorshipDate>
        <isOriginalCosponsor>True</isOriginalCosponsor>
        <party>D</party>
        <identifiers>
          <bioguideId>H001042</bioguideId>
          <gpoId>7913</gpoId>
          <lisID>1844</lisID>
        </identifiers>
        <firstName>Mazie</firstName>
        <state>HI</state>
        <lastName>Hirono</lastName>
        <fullName>Sen. Hirono, Mazie K. [D-HI]</fullName>
      </item>
      <item>
        <sponsorshipWithdrawnDate />
        <bioguideId>M000133</bioguideId>
        <middleName>J.</middleName>
        <sponsorshipDate>2019-06-20</sponsorshipDate>
        <isOriginalCosponsor>True</isOriginalCosponsor>
        <party>D</party>
        <identifiers>
          <gpoId>7972</gpoId>
          <lisID>735</lisID>
          <bioguideId>M000133</bioguideId>
        </identifiers>
        <firstName>EDWARD</firstName>
        <state>MA</state>
        <lastName>MARKEY</lastName>
        <fullName>Sen. Markey, Edward J. [D-MA]</fullName>
      </item>
      <item>
        <sponsorshipWithdrawnDate />
        <bioguideId>M001111</bioguideId>
        <middleName />
        <sponsorshipDate>2019-06-20</sponsorshipDate>
        <isOriginalCosponsor>True</isOriginalCosponsor>
        <party>D</party>
        <identifiers>
          <lisID>1409</lisID>
          <bioguideId>M001111</bioguideId>
          <gpoId>8237</gpoId>
        </identifiers>
        <firstName>PATTY</firstName>
        <state>WA</state>
        <lastName>MURRAY</lastName>
        <fullName>Sen. Murray, Patty [D-WA]</fullName>
      </item>
      <item>
        <sponsorshipWithdrawnDate />
        <bioguideId>S001203</bioguideId>
        <middleName />
        <sponsorshipDate>2019-06-20</sponsorshipDate>
        <isOriginalCosponsor>True</isOriginalCosponsor>
        <party>D</party>
        <identifiers>
          <bioguideId>S001203</bioguideId>
          <lisID>2365</lisID>
          <gpoId />
        </identifiers>
        <firstName>Tina</firstName>
        <state>MN</state>
        <lastName>Smith</lastName>
        <fullName>Sen. Smith, Tina  [D-MN]</fullName>
      </item>
    </cosponsors>
    <billNumber>255</billNumber>
    <amendments />
    <sponsors>
      <item>
        <bioguideId>F000062</bioguideId>
        <fullName>Sen. Feinstein, Dianne [D-CA]</fullName>
        <party>D</party>
        <byRequestType />
        <state>CA</state>
        <lastName>FEINSTEIN</lastName>
        <firstName>DIANNE</firstName>
        <middleName />
        <identifiers>
          <bioguideId>F000062</bioguideId>
          <gpoId>8338</gpoId>
          <lisID>1332</lisID>
        </identifiers>
      </item>
    </sponsors>
    <actions>
      <item>
        <actionDate>2019-06-20</actionDate>
        <committee>
          <systemCode>ssju00</systemCode>
          <name>Judiciary Committee</name>
        </committee>
        <links>
          <link>
            <url>https://www.congress.gov/congressional-record/volume-165/senate-section/page/S4177</url>
            <name>S4177</name>
          </link>
        </links>
        <sourceSystem>
          <name>Senate</name>
          <code>0</code>
        </sourceSystem>
        <text>Referred to the Committee on the Judiciary. (text: CR S4177)</text>
        <type>IntroReferral</type>
      </item>
      <item>
        <actionDate>2019-06-20</actionDate>
        <committee />
        <sourceSystem>
          <code>9</code>
          <name>Library of Congress</name>
        </sourceSystem>
        <type>IntroReferral</type>
        <links />
        <text>Introduced in Senate</text>
        <actionCode>10000</actionCode>
      </item>
      <actionByCounts>
        <senate>2</senate>
      </actionByCounts>
      <actionTypeCounts>
        <referredToCommittee>1</referredToCommittee>
        <introducedInSenate>1</introducedInSenate>
      </actionTypeCounts>
    </actions>
    <cboCostEstimates />
    <updateDate>2019-07-02T04:42:16Z</updateDate>
    <textVersions>
      <item>
        <formats>
          <item>
            <url>https://www.govinfo.gov/content/pkg/BILLS-116sres255is/xml/BILLS-116sres255is.xml</url>
          </item>
        </formats>
        <type>Introduced in Senate</type>
        <date>2019-06-20T04:00:00Z</date>
      </item>
    </textVersions>
    <summaries>
      <billSummaries />
    </summaries>
    <recordedVotes />
    <titles>
      <item>
        <parentTitleType />
        <titleType>Official Title as Introduced</titleType>
        <chamberCode />
        <chamberName />
        <title>A resolution recognizing June 2019 as "Immigrant Heritage Month", a celebration of the accomplishments and contributions immigrants and their children have made in shaping the history, strengthening the economy, and enriching the culture of the United States.</title>
      </item>
      <item>
        <parentTitleType />
        <titleType>Display Title</titleType>
        <chamberCode />
        <chamberName />
        <title>A resolution recognizing June 2019 as "Immigrant Heritage Month", a celebration of the accomplishments and contributions immigrants and their children have made in shaping the history, strengthening the economy, and enriching the culture of the United States.</title>
      </item>
    </titles>
    <originChamber>Senate</originChamber>
    <congress>116</congress>
    <policyArea>
      <name>Immigration</name>
    </policyArea>
    <committeeReports />
    <committees>
      <billCommittees>
        <item>
          <subcommittees />
          <systemCode>ssju00</systemCode>
          <chamber>Senate</chamber>
          <type>Standing</type>
          <activities>
            <item>
              <date>2019-06-20T17:45:07Z</date>
              <name>Referred to</name>
            </item>
          </activities>
          <name>Judiciary Committee</name>
        </item>
      </billCommittees>
    </committees>
    <version>1.0.0</version>
    <title>A resolution recognizing June 2019 as "Immigrant Heritage Month", a celebration of the accomplishments and contributions immigrants and their children have made in shaping the history, strengthening the economy, and enriching the culture of the United States.</title>
    <relatedBills>
      <item>
        <congress>116</congress>
        <latestTitle>Recognizing the month of June as "Immigrant Heritage Month", a celebration of the accomplishments and contributions immigrants and their children have made in shaping the history, strengthening the economy, and enriching the culture of the United States.</latestTitle>
        <type>HRES</type>
        <relationshipDetails>
          <item>
            <identifiedBy>CRS</identifiedBy>
            <type>Related bill</type>
          </item>
        </relationshipDetails>
        <number>453</number>
        <latestAction>
          <actionDate>2019-06-20</actionDate>
          <text>Referred to the House Committee on Oversight and Reform.</text>
        </latestAction>
      </item>
    </relatedBills>
    <billType>SRES</billType>
    <latestAction>
      <actionDate>2019-06-20</actionDate>
      <links />
      <text>Referred to the Committee on the Judiciary. (text: CR S4177)</text>
    </latestAction>
    <laws />
    <notes />
    <calendarNumbers />
  </bill>
  <dublinCore xmlns:dc="http://purl.org/dc/elements/1.1/">
    <dc:format>text/xml</dc:format>
    <dc:language>EN</dc:language>
    <dc:rights>Pursuant to Title 17 Section 105 of the United States Code, this file is not subject to copyright protection and is in the public domain.</dc:rights>
    <dc:contributor>Congressional Research Service, Library of Congress</dc:contributor>
    <dc:description>This file contains bill summaries and statuses for federal legislation. A bill summary describes the most significant provisions of a piece of legislation and details the effects the legislative text may have on current law and federal programs. Bill summaries are authored by the Congressional Research Service (CRS) of the Library of Congress. As stated in Public Law 91-510 (2 USC 166 (d)(6)), one of the duties of CRS is "to prepare summaries and digests of bills and resolutions of a public general nature introduced in the Senate or House of Representatives". For more information, refer to the User Guide that accompanies this file.</dc:description>
  </dublinCore>
</billStatus>

