<?xml version="1.0" encoding="UTF-8"?>
<billStatus>
  <bill>
    <updateDate>2019-08-16T10:34:32Z</updateDate>
    <committees>
      <billCommittees />
    </committees>
    <latestAction>
      <actionDate>2019-08-01</actionDate>
      <links />
      <text>Submitted in the Senate, considered, and agreed to without amendment and with a preamble by Unanimous Consent. (consideration: CR S5318; text: CR S5317)</text>
    </latestAction>
    <title>A resolution designating the week of September 14 through September 21, 2019, as "National Estuaries Week".</title>
    <notes />
    <createDate>2019-08-02T07:42:07Z</createDate>
    <subjects>
      <billSubjects>
        <legislativeSubjects>
          <item>
            <name>Commemorative events and holidays</name>
          </item>
          <item>
            <name>Marine and coastal resources, fisheries</name>
          </item>
          <item>
            <name>Wetlands</name>
          </item>
          <item>
            <name>Wildlife conservation and habitat protection</name>
          </item>
        </legislativeSubjects>
        <policyArea>
          <name>Environmental Protection</name>
        </policyArea>
      </billSubjects>
    </subjects>
    <congress>116</congress>
    <cboCostEstimates />
    <amendments />
    <relatedBills />
    <laws />
    <policyArea>
      <name>Environmental Protection</name>
    </policyArea>
    <recordedVotes />
    <originChamber>Senate</originChamber>
    <version>1.0.0</version>
    <summaries>
      <billSummaries />
    </summaries>
    <titles>
      <item>
        <title>A resolution designating the week of September 14 through September 21, 2019, as "National Estuaries Week".</title>
        <parentTitleType />
        <titleType>Official Title as Introduced</titleType>
        <chamberCode />
        <chamberName />
      </item>
      <item>
        <title>A resolution designating the week of September 14 through September 21, 2019, as "National Estuaries Week".</title>
        <parentTitleType />
        <titleType>Display Title</titleType>
        <chamberCode />
        <chamberName />
      </item>
    </titles>
    <calendarNumbers />
    <sponsors>
      <item>
        <state>RI</state>
        <middleName />
        <byRequestType />
        <bioguideId>W000802</bioguideId>
        <firstName>Sheldon</firstName>
        <party>D</party>
        <lastName>Whitehouse</lastName>
        <identifiers>
          <gpoId>8264</gpoId>
          <bioguideId>W000802</bioguideId>
          <lisID>1823</lisID>
        </identifiers>
        <fullName>Sen. Whitehouse, Sheldon [D-RI]</fullName>
      </item>
    </sponsors>
    <textVersions>
      <item>
        <type>Agreed to Senate</type>
        <formats>
          <item>
            <url>https://www.govinfo.gov/content/pkg/BILLS-116sres305ats/xml/BILLS-116sres305ats.xml</url>
          </item>
        </formats>
        <date>2019-08-01T04:00:00Z</date>
      </item>
    </textVersions>
    <billType>SRES</billType>
    <introducedDate>2019-08-01</introducedDate>
    <billNumber>305</billNumber>
    <actions>
      <actionByCounts>
        <senate>3</senate>
      </actionByCounts>
      <item>
        <actionDate>2019-08-01</actionDate>
        <committee />
        <links>
          <link>
            <name>S5317</name>
            <url>https://www.congress.gov/congressional-record/volume-165/senate-section/page/S5317</url>
          </link>
          <link>
            <name>S5318</name>
            <url>https://www.congress.gov/congressional-record/volume-165/senate-section/page/S5318</url>
          </link>
        </links>
        <sourceSystem>
          <code>0</code>
          <name>Senate</name>
        </sourceSystem>
        <text>Submitted in the Senate, considered, and agreed to without amendment and with a preamble by Unanimous Consent. (consideration: CR S5318; text: CR S5317)</text>
        <type>Floor</type>
      </item>
      <item>
        <links>
          <link>
            <name>S5317</name>
            <url>https://www.congress.gov/congressional-record/volume-165/senate-section/page/S5317</url>
          </link>
          <link>
            <name>S5318</name>
            <url>https://www.congress.gov/congressional-record/volume-165/senate-section/page/S5318</url>
          </link>
        </links>
        <sourceSystem>
          <code>9</code>
          <name>Library of Congress</name>
        </sourceSystem>
        <actionDate>2019-08-01</actionDate>
        <type>Floor</type>
        <actionCode>17000</actionCode>
        <text>Passed/agreed to in Senate: Submitted in the Senate, considered, and agreed to without amendment and with a preamble by Unanimous Consent.(consideration: CR S5318; text: CR S5317)</text>
        <committee />
      </item>
      <item>
        <links />
        <sourceSystem>
          <code>9</code>
          <name>Library of Congress</name>
        </sourceSystem>
        <actionDate>2019-08-01</actionDate>
        <type>IntroReferral</type>
        <actionCode>10000</actionCode>
        <text>Introduced in Senate</text>
        <committee />
      </item>
      <actionTypeCounts>
        <passedAgreedToInSenate>1</passedAgreedToInSenate>
        <passedOrAgreedToInSenateDayOf>1</passedOrAgreedToInSenateDayOf>
        <introducedInSenate>1</introducedInSenate>
      </actionTypeCounts>
    </actions>
    <committeeReports />
    <cosponsors>
      <item>
        <lastName>COLLINS</lastName>
        <fullName>Sen. Collins, Susan M. [R-ME]</fullName>
        <identifiers>
          <gpoId>8291</gpoId>
          <bioguideId>C001035</bioguideId>
          <lisID>1541</lisID>
        </identifiers>
        <isOriginalCosponsor>True</isOriginalCosponsor>
        <middleName>MARGARET</middleName>
        <party>R</party>
        <bioguideId>C001035</bioguideId>
        <state>ME</state>
        <sponsorshipWithdrawnDate />
        <sponsorshipDate>2019-08-01</sponsorshipDate>
        <firstName>SUSAN</firstName>
      </item>
      <item>
        <lastName>Shaheen</lastName>
        <fullName>Sen. Shaheen, Jeanne [D-NH]</fullName>
        <identifiers>
          <gpoId>8276</gpoId>
          <bioguideId>S001181</bioguideId>
          <lisID>1901</lisID>
        </identifiers>
        <isOriginalCosponsor>True</isOriginalCosponsor>
        <middleName />
        <party>D</party>
        <bioguideId>S001181</bioguideId>
        <state>NH</state>
        <sponsorshipWithdrawnDate />
        <sponsorshipDate>2019-08-01</sponsorshipDate>
        <firstName>Jeanne</firstName>
      </item>
      <item>
        <lastName>Merkley</lastName>
        <fullName>Sen. Merkley, Jeff [D-OR]</fullName>
        <identifiers>
          <lisID>1900</lisID>
          <bioguideId>M001176</bioguideId>
          <gpoId>8238</gpoId>
        </identifiers>
        <isOriginalCosponsor>True</isOriginalCosponsor>
        <middleName />
        <party>D</party>
        <bioguideId>M001176</bioguideId>
        <state>OR</state>
        <sponsorshipWithdrawnDate />
        <sponsorshipDate>2019-08-01</sponsorshipDate>
        <firstName>Jeff</firstName>
      </item>
      <item>
        <lastName>Hassan</lastName>
        <fullName>Sen. Hassan, Margaret Wood [D-NH]</fullName>
        <identifiers>
          <bioguideId>H001076</bioguideId>
          <lisID>2302</lisID>
          <gpoId />
        </identifiers>
        <isOriginalCosponsor>True</isOriginalCosponsor>
        <middleName>Wood</middleName>
        <party>D</party>
        <bioguideId>H001076</bioguideId>
        <state>NH</state>
        <sponsorshipWithdrawnDate />
        <sponsorshipDate>2019-08-01</sponsorshipDate>
        <firstName>Margaret</firstName>
      </item>
      <item>
        <lastName>Blumenthal</lastName>
        <fullName>Sen. Blumenthal, Richard [D-CT]</fullName>
        <identifiers>
          <lisID>2076</lisID>
          <bioguideId>B001277</bioguideId>
          <gpoId>8332</gpoId>
        </identifiers>
        <isOriginalCosponsor>True</isOriginalCosponsor>
        <middleName />
        <party>D</party>
        <bioguideId>B001277</bioguideId>
        <state>CT</state>
        <sponsorshipWithdrawnDate />
        <sponsorshipDate>2019-08-01</sponsorshipDate>
        <firstName>Richard</firstName>
      </item>
      <item>
        <lastName>FEINSTEIN</lastName>
        <fullName>Sen. Feinstein, Dianne [D-CA]</fullName>
        <identifiers>
          <gpoId>8338</gpoId>
          <bioguideId>F000062</bioguideId>
          <lisID>1332</lisID>
        </identifiers>
        <isOriginalCosponsor>True</isOriginalCosponsor>
        <middleName />
        <party>D</party>
        <bioguideId>F000062</bioguideId>
        <state>CA</state>
        <sponsorshipWithdrawnDate />
        <sponsorshipDate>2019-08-01</sponsorshipDate>
        <firstName>DIANNE</firstName>
      </item>
      <item>
        <lastName>Murphy</lastName>
        <fullName>Sen. Murphy, Christopher [D-CT]</fullName>
        <identifiers>
          <gpoId>7870</gpoId>
          <lisID>1837</lisID>
          <bioguideId>M001169</bioguideId>
        </identifiers>
        <isOriginalCosponsor>True</isOriginalCosponsor>
        <middleName />
        <party>D</party>
        <bioguideId>M001169</bioguideId>
        <state>CT</state>
        <sponsorshipWithdrawnDate />
        <sponsorshipDate>2019-08-01</sponsorshipDate>
        <firstName>Christopher</firstName>
      </item>
      <item>
        <lastName>REED</lastName>
        <fullName>Sen. Reed, Jack [D-RI]</fullName>
        <identifiers>
          <gpoId>8272</gpoId>
          <bioguideId>R000122</bioguideId>
          <lisID>949</lisID>
        </identifiers>
        <isOriginalCosponsor>True</isOriginalCosponsor>
        <middleName>F.</middleName>
        <party>D</party>
        <bioguideId>R000122</bioguideId>
        <state>RI</state>
        <sponsorshipWithdrawnDate />
        <sponsorshipDate>2019-08-01</sponsorshipDate>
        <firstName>JOHN</firstName>
      </item>
      <item>
        <lastName>CARPER</lastName>
        <fullName>Sen. Carper, Thomas R. [D-DE]</fullName>
        <identifiers>
          <gpoId>8283</gpoId>
          <bioguideId>C000174</bioguideId>
          <lisID>179</lisID>
        </identifiers>
        <isOriginalCosponsor>True</isOriginalCosponsor>
        <middleName>R.</middleName>
        <party>D</party>
        <bioguideId>C000174</bioguideId>
        <state>DE</state>
        <sponsorshipWithdrawnDate />
        <sponsorshipDate>2019-08-01</sponsorshipDate>
        <firstName>THOMAS</firstName>
      </item>
      <item>
        <lastName>Hirono</lastName>
        <fullName>Sen. Hirono, Mazie K. [D-HI]</fullName>
        <identifiers>
          <lisID>1844</lisID>
          <gpoId>7913</gpoId>
          <bioguideId>H001042</bioguideId>
        </identifiers>
        <isOriginalCosponsor>True</isOriginalCosponsor>
        <middleName>K.</middleName>
        <party>D</party>
        <bioguideId>H001042</bioguideId>
        <state>HI</state>
        <sponsorshipWithdrawnDate />
        <sponsorshipDate>2019-08-01</sponsorshipDate>
        <firstName>Mazie</firstName>
      </item>
      <item>
        <lastName>CARDIN</lastName>
        <fullName>Sen. Cardin, Benjamin L. [D-MD]</fullName>
        <identifiers>
          <bioguideId>C000141</bioguideId>
          <lisID>174</lisID>
          <gpoId>8287</gpoId>
        </identifiers>
        <isOriginalCosponsor>True</isOriginalCosponsor>
        <middleName>L.</middleName>
        <party>D</party>
        <bioguideId>C000141</bioguideId>
        <state>MD</state>
        <sponsorshipWithdrawnDate />
        <sponsorshipDate>2019-08-01</sponsorshipDate>
        <firstName>BENJAMIN</firstName>
      </item>
      <item>
        <lastName>Booker</lastName>
        <fullName>Sen. Booker, Cory A. [D-NJ]</fullName>
        <identifiers>
          <lisID>2194</lisID>
          <bioguideId>B001288</bioguideId>
          <gpoId />
        </identifiers>
        <isOriginalCosponsor>True</isOriginalCosponsor>
        <middleName>A.</middleName>
        <party>D</party>
        <bioguideId>B001288</bioguideId>
        <state>NJ</state>
        <sponsorshipWithdrawnDate />
        <sponsorshipDate>2019-08-01</sponsorshipDate>
        <firstName>Cory</firstName>
      </item>
      <item>
        <lastName>Harris</lastName>
        <fullName>Sen. Harris, Kamala D. [D-CA]</fullName>
        <identifiers>
          <gpoId />
          <bioguideId>H001075</bioguideId>
          <lisID>2301</lisID>
        </identifiers>
        <isOriginalCosponsor>True</isOriginalCosponsor>
        <middleName>D.</middleName>
        <party>D</party>
        <bioguideId>H001075</bioguideId>
        <state>CA</state>
        <sponsorshipWithdrawnDate />
        <sponsorshipDate>2019-08-01</sponsorshipDate>
        <firstName>Kamala</firstName>
      </item>
      <item>
        <lastName>MARKEY</lastName>
        <fullName>Sen. Markey, Edward J. [D-MA]</fullName>
        <identifiers>
          <lisID>735</lisID>
          <bioguideId>M000133</bioguideId>
          <gpoId>7972</gpoId>
        </identifiers>
        <isOriginalCosponsor>True</isOriginalCosponsor>
        <middleName>J.</middleName>
        <party>D</party>
        <bioguideId>M000133</bioguideId>
        <state>MA</state>
        <sponsorshipWithdrawnDate />
        <sponsorshipDate>2019-08-01</sponsorshipDate>
        <firstName>EDWARD</firstName>
      </item>
      <item>
        <lastName>Baldwin</lastName>
        <fullName>Sen. Baldwin, Tammy [D-WI]</fullName>
        <identifiers>
          <lisID>1558</lisID>
          <bioguideId>B001230</bioguideId>
          <gpoId>8215</gpoId>
        </identifiers>
        <isOriginalCosponsor>True</isOriginalCosponsor>
        <middleName />
        <party>D</party>
        <bioguideId>B001230</bioguideId>
        <state>WI</state>
        <sponsorshipWithdrawnDate />
        <sponsorshipDate>2019-08-01</sponsorshipDate>
        <firstName>Tammy</firstName>
      </item>
      <item>
        <lastName>CANTWELL</lastName>
        <fullName>Sen. Cantwell, Maria [D-WA]</fullName>
        <identifiers>
          <gpoId>8288</gpoId>
          <bioguideId>C000127</bioguideId>
          <lisID>172</lisID>
        </identifiers>
        <isOriginalCosponsor>True</isOriginalCosponsor>
        <middleName />
        <party>D</party>
        <bioguideId>C000127</bioguideId>
        <state>WA</state>
        <sponsorshipWithdrawnDate />
        <sponsorshipDate>2019-08-01</sponsorshipDate>
        <firstName>MARIA</firstName>
      </item>
      <item>
        <lastName>King</lastName>
        <fullName>Sen. King, Angus S., Jr. [I-ME]</fullName>
        <identifiers>
          <gpoId />
          <bioguideId>K000383</bioguideId>
          <lisID>2185</lisID>
        </identifiers>
        <isOriginalCosponsor>True</isOriginalCosponsor>
        <middleName />
        <party>I</party>
        <bioguideId>K000383</bioguideId>
        <state>ME</state>
        <sponsorshipWithdrawnDate />
        <sponsorshipDate>2019-08-01</sponsorshipDate>
        <firstName>Angus</firstName>
      </item>
      <item>
        <lastName>Cassidy</lastName>
        <fullName>Sen. Cassidy, Bill [R-LA]</fullName>
        <identifiers>
          <gpoId>7964</gpoId>
          <bioguideId>C001075</bioguideId>
          <lisID>1925</lisID>
        </identifiers>
        <isOriginalCosponsor>True</isOriginalCosponsor>
        <middleName />
        <party>R</party>
        <bioguideId>C001075</bioguideId>
        <state>LA</state>
        <sponsorshipWithdrawnDate />
        <sponsorshipDate>2019-08-01</sponsorshipDate>
        <firstName>Bill</firstName>
      </item>
      <item>
        <lastName>PORTMAN</lastName>
        <fullName>Sen. Portman, Rob [R-OH]</fullName>
        <identifiers>
          <lisID>924</lisID>
          <bioguideId>P000449</bioguideId>
          <gpoId>8266</gpoId>
        </identifiers>
        <isOriginalCosponsor>True</isOriginalCosponsor>
        <middleName />
        <party>R</party>
        <bioguideId>P000449</bioguideId>
        <state>OH</state>
        <sponsorshipWithdrawnDate />
        <sponsorshipDate>2019-08-01</sponsorshipDate>
        <firstName>ROB</firstName>
      </item>
      <item>
        <lastName>Coons</lastName>
        <fullName>Sen. Coons, Christopher A. [D-DE]</fullName>
        <identifiers>
          <lisID>1984</lisID>
          <gpoId>8297</gpoId>
          <bioguideId>C001088</bioguideId>
        </identifiers>
        <isOriginalCosponsor>True</isOriginalCosponsor>
        <middleName>A.</middleName>
        <party>D</party>
        <bioguideId>C001088</bioguideId>
        <state>DE</state>
        <sponsorshipWithdrawnDate />
        <sponsorshipDate>2019-08-01</sponsorshipDate>
        <firstName>Christopher</firstName>
      </item>
      <item>
        <lastName>Warner</lastName>
        <fullName>Sen. Warner, Mark R. [D-VA]</fullName>
        <identifiers>
          <gpoId>8269</gpoId>
          <lisID>1897</lisID>
          <bioguideId>W000805</bioguideId>
        </identifiers>
        <isOriginalCosponsor>True</isOriginalCosponsor>
        <middleName>R.</middleName>
        <party>D</party>
        <bioguideId>W000805</bioguideId>
        <state>VA</state>
        <sponsorshipWithdrawnDate />
        <sponsorshipDate>2019-08-01</sponsorshipDate>
        <firstName>Mark</firstName>
      </item>
      <item>
        <lastName>Menendez</lastName>
        <fullName>Sen. Menendez, Robert [D-NJ]</fullName>
        <identifiers>
          <lisID>791</lisID>
          <gpoId>8239</gpoId>
          <bioguideId>M000639</bioguideId>
        </identifiers>
        <isOriginalCosponsor>True</isOriginalCosponsor>
        <middleName />
        <party>D</party>
        <bioguideId>M000639</bioguideId>
        <state>NJ</state>
        <sponsorshipWithdrawnDate />
        <sponsorshipDate>2019-08-01</sponsorshipDate>
        <firstName>Robert</firstName>
      </item>
      <item>
        <lastName>WYDEN</lastName>
        <fullName>Sen. Wyden, Ron [D-OR]</fullName>
        <identifiers>
          <gpoId>8265</gpoId>
          <bioguideId>W000779</bioguideId>
          <lisID>1247</lisID>
        </identifiers>
        <isOriginalCosponsor>True</isOriginalCosponsor>
        <middleName />
        <party>D</party>
        <bioguideId>W000779</bioguideId>
        <state>OR</state>
        <sponsorshipWithdrawnDate />
        <sponsorshipDate>2019-08-01</sponsorshipDate>
        <firstName>RON</firstName>
      </item>
      <item>
        <lastName>Gillibrand</lastName>
        <fullName>Sen. Gillibrand, Kirsten E. [D-NY]</fullName>
        <identifiers>
          <gpoId>8336</gpoId>
          <lisID>1866</lisID>
          <bioguideId>G000555</bioguideId>
        </identifiers>
        <isOriginalCosponsor>True</isOriginalCosponsor>
        <middleName>E.</middleName>
        <party>D</party>
        <bioguideId>G000555</bioguideId>
        <state>NY</state>
        <sponsorshipWithdrawnDate />
        <sponsorshipDate>2019-08-01</sponsorshipDate>
        <firstName>Kirsten</firstName>
      </item>
      <item>
        <lastName>Van Hollen</lastName>
        <fullName>Sen. Van Hollen, Chris [D-MD]</fullName>
        <identifiers>
          <gpoId>7983</gpoId>
          <bioguideId>V000128</bioguideId>
          <lisID>1729</lisID>
        </identifiers>
        <isOriginalCosponsor>True</isOriginalCosponsor>
        <middleName />
        <party>D</party>
        <bioguideId>V000128</bioguideId>
        <state>MD</state>
        <sponsorshipWithdrawnDate />
        <sponsorshipDate>2019-08-01</sponsorshipDate>
        <firstName>Chris</firstName>
      </item>
      <item>
        <lastName>Rubio</lastName>
        <fullName>Sen. Rubio, Marco [R-FL]</fullName>
        <identifiers>
          <bioguideId>R000595</bioguideId>
          <lisID>2084</lisID>
          <gpoId>8242</gpoId>
        </identifiers>
        <isOriginalCosponsor>True</isOriginalCosponsor>
        <middleName />
        <party>R</party>
        <bioguideId>R000595</bioguideId>
        <state>FL</state>
        <sponsorshipWithdrawnDate />
        <sponsorshipDate>2019-08-01</sponsorshipDate>
        <firstName>Marco</firstName>
      </item>
    </cosponsors>
  </bill>
  <dublinCore xmlns:dc="http://purl.org/dc/elements/1.1/">
    <dc:format>text/xml</dc:format>
    <dc:language>EN</dc:language>
    <dc:rights>Pursuant to Title 17 Section 105 of the United States Code, this file is not subject to copyright protection and is in the public domain.</dc:rights>
    <dc:contributor>Congressional Research Service, Library of Congress</dc:contributor>
    <dc:description>This file contains bill summaries and statuses for federal legislation. A bill summary describes the most significant provisions of a piece of legislation and details the effects the legislative text may have on current law and federal programs. Bill summaries are authored by the Congressional Research Service (CRS) of the Library of Congress. As stated in Public Law 91-510 (2 USC 166 (d)(6)), one of the duties of CRS is "to prepare summaries and digests of bills and resolutions of a public general nature introduced in the Senate or House of Representatives". For more information, refer to the User Guide that accompanies this file.</dc:description>
  </dublinCore>
</billStatus>

