<?xml version="1.0" encoding="UTF-8"?>
<billStatus>
  <bill>
    <calendarNumbers />
    <updateDate>2019-11-26T21:45:37Z</updateDate>
    <cosponsors>
      <item>
        <sponsorshipDate>2019-11-21</sponsorshipDate>
        <party>D</party>
        <fullName>Sen. Cardin, Benjamin L. [D-MD]</fullName>
        <sponsorshipWithdrawnDate />
        <middleName>L.</middleName>
        <lastName>CARDIN</lastName>
        <bioguideId>C000141</bioguideId>
        <state>MD</state>
        <identifiers>
          <lisID>174</lisID>
          <gpoId>8287</gpoId>
          <bioguideId>C000141</bioguideId>
        </identifiers>
        <firstName>BENJAMIN</firstName>
        <isOriginalCosponsor>True</isOriginalCosponsor>
      </item>
      <item>
        <sponsorshipDate>2019-11-21</sponsorshipDate>
        <party>R</party>
        <fullName>Sen. Braun, Mike  [R-IN]</fullName>
        <sponsorshipWithdrawnDate />
        <middleName />
        <lastName>Braun</lastName>
        <bioguideId>B001310</bioguideId>
        <state>IN</state>
        <identifiers>
          <bioguideId>B001310</bioguideId>
          <gpoId />
          <lisID>2462</lisID>
        </identifiers>
        <firstName>Mike</firstName>
        <isOriginalCosponsor>True</isOriginalCosponsor>
      </item>
    </cosponsors>
    <committees>
      <billCommittees />
    </committees>
    <billNumber>437</billNumber>
    <cboCostEstimates />
    <titles>
      <item>
        <title>A resolution expressing support for the goals of Stomach Cancer Awareness Month.</title>
        <parentTitleType />
        <chamberName />
        <titleType>Official Title as Introduced</titleType>
        <chamberCode />
      </item>
      <item>
        <title>A resolution expressing support for the goals of Stomach Cancer Awareness Month.</title>
        <parentTitleType />
        <chamberName />
        <titleType>Display Title</titleType>
        <chamberCode />
      </item>
    </titles>
    <billType>SRES</billType>
    <laws />
    <amendments />
    <sponsors>
      <item>
        <party>R</party>
        <lastName>Young</lastName>
        <byRequestType />
        <bioguideId>Y000064</bioguideId>
        <state>IN</state>
        <fullName>Sen. Young, Todd [R-IN]</fullName>
        <identifiers>
          <gpoId>7948</gpoId>
          <lisID>2019</lisID>
          <bioguideId>Y000064</bioguideId>
        </identifiers>
        <firstName>Todd</firstName>
        <middleName />
      </item>
    </sponsors>
    <summaries>
      <billSummaries />
    </summaries>
    <subjects>
      <billSubjects>
        <policyArea>
          <name>Health</name>
        </policyArea>
        <legislativeSubjects>
          <item>
            <name>Cancer</name>
          </item>
          <item>
            <name>Commemorative events and holidays</name>
          </item>
          <item>
            <name>Health promotion and preventive care</name>
          </item>
          <item>
            <name>Medical research</name>
          </item>
          <item>
            <name>Medical tests and diagnostic methods</name>
          </item>
        </legislativeSubjects>
      </billSubjects>
    </subjects>
    <actions>
      <actionTypeCounts>
        <passedOrAgreedToInSenateDayOf>1</passedOrAgreedToInSenateDayOf>
        <passedAgreedToInSenate>1</passedAgreedToInSenate>
        <introducedInSenate>1</introducedInSenate>
      </actionTypeCounts>
      <item>
        <actionDate>2019-11-21</actionDate>
        <committee />
        <links>
          <link>
            <name>S6759</name>
            <url>https://www.congress.gov/congressional-record/volume-165/senate-section/page/S6759</url>
          </link>
          <link>
            <name>S6764</name>
            <url>https://www.congress.gov/congressional-record/volume-165/senate-section/page/S6764</url>
          </link>
        </links>
        <sourceSystem>
          <name>Senate</name>
          <code>0</code>
        </sourceSystem>
        <text>Submitted in the Senate, considered, and agreed to without amendment and with a preamble by Unanimous Consent. (consideration: CR S6764; text: CR S6759)</text>
        <type>Floor</type>
      </item>
      <item>
        <type>Floor</type>
        <committee />
        <sourceSystem>
          <name>Library of Congress</name>
          <code>9</code>
        </sourceSystem>
        <actionCode>17000</actionCode>
        <actionDate>2019-11-21</actionDate>
        <links>
          <link>
            <name>S6759</name>
            <url>https://www.congress.gov/congressional-record/volume-165/senate-section/page/S6759</url>
          </link>
          <link>
            <name>S6764</name>
            <url>https://www.congress.gov/congressional-record/volume-165/senate-section/page/S6764</url>
          </link>
        </links>
        <text>Passed/agreed to in Senate: Submitted in the Senate, considered, and agreed to without amendment and with a preamble by Unanimous Consent.(consideration: CR S6764; text: CR S6759)</text>
      </item>
      <item>
        <type>IntroReferral</type>
        <committee />
        <sourceSystem>
          <name>Library of Congress</name>
          <code>9</code>
        </sourceSystem>
        <actionCode>10000</actionCode>
        <actionDate>2019-11-21</actionDate>
        <links />
        <text>Introduced in Senate</text>
      </item>
      <actionByCounts>
        <senate>3</senate>
      </actionByCounts>
    </actions>
    <introducedDate>2019-11-21</introducedDate>
    <relatedBills />
    <title>A resolution expressing support for the goals of Stomach Cancer Awareness Month.</title>
    <policyArea>
      <name>Health</name>
    </policyArea>
    <textVersions>
      <item>
        <type>Agreed to Senate</type>
        <date>2019-11-21T05:00:00Z</date>
        <formats>
          <item>
            <url>https://www.govinfo.gov/content/pkg/BILLS-116sres437ats/xml/BILLS-116sres437ats.xml</url>
          </item>
        </formats>
      </item>
    </textVersions>
    <latestAction>
      <actionDate>2019-11-21</actionDate>
      <links />
      <text>Submitted in the Senate, considered, and agreed to without amendment and with a preamble by Unanimous Consent. (consideration: CR S6764; text: CR S6759)</text>
    </latestAction>
    <createDate>2019-11-22T05:42:33Z</createDate>
    <notes />
    <recordedVotes />
    <committeeReports />
    <version>1.0.0</version>
    <congress>116</congress>
    <originChamber>Senate</originChamber>
  </bill>
  <dublinCore xmlns:dc="http://purl.org/dc/elements/1.1/">
    <dc:format>text/xml</dc:format>
    <dc:language>EN</dc:language>
    <dc:rights>Pursuant to Title 17 Section 105 of the United States Code, this file is not subject to copyright protection and is in the public domain.</dc:rights>
    <dc:contributor>Congressional Research Service, Library of Congress</dc:contributor>
    <dc:description>This file contains bill summaries and statuses for federal legislation. A bill summary describes the most significant provisions of a piece of legislation and details the effects the legislative text may have on current law and federal programs. Bill summaries are authored by the Congressional Research Service (CRS) of the Library of Congress. As stated in Public Law 91-510 (2 USC 166 (d)(6)), one of the duties of CRS is "to prepare summaries and digests of bills and resolutions of a public general nature introduced in the Senate or House of Representatives". For more information, refer to the User Guide that accompanies this file.</dc:description>
  </dublinCore>
</billStatus>

