<?xml version="1.0" encoding="UTF-8"?>
<billStatus>
  <bill>
    <policyArea>
      <name>International Affairs</name>
    </policyArea>
    <relatedBills />
    <introducedDate>2019-01-17</introducedDate>
    <committeeReports />
    <amendments />
    <textVersions>
      <item>
        <date>2019-01-17T05:00:00Z</date>
        <type>Introduced in Senate</type>
        <formats>
          <item>
            <url>https://www.govinfo.gov/content/pkg/BILLS-116sres22is/xml/BILLS-116sres22is.xml</url>
          </item>
        </formats>
      </item>
    </textVersions>
    <cboCostEstimates />
    <subjects>
      <billSubjects>
        <legislativeSubjects>
          <item>
            <name>Africa</name>
          </item>
          <item>
            <name>Congressional tributes</name>
          </item>
          <item>
            <name>Crime victims</name>
          </item>
          <item>
            <name>Criminal investigation, prosecution, interrogation</name>
          </item>
          <item>
            <name>Foreign aid and international relief</name>
          </item>
          <item>
            <name>International organizations and cooperation</name>
          </item>
          <item>
            <name>Kenya</name>
          </item>
          <item>
            <name>Law enforcement officers</name>
          </item>
          <item>
            <name>Terrorism</name>
          </item>
        </legislativeSubjects>
        <policyArea>
          <name>International Affairs</name>
        </policyArea>
      </billSubjects>
    </subjects>
    <laws />
    <calendarNumbers />
    <notes />
    <actions>
      <actionByCounts>
        <senate>2</senate>
      </actionByCounts>
      <item>
        <actionDate>2019-01-17</actionDate>
        <committee>
          <name>Foreign Relations Committee</name>
          <systemCode>ssfr00</systemCode>
        </committee>
        <links />
        <sourceSystem>
          <code>0</code>
          <name>Senate</name>
        </sourceSystem>
        <text>Referred to the Committee on Foreign Relations.</text>
        <type>IntroReferral</type>
      </item>
      <item>
        <actionDate>2019-01-17</actionDate>
        <committee />
        <type>IntroReferral</type>
        <actionCode>10000</actionCode>
        <links />
        <sourceSystem>
          <code>9</code>
          <name>Library of Congress</name>
        </sourceSystem>
        <text>Introduced in Senate</text>
      </item>
      <actionTypeCounts>
        <referredToCommittee>1</referredToCommittee>
        <introducedInSenate>1</introducedInSenate>
      </actionTypeCounts>
    </actions>
    <originChamber>Senate</originChamber>
    <committees>
      <billCommittees>
        <item>
          <type>Standing</type>
          <subcommittees />
          <systemCode>ssfr00</systemCode>
          <name>Foreign Relations Committee</name>
          <chamber>Senate</chamber>
          <activities>
            <item>
              <name>Referred to</name>
              <date>2019-01-17T23:12:11Z</date>
            </item>
          </activities>
        </item>
      </billCommittees>
    </committees>
    <titles>
      <item>
        <title>A resolution condemning the terrorist attack in Nairobi, Kenya on January 15, 2019, and offering sincere condolences to all of the victims, their families and friends, and the people of Kenya.</title>
        <chamberCode />
        <parentTitleType />
        <titleType>Official Title as Introduced</titleType>
        <chamberName />
      </item>
      <item>
        <title>A resolution condemning the terrorist attack in Nairobi, Kenya on January 15, 2019, and offering sincere condolences to all of the victims, their families and friends, and the people of Kenya.</title>
        <chamberCode />
        <parentTitleType />
        <titleType>Display Title</titleType>
        <chamberName />
      </item>
    </titles>
    <summaries>
      <billSummaries>
        <item>
          <actionDate>2019-01-17</actionDate>
          <versionCode>00</versionCode>
          <name>Introduced in Senate</name>
          <updateDate>2019-01-17T05:00:00Z</updateDate>
          <lastSummaryUpdateDate>2019-02-22T16:40:23Z</lastSummaryUpdateDate>
          <actionDesc>Introduced in Senate</actionDesc>
          <text><![CDATA[<p>This resolution condemns the January 15, 2019, attack by the Somalia-based extremist group al-Shabaab on the 14 Riverside complex and Dusit D2 hotel complex in Nairobi, Kenya. It also calls on the U.S. government to help the Kenyan government investigate the attack and to help improve Kenya's crisis response management. </p>]]></text>
        </item>
      </billSummaries>
    </summaries>
    <recordedVotes />
    <title>A resolution condemning the terrorist attack in Nairobi, Kenya on January 15, 2019, and offering sincere condolences to all of the victims, their families and friends, and the people of Kenya.</title>
    <sponsors>
      <item>
        <party>D</party>
        <state>DE</state>
        <identifiers>
          <lisID>1984</lisID>
          <gpoId>8297</gpoId>
          <bioguideId>C001088</bioguideId>
        </identifiers>
        <middleName>A.</middleName>
        <byRequestType />
        <bioguideId>C001088</bioguideId>
        <firstName>Christopher</firstName>
        <fullName>Sen. Coons, Christopher A. [D-DE]</fullName>
        <lastName>Coons</lastName>
      </item>
    </sponsors>
    <cosponsors>
      <item>
        <firstName>Todd</firstName>
        <isOriginalCosponsor>True</isOriginalCosponsor>
        <middleName>C.</middleName>
        <fullName>Sen. Young, Todd C. [R-IN]</fullName>
        <lastName>Young</lastName>
        <identifiers>
          <bioguideId>Y000064</bioguideId>
          <gpoId>7948</gpoId>
          <lisID>2019</lisID>
        </identifiers>
        <sponsorshipWithdrawnDate />
        <state>IN</state>
        <bioguideId>Y000064</bioguideId>
        <party>R</party>
        <sponsorshipDate>2019-01-17</sponsorshipDate>
      </item>
      <item>
        <firstName>Cory</firstName>
        <isOriginalCosponsor>False</isOriginalCosponsor>
        <middleName>A.</middleName>
        <fullName>Sen. Booker, Cory A. [D-NJ]</fullName>
        <lastName>Booker</lastName>
        <identifiers>
          <lisID>2194</lisID>
          <gpoId />
          <bioguideId>B001288</bioguideId>
        </identifiers>
        <sponsorshipWithdrawnDate />
        <state>NJ</state>
        <bioguideId>B001288</bioguideId>
        <party>D</party>
        <sponsorshipDate>2019-01-28</sponsorshipDate>
      </item>
    </cosponsors>
    <billNumber>22</billNumber>
    <congress>116</congress>
    <latestAction>
      <links />
      <actionDate>2019-01-17</actionDate>
      <text>Referred to the Committee on Foreign Relations.</text>
    </latestAction>
    <billType>SRES</billType>
    <updateDate>2019-11-15T21:56:12Z</updateDate>
    <createDate>2019-01-18T05:55:13Z</createDate>
    <version>1.0.0</version>
  </bill>
  <dublinCore xmlns:dc="http://purl.org/dc/elements/1.1/">
    <dc:format>text/xml</dc:format>
    <dc:language>EN</dc:language>
    <dc:rights>Pursuant to Title 17 Section 105 of the United States Code, this file is not subject to copyright protection and is in the public domain.</dc:rights>
    <dc:contributor>Congressional Research Service, Library of Congress</dc:contributor>
    <dc:description>This file contains bill summaries and statuses for federal legislation. A bill summary describes the most significant provisions of a piece of legislation and details the effects the legislative text may have on current law and federal programs. Bill summaries are authored by the Congressional Research Service (CRS) of the Library of Congress. As stated in Public Law 91-510 (2 USC 166 (d)(6)), one of the duties of CRS is "to prepare summaries and digests of bills and resolutions of a public general nature introduced in the Senate or House of Representatives". For more information, refer to the User Guide that accompanies this file.</dc:description>
  </dublinCore>
</billStatus>

