<?xml version="1.0" encoding="UTF-8"?>
<billStatus>
  <bill>
    <congress>116</congress>
    <notes />
    <titles>
      <item>
        <chamberName />
        <title>A resolution designating March 29, 2019, as "Vietnam Veterans Day".</title>
        <titleType>Official Title as Introduced</titleType>
        <parentTitleType />
        <chamberCode />
      </item>
      <item>
        <chamberName />
        <title>A resolution designating March 29, 2019, as "Vietnam Veterans Day".</title>
        <titleType>Display Title</titleType>
        <parentTitleType />
        <chamberCode />
      </item>
    </titles>
    <policyArea>
      <name>Armed Forces and National Security</name>
    </policyArea>
    <recordedVotes />
    <cboCostEstimates />
    <updateDate>2019-05-16T20:09:59Z</updateDate>
    <billType>SRES</billType>
    <calendarNumbers />
    <title>A resolution designating March 29, 2019, as "Vietnam Veterans Day".</title>
    <billNumber>69</billNumber>
    <amendments>
      <amendment>
        <purpose>To amend the preamble.</purpose>
        <latestAction>
          <actionDate>2019-03-28</actionDate>
          <text>Amendment SA 225 agreed to in Senate by Unanimous Consent.</text>
        </latestAction>
        <number>225</number>
        <description />
        <type>SAMDT</type>
        <congress>116</congress>
        <congress>116</congress>
        <type>SAMDT</type>
        <createDate>2019-03-29T04:46:28Z</createDate>
        <submittedDate>2019-03-28T04:00:00Z</submittedDate>
        <description />
        <sponsors>
          <item>
            <middleName />
            <party>R</party>
            <lastName>BURR</lastName>
            <bioguideId>B001135</bioguideId>
            <firstName>RICHARD</firstName>
            <fullName>Sen. Burr, Richard [R-NC]</fullName>
            <identifiers>
              <gpoId>8286</gpoId>
              <lisID>153</lisID>
              <bioguideId>B001135</bioguideId>
            </identifiers>
            <state>NC</state>
          </item>
        </sponsors>
        <cosponsors>
          <currentCount>1</currentCount>
          <item>
            <sponsorshipDate>2019-03-28</sponsorshipDate>
            <party>D</party>
            <state>WV</state>
            <lastName>Manchin</lastName>
            <firstName>Joe</firstName>
            <middleName />
            <bioguideId>M001183</bioguideId>
            <identifiers>
              <lisID>1983</lisID>
              <bioguideId>M001183</bioguideId>
              <gpoId>8256</gpoId>
            </identifiers>
            <isOriginalCosponsor>True</isOriginalCosponsor>
            <sponsorshipWithdrawnDate />
            <fullName>Sen. Manchin, Joe, III [D-WV]</fullName>
          </item>
          <totalCount>1</totalCount>
        </cosponsors>
        <purpose>To amend the preamble.</purpose>
        <updateDate>2019-05-16T20:09:58Z</updateDate>
        <number>225</number>
        <titles />
        <notes />
        <links />
        <amendedBill>
          <congress>116</congress>
          <type>SRES</type>
          <number>69</number>
          <originChamber>Senate</originChamber>
          <title>A resolution designating March 29, 2019, as "Vietnam Veterans Day".</title>
          <originChamberCode>S</originChamberCode>
        </amendedBill>
        <version>1.0.0</version>
        <amendments>
          <count>0</count>
        </amendments>
        <proposedDate>2019-03-28T04:00:00Z</proposedDate>
        <chamber>Senate</chamber>
        <amendedAmendment />
        <actions>
          <count>6</count>
          <actionTypeCounts>
            <amendmentProposed>1</amendmentProposed>
            <senateAmendmentProposedOnTheFloor>1</senateAmendmentProposedOnTheFloor>
            <amendmentAgreedTo>1</amendmentAgreedTo>
            <senateAmendmentSubmitted>1</senateAmendmentSubmitted>
            <senateAmendmentAgreedTo>1</senateAmendmentAgreedTo>
          </actionTypeCounts>
          <actions>
            <item>
              <actionDate>2019-03-28</actionDate>
              <committee />
              <links>
                <link>
                  <url>https://www.congress.gov/amendment/116th-congress/senate-amendment/225</url>
                  <name>S.Amdt.225</name>
                </link>
                <link>
                  <url>https://www.congress.gov/amendment/116th-congress/senate-amendment/225</url>
                  <name>SA 225</name>
                </link>
              </links>
              <sourceSystem>
                <code>0</code>
                <name>Senate</name>
              </sourceSystem>
              <text>Amendment SA 225 agreed to in Senate by Unanimous Consent.</text>
              <type>Floor</type>
            </item>
            <item>
              <actionDate>2019-03-28</actionDate>
              <committee />
              <links>
                <link>
                  <url>https://www.congress.gov/amendment/116th-congress/senate-amendment/225</url>
                  <name>S.Amdt.225</name>
                </link>
                <link>
                  <url>https://www.congress.gov/congressional-record/volume-165/senate-section/page/S2098</url>
                  <name>S2098</name>
                </link>
                <link>
                  <url>https://www.congress.gov/amendment/116th-congress/senate-amendment/225</url>
                  <name>SA 225</name>
                </link>
              </links>
              <sourceSystem>
                <code>0</code>
                <name>Senate</name>
              </sourceSystem>
              <text>Amendment SA 225 proposed by Senator McConnell for Senator Burr. (consideration: CR S2098; text: CR S2098) To amend the preamble.</text>
              <type>Floor</type>
            </item>
            <item>
              <actionDate>2019-03-28</actionDate>
              <committee />
              <links />
              <text />
            </item>
            <item>
              <links>
                <link>
                  <url>https://www.congress.gov/amendment/116th-congress/senate-amendment/225</url>
                  <name>S.Amdt.225</name>
                </link>
                <link>
                  <url>https://www.congress.gov/amendment/116th-congress/senate-amendment/225</url>
                  <name>SA 225</name>
                </link>
              </links>
              <sourceSystem>
                <code>9</code>
                <name>Library of Congress</name>
              </sourceSystem>
              <text>Senate amendment agreed to: Amendment SA 225 agreed to in Senate by Unanimous Consent.</text>
              <actionDate>2019-03-28</actionDate>
              <actionCode>94000</actionCode>
              <committee />
              <type>Floor</type>
            </item>
            <item>
              <links>
                <link>
                  <url>https://www.congress.gov/amendment/116th-congress/senate-amendment/225</url>
                  <name>S.Amdt.225</name>
                </link>
                <link>
                  <url>https://www.congress.gov/congressional-record/volume-165/senate-section/page/S2098</url>
                  <name>S2098</name>
                </link>
                <link>
                  <url>https://www.congress.gov/amendment/116th-congress/senate-amendment/225</url>
                  <name>SA 225</name>
                </link>
              </links>
              <sourceSystem>
                <code>9</code>
                <name>Library of Congress</name>
              </sourceSystem>
              <text>Senate amendment proposed (on the floor): Amendment SA 225 proposed by Senator McConnell for Senator Burr.</text>
              <actionDate>2019-03-28</actionDate>
              <actionCode>93000</actionCode>
              <committee />
              <type>Floor</type>
            </item>
            <item>
              <links />
              <sourceSystem>
                <code>9</code>
                <name>Library of Congress</name>
              </sourceSystem>
              <text>Senate amendment submitted</text>
              <actionDate>2019-03-28</actionDate>
              <actionCode>91000</actionCode>
              <committee />
              <type>Floor</type>
            </item>
          </actions>
          <actionByCounts>
            <senate>5</senate>
          </actionByCounts>
        </actions>
      </amendment>
    </amendments>
    <cosponsors>
      <item>
        <fullName>Sen. Manchin, Joe, III [D-WV]</fullName>
        <isOriginalCosponsor>True</isOriginalCosponsor>
        <middleName />
        <bioguideId>M001183</bioguideId>
        <party>D</party>
        <sponsorshipDate>2019-02-13</sponsorshipDate>
        <state>WV</state>
        <lastName>Manchin</lastName>
        <sponsorshipWithdrawnDate />
        <identifiers>
          <lisID>1983</lisID>
          <bioguideId>M001183</bioguideId>
          <gpoId>8256</gpoId>
        </identifiers>
        <firstName>Joe</firstName>
      </item>
    </cosponsors>
    <committees>
      <billCommittees>
        <item>
          <subcommittees />
          <systemCode>ssju00</systemCode>
          <activities>
            <item>
              <name>Discharged from</name>
              <date>2019-03-28T19:39:31Z</date>
            </item>
            <item>
              <name>Referred to</name>
              <date>2019-02-13T17:06:12Z</date>
            </item>
          </activities>
          <chamber>Senate</chamber>
          <name>Judiciary Committee</name>
          <type>Standing</type>
        </item>
      </billCommittees>
    </committees>
    <originChamber>Senate</originChamber>
    <laws />
    <subjects>
      <billSubjects>
        <legislativeSubjects>
          <item>
            <name>Asia</name>
          </item>
          <item>
            <name>Commemorative events and holidays</name>
          </item>
          <item>
            <name>Conflicts and wars</name>
          </item>
          <item>
            <name>Congressional tributes</name>
          </item>
          <item>
            <name>Veterans' education, employment, rehabilitation</name>
          </item>
          <item>
            <name>Veterans' organizations and recognition</name>
          </item>
          <item>
            <name>Vietnam</name>
          </item>
        </legislativeSubjects>
        <policyArea>
          <name>Armed Forces and National Security</name>
        </policyArea>
      </billSubjects>
    </subjects>
    <sponsors>
      <item>
        <middleName />
        <party>R</party>
        <lastName>BURR</lastName>
        <bioguideId>B001135</bioguideId>
        <firstName>RICHARD</firstName>
        <fullName>Sen. Burr, Richard [R-NC]</fullName>
        <identifiers>
          <gpoId>8286</gpoId>
          <lisID>153</lisID>
          <bioguideId>B001135</bioguideId>
        </identifiers>
        <state>NC</state>
        <byRequestType />
      </item>
    </sponsors>
    <relatedBills />
    <latestAction>
      <actionDate>2019-03-28</actionDate>
      <links />
      <text>Resolution agreed to in Senate without amendment and an amended preamble by Unanimous Consent. (text: CR S2098-2099)</text>
    </latestAction>
    <version>1.0.0</version>
    <actions>
      <actionTypeCounts>
        <agreedToInSenate>1</agreedToInSenate>
        <committeeDischarged>1</committeeDischarged>
        <referredToCommittee>1</referredToCommittee>
        <passedAgreedToInSenate>1</passedAgreedToInSenate>
        <senateCommitteeDischarged>1</senateCommitteeDischarged>
        <measureLaidBeforeSenate>1</measureLaidBeforeSenate>
        <introducedInSenate>1</introducedInSenate>
      </actionTypeCounts>
      <item>
        <actionDate>2019-03-28</actionDate>
        <committee />
        <links>
          <link>
            <name>S2098-2099</name>
            <url>https://www.congress.gov/congressional-record/volume-165/senate-section/page/S2098-2099</url>
          </link>
        </links>
        <sourceSystem>
          <name>Senate</name>
          <code>0</code>
        </sourceSystem>
        <text>Resolution agreed to in Senate without amendment and an amended preamble by Unanimous Consent. (text: CR S2098-2099)</text>
        <type>Floor</type>
      </item>
      <item>
        <text>Passed/agreed to in Senate: Resolution agreed to in Senate without amendment and an amended preamble by Unanimous Consent.(text: CR S2098-2099)</text>
        <sourceSystem>
          <name>Library of Congress</name>
          <code>9</code>
        </sourceSystem>
        <actionDate>2019-03-28</actionDate>
        <links>
          <link>
            <name>S2098-2099</name>
            <url>https://www.congress.gov/congressional-record/volume-165/senate-section/page/S2098-2099</url>
          </link>
        </links>
        <committee />
        <actionCode>17000</actionCode>
        <type>Floor</type>
      </item>
      <item>
        <actionDate>2019-03-28</actionDate>
        <committee />
        <links>
          <link>
            <name>S2098-2099</name>
            <url>https://www.congress.gov/congressional-record/volume-165/senate-section/page/S2098-2099</url>
          </link>
        </links>
        <sourceSystem>
          <name>Senate</name>
          <code>0</code>
        </sourceSystem>
        <text>Measure laid before Senate by unanimous consent. (consideration: CR S2098-2099)</text>
        <type>Floor</type>
      </item>
      <item>
        <actionDate>2019-03-28</actionDate>
        <committee>
          <name>Judiciary Committee</name>
          <systemCode>ssju00</systemCode>
        </committee>
        <links />
        <sourceSystem>
          <name>Senate</name>
          <code>0</code>
        </sourceSystem>
        <text>Senate Committee on the Judiciary discharged by Unanimous Consent.</text>
        <type>Discharge</type>
      </item>
      <item>
        <text>Senate Committee on the Judiciary discharged by Unanimous Consent.</text>
        <sourceSystem>
          <name>Library of Congress</name>
          <code>9</code>
        </sourceSystem>
        <actionDate>2019-03-28</actionDate>
        <links />
        <committee>
          <name>Judiciary Committee</name>
          <systemCode>ssju00</systemCode>
        </committee>
        <actionCode>14500</actionCode>
        <type>Committee</type>
      </item>
      <item>
        <actionDate>2019-02-13</actionDate>
        <committee>
          <name>Judiciary Committee</name>
          <systemCode>ssju00</systemCode>
        </committee>
        <links>
          <link>
            <name>S1329</name>
            <url>https://www.congress.gov/congressional-record/volume-165/senate-section/page/S1329</url>
          </link>
        </links>
        <sourceSystem>
          <name>Senate</name>
          <code>0</code>
        </sourceSystem>
        <text>Referred to the Committee on the Judiciary. (text: CR S1329)</text>
        <type>IntroReferral</type>
      </item>
      <item>
        <text>Introduced in Senate</text>
        <sourceSystem>
          <name>Library of Congress</name>
          <code>9</code>
        </sourceSystem>
        <actionDate>2019-02-13</actionDate>
        <links />
        <committee />
        <actionCode>10000</actionCode>
        <type>IntroReferral</type>
      </item>
      <actionByCounts>
        <senate>7</senate>
      </actionByCounts>
    </actions>
    <createDate>2019-02-14T05:40:16Z</createDate>
    <committeeReports />
    <summaries>
      <billSummaries />
    </summaries>
    <introducedDate>2019-02-13</introducedDate>
    <textVersions>
      <item>
        <formats>
          <item>
            <url>https://www.govinfo.gov/content/pkg/BILLS-116sres69ats/xml/BILLS-116sres69ats.xml</url>
          </item>
        </formats>
        <date>2019-03-28T04:00:00Z</date>
        <type>Agreed to Senate</type>
      </item>
      <item>
        <formats>
          <item>
            <url>https://www.govinfo.gov/content/pkg/BILLS-116sres69is/xml/BILLS-116sres69is.xml</url>
          </item>
        </formats>
        <date>2019-02-13T05:00:00Z</date>
        <type>Introduced in Senate</type>
      </item>
    </textVersions>
  </bill>
  <dublinCore xmlns:dc="http://purl.org/dc/elements/1.1/">
    <dc:format>text/xml</dc:format>
    <dc:language>EN</dc:language>
    <dc:rights>Pursuant to Title 17 Section 105 of the United States Code, this file is not subject to copyright protection and is in the public domain.</dc:rights>
    <dc:contributor>Congressional Research Service, Library of Congress</dc:contributor>
    <dc:description>This file contains bill summaries and statuses for federal legislation. A bill summary describes the most significant provisions of a piece of legislation and details the effects the legislative text may have on current law and federal programs. Bill summaries are authored by the Congressional Research Service (CRS) of the Library of Congress. As stated in Public Law 91-510 (2 USC 166 (d)(6)), one of the duties of CRS is "to prepare summaries and digests of bills and resolutions of a public general nature introduced in the Senate or House of Representatives". For more information, refer to the User Guide that accompanies this file.</dc:description>
  </dublinCore>
</billStatus>

