<?xml version="1.0" encoding="UTF-8"?>
<billStatus>
  <bill>
    <subjects>
      <billSubjects>
        <legislativeSubjects />
      </billSubjects>
    </subjects>
    <relatedBills />
    <notes />
    <committees>
      <billCommittees>
        <item>
          <type>Standing</type>
          <chamber>Senate</chamber>
          <systemCode>ssju00</systemCode>
          <name>Judiciary Committee</name>
          <activities>
            <item>
              <name>Referred to</name>
              <date>2019-11-21T21:11:28Z</date>
            </item>
          </activities>
          <subcommittees />
        </item>
      </billCommittees>
    </committees>
    <summaries>
      <billSummaries />
    </summaries>
    <version>1.0.0</version>
    <originChamber>Senate</originChamber>
    <congress>116</congress>
    <latestAction>
      <actionDate>2019-11-21</actionDate>
      <text>Referred to the Committee on the Judiciary. (text: CR S6761)</text>
      <links />
    </latestAction>
    <actions>
      <actionTypeCounts>
        <referredToCommittee>1</referredToCommittee>
        <introducedInSenate>1</introducedInSenate>
      </actionTypeCounts>
      <item>
        <actionDate>2019-11-21</actionDate>
        <committee>
          <name>Judiciary Committee</name>
          <systemCode>ssju00</systemCode>
        </committee>
        <links>
          <link>
            <name>S6761</name>
            <url>https://www.congress.gov/congressional-record/volume-165/senate-section/page/S6761</url>
          </link>
        </links>
        <sourceSystem>
          <name>Senate</name>
          <code>0</code>
        </sourceSystem>
        <text>Referred to the Committee on the Judiciary. (text: CR S6761)</text>
        <type>IntroReferral</type>
      </item>
      <item>
        <links />
        <sourceSystem>
          <name>Library of Congress</name>
          <code>9</code>
        </sourceSystem>
        <committee />
        <actionCode>10000</actionCode>
        <text>Introduced in Senate</text>
        <actionDate>2019-11-21</actionDate>
        <type>IntroReferral</type>
      </item>
      <actionByCounts>
        <senate>2</senate>
      </actionByCounts>
    </actions>
    <createDate>2019-11-22T05:42:33Z</createDate>
    <titles>
      <item>
        <title>A resolution designating November 2019 as "National Runaway Prevention Month".</title>
        <parentTitleType />
        <titleType>Official Title as Introduced</titleType>
        <chamberName />
        <chamberCode />
      </item>
      <item>
        <title>A resolution designating November 2019 as "National Runaway Prevention Month".</title>
        <parentTitleType />
        <titleType>Display Title</titleType>
        <chamberName />
        <chamberCode />
      </item>
    </titles>
    <laws />
    <introducedDate>2019-11-21</introducedDate>
    <calendarNumbers />
    <recordedVotes />
    <textVersions />
    <cosponsors>
      <item>
        <party>D</party>
        <state>IL</state>
        <identifiers>
          <lisID>326</lisID>
          <gpoId>8326</gpoId>
          <bioguideId>D000563</bioguideId>
        </identifiers>
        <middleName>J.</middleName>
        <sponsorshipWithdrawnDate />
        <bioguideId>D000563</bioguideId>
        <isOriginalCosponsor>True</isOriginalCosponsor>
        <firstName>RICHARD</firstName>
        <fullName>Sen. Durbin, Richard J. [D-IL]</fullName>
        <sponsorshipDate>2019-11-21</sponsorshipDate>
        <lastName>DURBIN</lastName>
      </item>
      <item>
        <party>R</party>
        <state>AK</state>
        <identifiers>
          <lisID>2290</lisID>
          <gpoId />
          <bioguideId>S001198</bioguideId>
        </identifiers>
        <middleName />
        <sponsorshipWithdrawnDate />
        <bioguideId>S001198</bioguideId>
        <isOriginalCosponsor>True</isOriginalCosponsor>
        <firstName>Dan</firstName>
        <fullName>Sen. Sullivan, Dan  [R-AK]</fullName>
        <sponsorshipDate>2019-11-21</sponsorshipDate>
        <lastName>Sullivan</lastName>
      </item>
      <item>
        <party>D</party>
        <state>CA</state>
        <identifiers>
          <bioguideId>F000062</bioguideId>
          <lisID>1332</lisID>
          <gpoId>8338</gpoId>
        </identifiers>
        <middleName />
        <sponsorshipWithdrawnDate />
        <bioguideId>F000062</bioguideId>
        <isOriginalCosponsor>True</isOriginalCosponsor>
        <firstName>DIANNE</firstName>
        <fullName>Sen. Feinstein, Dianne [D-CA]</fullName>
        <sponsorshipDate>2019-11-21</sponsorshipDate>
        <lastName>FEINSTEIN</lastName>
      </item>
      <item>
        <party>R</party>
        <state>SC</state>
        <identifiers>
          <bioguideId>S001184</bioguideId>
          <lisID>2056</lisID>
          <gpoId>8141</gpoId>
        </identifiers>
        <middleName />
        <sponsorshipWithdrawnDate />
        <bioguideId>S001184</bioguideId>
        <isOriginalCosponsor>True</isOriginalCosponsor>
        <firstName>Tim</firstName>
        <fullName>Sen. Scott, Tim [R-SC]</fullName>
        <sponsorshipDate>2019-11-21</sponsorshipDate>
        <lastName>Scott</lastName>
      </item>
      <item>
        <party>D</party>
        <state>WA</state>
        <identifiers>
          <lisID>172</lisID>
          <gpoId>8288</gpoId>
          <bioguideId>C000127</bioguideId>
        </identifiers>
        <middleName />
        <sponsorshipWithdrawnDate />
        <bioguideId>C000127</bioguideId>
        <isOriginalCosponsor>True</isOriginalCosponsor>
        <firstName>MARIA</firstName>
        <fullName>Sen. Cantwell, Maria [D-WA]</fullName>
        <sponsorshipDate>2019-11-21</sponsorshipDate>
        <lastName>CANTWELL</lastName>
      </item>
      <item>
        <party>R</party>
        <state>AK</state>
        <identifiers>
          <lisID>1694</lisID>
          <gpoId>8234</gpoId>
          <bioguideId>M001153</bioguideId>
        </identifiers>
        <middleName />
        <sponsorshipWithdrawnDate />
        <bioguideId>M001153</bioguideId>
        <isOriginalCosponsor>True</isOriginalCosponsor>
        <firstName>Lisa</firstName>
        <fullName>Sen. Murkowski, Lisa [R-AK]</fullName>
        <sponsorshipDate>2019-11-21</sponsorshipDate>
        <lastName>Murkowski</lastName>
      </item>
      <item>
        <party>D</party>
        <state>WA</state>
        <identifiers>
          <bioguideId>M001111</bioguideId>
          <gpoId>8237</gpoId>
          <lisID>1409</lisID>
        </identifiers>
        <middleName />
        <sponsorshipWithdrawnDate />
        <bioguideId>M001111</bioguideId>
        <isOriginalCosponsor>True</isOriginalCosponsor>
        <firstName>PATTY</firstName>
        <fullName>Sen. Murray, Patty [D-WA]</fullName>
        <sponsorshipDate>2019-11-21</sponsorshipDate>
        <lastName>MURRAY</lastName>
      </item>
    </cosponsors>
    <amendments />
    <billNumber>442</billNumber>
    <updateDate>2019-11-22T14:57:37Z</updateDate>
    <cboCostEstimates />
    <title>A resolution designating November 2019 as "National Runaway Prevention Month".</title>
    <committeeReports />
    <policyArea />
    <sponsors>
      <item>
        <party>D</party>
        <lastName>Duckworth</lastName>
        <firstName>Tammy</firstName>
        <state>IL</state>
        <fullName>Sen. Duckworth, Tammy [D-IL]</fullName>
        <identifiers>
          <bioguideId>D000622</bioguideId>
          <gpoId />
          <lisID>2123</lisID>
        </identifiers>
        <middleName />
        <bioguideId>D000622</bioguideId>
        <byRequestType />
      </item>
    </sponsors>
    <billType>SRES</billType>
  </bill>
  <dublinCore xmlns:dc="http://purl.org/dc/elements/1.1/">
    <dc:format>text/xml</dc:format>
    <dc:language>EN</dc:language>
    <dc:rights>Pursuant to Title 17 Section 105 of the United States Code, this file is not subject to copyright protection and is in the public domain.</dc:rights>
    <dc:contributor>Congressional Research Service, Library of Congress</dc:contributor>
    <dc:description>This file contains bill summaries and statuses for federal legislation. A bill summary describes the most significant provisions of a piece of legislation and details the effects the legislative text may have on current law and federal programs. Bill summaries are authored by the Congressional Research Service (CRS) of the Library of Congress. As stated in Public Law 91-510 (2 USC 166 (d)(6)), one of the duties of CRS is "to prepare summaries and digests of bills and resolutions of a public general nature introduced in the Senate or House of Representatives". For more information, refer to the User Guide that accompanies this file.</dc:description>
  </dublinCore>
</billStatus>

