<?xml version="1.0" encoding="UTF-8"?>
<billStatus>
  <bill>
    <calendarNumbers />
    <updateDate>2019-11-26T17:30:34Z</updateDate>
    <cosponsors>
      <item>
        <sponsorshipDate>2019-11-19</sponsorshipDate>
        <party>R</party>
        <fullName>Sen. Barrasso, John [R-WY]</fullName>
        <sponsorshipWithdrawnDate />
        <middleName />
        <lastName>Barrasso</lastName>
        <bioguideId>B001261</bioguideId>
        <state>WY</state>
        <identifiers>
          <lisID>1881</lisID>
          <gpoId>8300</gpoId>
          <bioguideId>B001261</bioguideId>
        </identifiers>
        <firstName>John</firstName>
        <isOriginalCosponsor>True</isOriginalCosponsor>
      </item>
    </cosponsors>
    <committees>
      <billCommittees />
    </committees>
    <billNumber>430</billNumber>
    <cboCostEstimates />
    <titles>
      <item>
        <chamberName />
        <parentTitleType />
        <chamberCode />
        <title>A resolution designating December 10, 2019, as "Wyoming Women's Suffrage Day".</title>
        <titleType>Official Title as Introduced</titleType>
      </item>
      <item>
        <chamberName />
        <parentTitleType />
        <chamberCode />
        <title>A resolution designating December 10, 2019, as "Wyoming Women's Suffrage Day".</title>
        <titleType>Display Title</titleType>
      </item>
    </titles>
    <billType>SRES</billType>
    <laws />
    <amendments />
    <sponsors>
      <item>
        <party>R</party>
        <lastName>ENZI</lastName>
        <byRequestType />
        <bioguideId>E000285</bioguideId>
        <state>WY</state>
        <fullName>Sen. Enzi, Michael B. [R-WY]</fullName>
        <identifiers>
          <lisID>1542</lisID>
          <gpoId>8328</gpoId>
          <bioguideId>E000285</bioguideId>
        </identifiers>
        <firstName>MICHAEL</firstName>
        <middleName>B.</middleName>
      </item>
    </sponsors>
    <summaries>
      <billSummaries>
        <item>
          <updateDate>2019-11-19T05:00:00Z</updateDate>
          <name>Introduced in Senate</name>
          <text><![CDATA[<p>This resolution designates December 10, 2019, as Wyoming Women's Suffrage Day.</p>]]></text>
          <lastSummaryUpdateDate>2019-11-25T21:43:58Z</lastSummaryUpdateDate>
          <versionCode>00</versionCode>
          <actionDesc>Introduced in Senate</actionDesc>
          <actionDate>2019-11-19</actionDate>
        </item>
        <item>
          <updateDate>2019-11-19T21:04:52Z</updateDate>
          <name>Passed Senate</name>
          <text><![CDATA[<p>This resolution designates December 10, 2019, as Wyoming Women's Suffrage Day.</p>]]></text>
          <lastSummaryUpdateDate>2019-11-26T17:28:53Z</lastSummaryUpdateDate>
          <versionCode>55</versionCode>
          <actionDesc>Passed Senate</actionDesc>
          <actionDate>2019-11-19</actionDate>
        </item>
      </billSummaries>
    </summaries>
    <subjects>
      <billSubjects>
        <policyArea>
          <name>Civil Rights and Liberties, Minority Issues</name>
        </policyArea>
        <legislativeSubjects>
          <item>
            <name>Commemorative events and holidays</name>
          </item>
          <item>
            <name>Elections, voting, political campaign regulation</name>
          </item>
          <item>
            <name>State and local government operations</name>
          </item>
          <item>
            <name>U.S. history</name>
          </item>
          <item>
            <name>Women's rights</name>
          </item>
          <item>
            <name>Wyoming</name>
          </item>
        </legislativeSubjects>
      </billSubjects>
    </subjects>
    <actions>
      <item>
        <actionDate>2019-11-19</actionDate>
        <committee />
        <links>
          <link>
            <name>S6674</name>
            <url>https://www.congress.gov/congressional-record/volume-165/senate-section/page/S6674</url>
          </link>
          <link>
            <name>S6679</name>
            <url>https://www.congress.gov/congressional-record/volume-165/senate-section/page/S6679</url>
          </link>
        </links>
        <sourceSystem>
          <name>Senate</name>
          <code>0</code>
        </sourceSystem>
        <text>Submitted in the Senate, considered, and agreed to without amendment and with a preamble by Unanimous Consent. (consideration: CR S6679; text: CR S6674)</text>
        <type>Floor</type>
      </item>
      <item>
        <sourceSystem>
          <name>Library of Congress</name>
          <code>9</code>
        </sourceSystem>
        <links>
          <link>
            <name>S6674</name>
            <url>https://www.congress.gov/congressional-record/volume-165/senate-section/page/S6674</url>
          </link>
          <link>
            <name>S6679</name>
            <url>https://www.congress.gov/congressional-record/volume-165/senate-section/page/S6679</url>
          </link>
        </links>
        <text>Passed/agreed to in Senate: Submitted in the Senate, considered, and agreed to without amendment and with a preamble by Unanimous Consent.(consideration: CR S6679; text: CR S6674)</text>
        <actionCode>17000</actionCode>
        <committee />
        <type>Floor</type>
        <actionDate>2019-11-19</actionDate>
      </item>
      <item>
        <sourceSystem>
          <name>Library of Congress</name>
          <code>9</code>
        </sourceSystem>
        <links />
        <text>Introduced in Senate</text>
        <actionCode>10000</actionCode>
        <committee />
        <type>IntroReferral</type>
        <actionDate>2019-11-19</actionDate>
      </item>
      <actionTypeCounts>
        <passedAgreedToInSenate>1</passedAgreedToInSenate>
        <introducedInSenate>1</introducedInSenate>
        <passedOrAgreedToInSenateDayOf>1</passedOrAgreedToInSenateDayOf>
      </actionTypeCounts>
      <actionByCounts>
        <senate>3</senate>
      </actionByCounts>
    </actions>
    <introducedDate>2019-11-19</introducedDate>
    <relatedBills>
      <item>
        <type>HRES</type>
        <latestTitle>Supporting the designation of December 10, 2019, as "Wyoming Women's Suffrage Day".</latestTitle>
        <latestAction>
          <actionDate>2019-11-14</actionDate>
          <text>Referred to the House Committee on Oversight and Reform.</text>
        </latestAction>
        <congress>116</congress>
        <number>700</number>
        <relationshipDetails>
          <item>
            <type>Related bill</type>
            <identifiedBy>CRS</identifiedBy>
          </item>
        </relationshipDetails>
      </item>
    </relatedBills>
    <title>A resolution designating December 10, 2019, as "Wyoming Women's Suffrage Day".</title>
    <policyArea>
      <name>Civil Rights and Liberties, Minority Issues</name>
    </policyArea>
    <textVersions>
      <item>
        <formats>
          <item>
            <url>https://www.govinfo.gov/content/pkg/BILLS-116sres430ats/xml/BILLS-116sres430ats.xml</url>
          </item>
        </formats>
        <type>Agreed to Senate</type>
        <date>2019-11-19T05:00:00Z</date>
      </item>
    </textVersions>
    <latestAction>
      <actionDate>2019-11-19</actionDate>
      <links />
      <text>Submitted in the Senate, considered, and agreed to without amendment and with a preamble by Unanimous Consent. (consideration: CR S6679; text: CR S6674)</text>
    </latestAction>
    <createDate>2019-11-20T05:42:40Z</createDate>
    <notes />
    <recordedVotes />
    <committeeReports />
    <version>1.0.0</version>
    <congress>116</congress>
    <originChamber>Senate</originChamber>
  </bill>
  <dublinCore xmlns:dc="http://purl.org/dc/elements/1.1/">
    <dc:format>text/xml</dc:format>
    <dc:language>EN</dc:language>
    <dc:rights>Pursuant to Title 17 Section 105 of the United States Code, this file is not subject to copyright protection and is in the public domain.</dc:rights>
    <dc:contributor>Congressional Research Service, Library of Congress</dc:contributor>
    <dc:description>This file contains bill summaries and statuses for federal legislation. A bill summary describes the most significant provisions of a piece of legislation and details the effects the legislative text may have on current law and federal programs. Bill summaries are authored by the Congressional Research Service (CRS) of the Library of Congress. As stated in Public Law 91-510 (2 USC 166 (d)(6)), one of the duties of CRS is "to prepare summaries and digests of bills and resolutions of a public general nature introduced in the Senate or House of Representatives". For more information, refer to the User Guide that accompanies this file.</dc:description>
  </dublinCore>
</billStatus>

