<?xml version="1.0" encoding="UTF-8"?>
<billStatus>
  <bill>
    <sponsors>
      <item>
        <lastName>MCCONNELL</lastName>
        <firstName>MITCH</firstName>
        <middleName />
        <bioguideId>M000355</bioguideId>
        <identifiers>
          <bioguideId>M000355</bioguideId>
          <lisID>1395</lisID>
          <gpoId>8254</gpoId>
        </identifiers>
        <byRequestType />
        <party>R</party>
        <fullName>Sen. McConnell, Mitch [R-KY]</fullName>
        <state>KY</state>
      </item>
    </sponsors>
    <createDate>2019-01-04T13:32:58Z</createDate>
    <textVersions>
      <item>
        <date>2019-01-03T05:00:00Z</date>
        <type>Agreed to Senate</type>
        <formats>
          <item>
            <url>https://www.govinfo.gov/content/pkg/BILLS-116sres5ats/xml/BILLS-116sres5ats.xml</url>
          </item>
        </formats>
      </item>
    </textVersions>
    <cosponsors />
    <policyArea>
      <name>Congress</name>
    </policyArea>
    <laws />
    <subjects>
      <billSubjects>
        <legislativeSubjects>
          <item>
            <name>Congressional leadership</name>
          </item>
          <item>
            <name>House of Representatives</name>
          </item>
          <item>
            <name>Members of Congress</name>
          </item>
          <item>
            <name>Senate</name>
          </item>
        </legislativeSubjects>
        <policyArea>
          <name>Congress</name>
        </policyArea>
      </billSubjects>
    </subjects>
    <billNumber>5</billNumber>
    <titles>
      <item>
        <parentTitleType />
        <title>A resolution notifying the House of Representatives of the election of a President pro tempore.</title>
        <chamberName />
        <chamberCode />
        <titleType>Official Title as Introduced</titleType>
      </item>
      <item>
        <parentTitleType />
        <title>A resolution notifying the House of Representatives of the election of a President pro tempore.</title>
        <chamberName />
        <chamberCode />
        <titleType>Display Title</titleType>
      </item>
    </titles>
    <notes />
    <congress>116</congress>
    <summaries>
      <billSummaries>
        <item>
          <actionDate>2019-01-03</actionDate>
          <text><![CDATA[<p>This resolution notifies the House of Representatives of the election of the Honorable Chuck Grassley as President pro tempore of the Senate.</p>]]></text>
          <name>Introduced in Senate</name>
          <actionDesc>Introduced in Senate</actionDesc>
          <versionCode>00</versionCode>
          <lastSummaryUpdateDate>2019-01-08T16:30:18Z</lastSummaryUpdateDate>
          <updateDate>2019-01-03T05:00:00Z</updateDate>
        </item>
        <item>
          <actionDate>2019-01-03</actionDate>
          <text><![CDATA[<p>This resolution notifies the House of Representatives of the election of the Honorable Chuck Grassley as President pro tempore of the Senate.</p>]]></text>
          <name>Passed Senate</name>
          <actionDesc>Passed Senate</actionDesc>
          <versionCode>55</versionCode>
          <lastSummaryUpdateDate>2019-01-08T16:30:25Z</lastSummaryUpdateDate>
          <updateDate>2019-01-03T18:50:34Z</updateDate>
        </item>
      </billSummaries>
    </summaries>
    <introducedDate>2019-01-03</introducedDate>
    <committees>
      <billCommittees />
    </committees>
    <committeeReports />
    <version>1.0.0</version>
    <calendarNumbers />
    <amendments />
    <updateDate>2019-04-02T17:41:08Z</updateDate>
    <billType>SRES</billType>
    <recordedVotes />
    <latestAction>
      <links />
      <actionDate>2019-01-03</actionDate>
      <text>Submitted in the Senate, considered, and agreed to without amendment by Unanimous Consent. (consideration: CR S6; text: CR S6)</text>
    </latestAction>
    <actions>
      <actionByCounts>
        <senate>3</senate>
      </actionByCounts>
      <item>
        <actionDate>2019-01-03</actionDate>
        <committee />
        <links>
          <link>
            <url>https://www.congress.gov/congressional-record/volume-165/senate-section/page/S6</url>
            <name>S6</name>
          </link>
        </links>
        <sourceSystem>
          <code>0</code>
          <name>Senate</name>
        </sourceSystem>
        <text>Submitted in the Senate, considered, and agreed to without amendment by Unanimous Consent. (consideration: CR S6; text: CR S6)</text>
        <type>Floor</type>
      </item>
      <item>
        <actionDate>2019-01-03</actionDate>
        <actionCode>17000</actionCode>
        <text>Passed/agreed to in Senate: Submitted in the Senate, considered, and agreed to without amendment by Unanimous Consent.(consideration: CR S6; text: CR S6)</text>
        <type>Floor</type>
        <committee />
        <links>
          <link>
            <url>https://www.congress.gov/congressional-record/volume-165/senate-section/page/S6</url>
            <name>S6</name>
          </link>
        </links>
        <sourceSystem>
          <code>9</code>
          <name>Library of Congress</name>
        </sourceSystem>
      </item>
      <item>
        <actionDate>2019-01-03</actionDate>
        <actionCode>10000</actionCode>
        <text>Introduced in Senate</text>
        <type>IntroReferral</type>
        <committee />
        <links />
        <sourceSystem>
          <code>9</code>
          <name>Library of Congress</name>
        </sourceSystem>
      </item>
      <actionTypeCounts>
        <passedOrAgreedToInSenateDayOf>1</passedOrAgreedToInSenateDayOf>
        <introducedInSenate>1</introducedInSenate>
        <passedAgreedToInSenate>1</passedAgreedToInSenate>
      </actionTypeCounts>
    </actions>
    <cboCostEstimates />
    <relatedBills />
    <title>A resolution notifying the House of Representatives of the election of a President pro tempore.</title>
    <originChamber>Senate</originChamber>
  </bill>
  <dublinCore xmlns:dc="http://purl.org/dc/elements/1.1/">
    <dc:format>text/xml</dc:format>
    <dc:language>EN</dc:language>
    <dc:rights>Pursuant to Title 17 Section 105 of the United States Code, this file is not subject to copyright protection and is in the public domain.</dc:rights>
    <dc:contributor>Congressional Research Service, Library of Congress</dc:contributor>
    <dc:description>This file contains bill summaries and statuses for federal legislation. A bill summary describes the most significant provisions of a piece of legislation and details the effects the legislative text may have on current law and federal programs. Bill summaries are authored by the Congressional Research Service (CRS) of the Library of Congress. As stated in Public Law 91-510 (2 USC 166 (d)(6)), one of the duties of CRS is "to prepare summaries and digests of bills and resolutions of a public general nature introduced in the Senate or House of Representatives". For more information, refer to the User Guide that accompanies this file.</dc:description>
  </dublinCore>
</billStatus>

