<?xml version="1.0" encoding="UTF-8"?>
<billStatus>
  <bill>
    <committees>
      <billCommittees />
    </committees>
    <recordedVotes />
    <summaries>
      <billSummaries />
    </summaries>
    <updateDate>2019-03-22T18:10:32Z</updateDate>
    <relatedBills>
      <item>
        <number>225</number>
        <latestAction>
          <text>Referred to the House Committee on Education and Labor.</text>
          <actionDate>2019-03-13</actionDate>
        </latestAction>
        <congress>116</congress>
        <latestTitle>Recognizing the 150th anniversary of the University of Nebraska-Lincoln.</latestTitle>
        <relationshipDetails>
          <item>
            <type>Related bill</type>
            <identifiedBy>CRS</identifiedBy>
          </item>
        </relationshipDetails>
        <type>HRES</type>
      </item>
    </relatedBills>
    <laws />
    <notes />
    <congress>116</congress>
    <actions>
      <actionTypeCounts>
        <introducedInSenate>1</introducedInSenate>
        <passedAgreedToInSenate>1</passedAgreedToInSenate>
        <passedOrAgreedToInSenateDayOf>1</passedOrAgreedToInSenateDayOf>
      </actionTypeCounts>
      <actionByCounts>
        <senate>3</senate>
      </actionByCounts>
      <item>
        <actionDate>2019-02-27</actionDate>
        <committee />
        <links>
          <link>
            <name>S1527</name>
            <url>https://www.congress.gov/congressional-record/volume-165/senate-section/page/S1527</url>
          </link>
          <link>
            <name>S1544</name>
            <url>https://www.congress.gov/congressional-record/volume-165/senate-section/page/S1544</url>
          </link>
        </links>
        <sourceSystem>
          <name>Senate</name>
          <code>0</code>
        </sourceSystem>
        <text>Submitted in the Senate, considered, and agreed to without amendment and with a preamble by Unanimous Consent. (consideration: CR S1527; text: CR S1544)</text>
        <type>Floor</type>
      </item>
      <item>
        <text>Passed/agreed to in Senate: Submitted in the Senate, considered, and agreed to without amendment and with a preamble by Unanimous Consent.(consideration: CR S1527; text: CR S1544)</text>
        <actionDate>2019-02-27</actionDate>
        <type>Floor</type>
        <actionCode>17000</actionCode>
        <links>
          <link>
            <name>S1527</name>
            <url>https://www.congress.gov/congressional-record/volume-165/senate-section/page/S1527</url>
          </link>
          <link>
            <name>S1544</name>
            <url>https://www.congress.gov/congressional-record/volume-165/senate-section/page/S1544</url>
          </link>
        </links>
        <sourceSystem>
          <name>Library of Congress</name>
          <code>9</code>
        </sourceSystem>
        <committee />
      </item>
      <item>
        <text>Introduced in Senate</text>
        <actionDate>2019-02-27</actionDate>
        <type>IntroReferral</type>
        <actionCode>10000</actionCode>
        <links />
        <sourceSystem>
          <name>Library of Congress</name>
          <code>9</code>
        </sourceSystem>
        <committee />
      </item>
    </actions>
    <introducedDate>2019-02-27</introducedDate>
    <latestAction>
      <text>Submitted in the Senate, considered, and agreed to without amendment and with a preamble by Unanimous Consent. (consideration: CR S1527; text: CR S1544)</text>
      <links />
      <actionDate>2019-02-27</actionDate>
    </latestAction>
    <textVersions>
      <item>
        <type>Agreed to Senate</type>
        <formats>
          <item>
            <url>https://www.govinfo.gov/content/pkg/BILLS-116sres82ats/xml/BILLS-116sres82ats.xml</url>
          </item>
        </formats>
        <date>2019-02-27T05:00:00Z</date>
      </item>
    </textVersions>
    <createDate>2019-02-28T05:40:09Z</createDate>
    <policyArea>
      <name>Education</name>
    </policyArea>
    <cboCostEstimates />
    <originChamber>Senate</originChamber>
    <billType>SRES</billType>
    <subjects>
      <billSubjects>
        <legislativeSubjects>
          <item>
            <name>Commemorative events and holidays</name>
          </item>
          <item>
            <name>Congressional tributes</name>
          </item>
          <item>
            <name>Higher education</name>
          </item>
          <item>
            <name>Nebraska</name>
          </item>
          <item>
            <name>School athletics</name>
          </item>
        </legislativeSubjects>
        <policyArea>
          <name>Education</name>
        </policyArea>
      </billSubjects>
    </subjects>
    <title>A resolution recognizing the 150th anniversary of the University of Nebraska-Lincoln.</title>
    <amendments />
    <calendarNumbers />
    <cosponsors>
      <item>
        <middleName />
        <fullName>Sen. Sasse, Ben  [R-NE]</fullName>
        <party>R</party>
        <state>NE</state>
        <sponsorshipWithdrawnDate />
        <identifiers>
          <lisID>2289</lisID>
          <gpoId />
          <bioguideId>S001197</bioguideId>
        </identifiers>
        <sponsorshipDate>2019-02-27</sponsorshipDate>
        <lastName>Sasse</lastName>
        <isOriginalCosponsor>True</isOriginalCosponsor>
        <bioguideId>S001197</bioguideId>
        <firstName>Ben</firstName>
      </item>
    </cosponsors>
    <committeeReports />
    <billNumber>82</billNumber>
    <sponsors>
      <item>
        <state>NE</state>
        <byRequestType />
        <middleName />
        <firstName>Deb</firstName>
        <party>R</party>
        <lastName>Fischer</lastName>
        <identifiers>
          <lisID>2179</lisID>
          <bioguideId>F000463</bioguideId>
          <gpoId />
        </identifiers>
        <bioguideId>F000463</bioguideId>
        <fullName>Sen. Fischer, Deb [R-NE]</fullName>
      </item>
    </sponsors>
    <titles>
      <item>
        <chamberCode />
        <titleType>Official Title as Introduced</titleType>
        <parentTitleType />
        <chamberName />
        <title>A resolution recognizing the 150th anniversary of the University of Nebraska-Lincoln.</title>
      </item>
      <item>
        <chamberCode />
        <titleType>Display Title</titleType>
        <parentTitleType />
        <chamberName />
        <title>A resolution recognizing the 150th anniversary of the University of Nebraska-Lincoln.</title>
      </item>
    </titles>
    <version>1.0.0</version>
  </bill>
  <dublinCore xmlns:dc="http://purl.org/dc/elements/1.1/">
    <dc:format>text/xml</dc:format>
    <dc:language>EN</dc:language>
    <dc:rights>Pursuant to Title 17 Section 105 of the United States Code, this file is not subject to copyright protection and is in the public domain.</dc:rights>
    <dc:contributor>Congressional Research Service, Library of Congress</dc:contributor>
    <dc:description>This file contains bill summaries and statuses for federal legislation. A bill summary describes the most significant provisions of a piece of legislation and details the effects the legislative text may have on current law and federal programs. Bill summaries are authored by the Congressional Research Service (CRS) of the Library of Congress. As stated in Public Law 91-510 (2 USC 166 (d)(6)), one of the duties of CRS is "to prepare summaries and digests of bills and resolutions of a public general nature introduced in the Senate or House of Representatives". For more information, refer to the User Guide that accompanies this file.</dc:description>
  </dublinCore>
</billStatus>

