<?xml version="1.0" encoding="UTF-8"?>
<billStatus>
  <bill>
    <policyArea>
      <name>Armed Forces and National Security</name>
    </policyArea>
    <version>1.0.0</version>
    <recordedVotes />
    <amendments />
    <relatedBills />
    <billNumber>377</billNumber>
    <subjects>
      <billSubjects>
        <policyArea>
          <name>Armed Forces and National Security</name>
        </policyArea>
        <legislativeSubjects>
          <item>
            <name>Commemorative events and holidays</name>
          </item>
          <item>
            <name>Hazardous wastes and toxic substances</name>
          </item>
          <item>
            <name>Mining</name>
          </item>
          <item>
            <name>Nuclear weapons</name>
          </item>
          <item>
            <name>Worker safety and health</name>
          </item>
        </legislativeSubjects>
      </billSubjects>
    </subjects>
    <textVersions>
      <item>
        <date>2019-10-30T04:00:00Z</date>
        <formats>
          <item>
            <url>https://www.govinfo.gov/content/pkg/BILLS-116sres377ats/xml/BILLS-116sres377ats.xml</url>
          </item>
        </formats>
        <type>Agreed to Senate</type>
      </item>
      <item>
        <date>2019-10-24T04:00:00Z</date>
        <formats>
          <item>
            <url>https://www.govinfo.gov/content/pkg/BILLS-116sres377is/xml/BILLS-116sres377is.xml</url>
          </item>
        </formats>
        <type>Introduced in Senate</type>
      </item>
    </textVersions>
    <summaries>
      <billSummaries>
        <item>
          <actionDesc>Introduced in Senate</actionDesc>
          <lastSummaryUpdateDate>2019-11-06T23:16:32Z</lastSummaryUpdateDate>
          <actionDate>2019-10-24</actionDate>
          <updateDate>2019-10-24T04:00:00Z</updateDate>
          <versionCode>00</versionCode>
          <text><![CDATA[<p>This resolution designates October 30, 2019, as a national day of remembrance for workers of the nuclear weapons program, including uranium workers. </p>]]></text>
          <name>Introduced in Senate</name>
        </item>
        <item>
          <actionDesc>Passed Senate</actionDesc>
          <lastSummaryUpdateDate>2019-11-06T23:19:25Z</lastSummaryUpdateDate>
          <actionDate>2019-10-30</actionDate>
          <updateDate>2019-10-30T13:20:46Z</updateDate>
          <versionCode>55</versionCode>
          <text><![CDATA[<p>This resolution designates October 30, 2019, as a national day of remembrance for workers of the nuclear weapons program, including uranium workers. </p>]]></text>
          <name>Passed Senate</name>
        </item>
      </billSummaries>
    </summaries>
    <billType>SRES</billType>
    <createDate>2019-10-25T04:42:29Z</createDate>
    <cosponsors>
      <item>
        <lastName>UDALL</lastName>
        <fullName>Sen. Udall, Tom [D-NM]</fullName>
        <party>D</party>
        <isOriginalCosponsor>True</isOriginalCosponsor>
        <identifiers>
          <lisID>1567</lisID>
          <bioguideId>U000039</bioguideId>
          <gpoId>8260</gpoId>
        </identifiers>
        <firstName>TOM</firstName>
        <state>NM</state>
        <sponsorshipDate>2019-10-24</sponsorshipDate>
        <sponsorshipWithdrawnDate />
        <bioguideId>U000039</bioguideId>
        <middleName />
      </item>
      <item>
        <lastName>MCCONNELL</lastName>
        <fullName>Sen. McConnell, Mitch [R-KY]</fullName>
        <party>R</party>
        <isOriginalCosponsor>True</isOriginalCosponsor>
        <identifiers>
          <lisID>1395</lisID>
          <bioguideId>M000355</bioguideId>
          <gpoId>8254</gpoId>
        </identifiers>
        <firstName>MITCH</firstName>
        <state>KY</state>
        <sponsorshipDate>2019-10-24</sponsorshipDate>
        <sponsorshipWithdrawnDate />
        <bioguideId>M000355</bioguideId>
        <middleName />
      </item>
      <item>
        <lastName>SCHUMER</lastName>
        <fullName>Sen. Schumer, Charles E. [D-NY]</fullName>
        <party>D</party>
        <isOriginalCosponsor>True</isOriginalCosponsor>
        <identifiers>
          <lisID>1036</lisID>
          <bioguideId>S000148</bioguideId>
          <gpoId>8279</gpoId>
        </identifiers>
        <firstName>CHARLES</firstName>
        <state>NY</state>
        <sponsorshipDate>2019-10-24</sponsorshipDate>
        <sponsorshipWithdrawnDate />
        <bioguideId>S000148</bioguideId>
        <middleName>E.</middleName>
      </item>
      <item>
        <lastName>GRAHAM</lastName>
        <fullName>Sen. Graham, Lindsey [R-SC]</fullName>
        <party>R</party>
        <isOriginalCosponsor>True</isOriginalCosponsor>
        <identifiers>
          <bioguideId>G000359</bioguideId>
          <lisID>452</lisID>
          <gpoId>8335</gpoId>
        </identifiers>
        <firstName>LINDSEY</firstName>
        <state>SC</state>
        <sponsorshipDate>2019-10-24</sponsorshipDate>
        <sponsorshipWithdrawnDate />
        <bioguideId>G000359</bioguideId>
        <middleName>O.</middleName>
      </item>
      <item>
        <lastName>Heinrich</lastName>
        <fullName>Sen. Heinrich, Martin [D-NM]</fullName>
        <party>D</party>
        <isOriginalCosponsor>True</isOriginalCosponsor>
        <identifiers>
          <lisID>1937</lisID>
          <bioguideId>H001046</bioguideId>
          <gpoId>8056</gpoId>
        </identifiers>
        <firstName>Martin</firstName>
        <state>NM</state>
        <sponsorshipDate>2019-10-24</sponsorshipDate>
        <sponsorshipWithdrawnDate />
        <bioguideId>H001046</bioguideId>
        <middleName />
      </item>
      <item>
        <lastName>Gardner</lastName>
        <fullName>Sen. Gardner, Cory [R-CO]</fullName>
        <party>R</party>
        <isOriginalCosponsor>True</isOriginalCosponsor>
        <identifiers>
          <lisID>1998</lisID>
          <gpoId>7862</gpoId>
          <bioguideId>G000562</bioguideId>
        </identifiers>
        <firstName>Cory</firstName>
        <state>CO</state>
        <sponsorshipDate>2019-10-24</sponsorshipDate>
        <sponsorshipWithdrawnDate />
        <bioguideId>G000562</bioguideId>
        <middleName />
      </item>
      <item>
        <lastName>Bennet</lastName>
        <fullName>Sen. Bennet, Michael F. [D-CO]</fullName>
        <party>D</party>
        <isOriginalCosponsor>True</isOriginalCosponsor>
        <identifiers>
          <lisID>1965</lisID>
          <bioguideId>B001267</bioguideId>
          <gpoId>8302</gpoId>
        </identifiers>
        <firstName>Michael</firstName>
        <state>CO</state>
        <sponsorshipDate>2019-10-24</sponsorshipDate>
        <sponsorshipWithdrawnDate />
        <bioguideId>B001267</bioguideId>
        <middleName>F.</middleName>
      </item>
      <item>
        <lastName>PORTMAN</lastName>
        <fullName>Sen. Portman, Rob [R-OH]</fullName>
        <party>R</party>
        <isOriginalCosponsor>True</isOriginalCosponsor>
        <identifiers>
          <lisID>924</lisID>
          <gpoId>8266</gpoId>
          <bioguideId>P000449</bioguideId>
        </identifiers>
        <firstName>ROB</firstName>
        <state>OH</state>
        <sponsorshipDate>2019-10-24</sponsorshipDate>
        <sponsorshipWithdrawnDate />
        <bioguideId>P000449</bioguideId>
        <middleName />
      </item>
      <item>
        <lastName>Brown</lastName>
        <fullName>Sen. Brown, Sherrod [D-OH]</fullName>
        <party>D</party>
        <isOriginalCosponsor>True</isOriginalCosponsor>
        <identifiers>
          <lisID>136</lisID>
          <bioguideId>B000944</bioguideId>
          <gpoId>8309</gpoId>
        </identifiers>
        <firstName>Sherrod</firstName>
        <state>OH</state>
        <sponsorshipDate>2019-10-24</sponsorshipDate>
        <sponsorshipWithdrawnDate />
        <bioguideId>B000944</bioguideId>
        <middleName />
      </item>
      <item>
        <lastName>MURRAY</lastName>
        <fullName>Sen. Murray, Patty [D-WA]</fullName>
        <party>D</party>
        <isOriginalCosponsor>True</isOriginalCosponsor>
        <identifiers>
          <lisID>1409</lisID>
          <bioguideId>M001111</bioguideId>
          <gpoId>8237</gpoId>
        </identifiers>
        <firstName>PATTY</firstName>
        <state>WA</state>
        <sponsorshipDate>2019-10-24</sponsorshipDate>
        <sponsorshipWithdrawnDate />
        <bioguideId>M001111</bioguideId>
        <middleName />
      </item>
      <item>
        <lastName>CANTWELL</lastName>
        <fullName>Sen. Cantwell, Maria [D-WA]</fullName>
        <party>D</party>
        <isOriginalCosponsor>True</isOriginalCosponsor>
        <identifiers>
          <lisID>172</lisID>
          <gpoId>8288</gpoId>
          <bioguideId>C000127</bioguideId>
        </identifiers>
        <firstName>MARIA</firstName>
        <state>WA</state>
        <sponsorshipDate>2019-10-24</sponsorshipDate>
        <sponsorshipWithdrawnDate />
        <bioguideId>C000127</bioguideId>
        <middleName />
      </item>
      <item>
        <lastName>ROBERTS</lastName>
        <fullName>Sen. Roberts, Pat [R-KS]</fullName>
        <party>R</party>
        <isOriginalCosponsor>True</isOriginalCosponsor>
        <identifiers>
          <lisID>968</lisID>
          <bioguideId>R000307</bioguideId>
          <gpoId>8275</gpoId>
        </identifiers>
        <firstName>PAT</firstName>
        <state>KS</state>
        <sponsorshipDate>2019-10-24</sponsorshipDate>
        <sponsorshipWithdrawnDate />
        <bioguideId>R000307</bioguideId>
        <middleName />
      </item>
      <item>
        <lastName>Manchin</lastName>
        <fullName>Sen. Manchin, Joe, III [D-WV]</fullName>
        <party>D</party>
        <isOriginalCosponsor>True</isOriginalCosponsor>
        <identifiers>
          <lisID>1983</lisID>
          <bioguideId>M001183</bioguideId>
          <gpoId>8256</gpoId>
        </identifiers>
        <firstName>Joe</firstName>
        <state>WV</state>
        <sponsorshipDate>2019-10-24</sponsorshipDate>
        <sponsorshipWithdrawnDate />
        <bioguideId>M001183</bioguideId>
        <middleName />
      </item>
      <item>
        <lastName>Rubio</lastName>
        <fullName>Sen. Rubio, Marco [R-FL]</fullName>
        <party>R</party>
        <isOriginalCosponsor>True</isOriginalCosponsor>
        <identifiers>
          <lisID>2084</lisID>
          <bioguideId>R000595</bioguideId>
          <gpoId>8242</gpoId>
        </identifiers>
        <firstName>Marco</firstName>
        <state>FL</state>
        <sponsorshipDate>2019-10-24</sponsorshipDate>
        <sponsorshipWithdrawnDate />
        <bioguideId>R000595</bioguideId>
        <middleName />
      </item>
      <item>
        <lastName>MARKEY</lastName>
        <fullName>Sen. Markey, Edward J. [D-MA]</fullName>
        <party>D</party>
        <isOriginalCosponsor>True</isOriginalCosponsor>
        <identifiers>
          <lisID>735</lisID>
          <gpoId>7972</gpoId>
          <bioguideId>M000133</bioguideId>
        </identifiers>
        <firstName>EDWARD</firstName>
        <state>MA</state>
        <sponsorshipDate>2019-10-24</sponsorshipDate>
        <sponsorshipWithdrawnDate />
        <bioguideId>M000133</bioguideId>
        <middleName>J.</middleName>
      </item>
      <item>
        <lastName>Blackburn</lastName>
        <fullName>Sen. Blackburn, Marsha [R-TN]</fullName>
        <party>R</party>
        <isOriginalCosponsor>True</isOriginalCosponsor>
        <identifiers>
          <lisID>1748</lisID>
          <bioguideId>B001243</bioguideId>
          <gpoId>8154</gpoId>
        </identifiers>
        <firstName>Marsha</firstName>
        <state>TN</state>
        <sponsorshipDate>2019-10-24</sponsorshipDate>
        <sponsorshipWithdrawnDate />
        <bioguideId>B001243</bioguideId>
        <middleName />
      </item>
    </cosponsors>
    <sponsors>
      <item>
        <bioguideId>A000360</bioguideId>
        <firstName>Lamar</firstName>
        <middleName />
        <identifiers>
          <lisID>1695</lisID>
          <gpoId>8304</gpoId>
          <bioguideId>A000360</bioguideId>
        </identifiers>
        <lastName>Alexander</lastName>
        <byRequestType />
        <party>R</party>
        <state>TN</state>
        <fullName>Sen. Alexander, Lamar [R-TN]</fullName>
      </item>
    </sponsors>
    <titles>
      <item>
        <titleType>Official Title as Introduced</titleType>
        <parentTitleType />
        <chamberName />
        <title>A resolution designating October 30, 2019, as a national day of remembrance for the workers of the nuclear weapons program of the United States.</title>
        <chamberCode />
      </item>
      <item>
        <titleType>Display Title</titleType>
        <parentTitleType />
        <chamberName />
        <title>A resolution designating October 30, 2019, as a national day of remembrance for the workers of the nuclear weapons program of the United States.</title>
        <chamberCode />
      </item>
    </titles>
    <title>A resolution designating October 30, 2019, as a national day of remembrance for the workers of the nuclear weapons program of the United States.</title>
    <committeeReports />
    <updateDate>2019-11-09T11:02:54Z</updateDate>
    <cboCostEstimates />
    <laws />
    <notes />
    <introducedDate>2019-10-24</introducedDate>
    <congress>116</congress>
    <originChamber>Senate</originChamber>
    <latestAction>
      <actionDate>2019-10-30</actionDate>
      <links />
      <text>Resolution agreed to in Senate without amendment and with a preamble by Unanimous Consent. (text: 10/24/2019 CR S6160)</text>
    </latestAction>
    <actions>
      <actionTypeCounts>
        <referredToCommittee>1</referredToCommittee>
        <committeeDischarged>1</committeeDischarged>
        <introducedInSenate>1</introducedInSenate>
        <senateCommitteeDischarged>1</senateCommitteeDischarged>
        <passedAgreedToInSenate>1</passedAgreedToInSenate>
        <agreedToInSenate>1</agreedToInSenate>
      </actionTypeCounts>
      <actionByCounts>
        <senate>6</senate>
      </actionByCounts>
      <item>
        <actionDate>2019-10-30</actionDate>
        <committee />
        <links>
          <link>
            <url>https://www.congress.gov/congressional-record/volume-165/senate-section/page/S6160</url>
            <name>S6160</name>
          </link>
        </links>
        <sourceSystem>
          <code>0</code>
          <name>Senate</name>
        </sourceSystem>
        <text>Resolution agreed to in Senate without amendment and with a preamble by Unanimous Consent. (text: 10/24/2019 CR S6160)</text>
        <type>Floor</type>
      </item>
      <item>
        <actionCode>17000</actionCode>
        <text>Passed/agreed to in Senate: Resolution agreed to in Senate without amendment and with a preamble by Unanimous Consent.(text: 10/24/2019 CR S6160)</text>
        <links>
          <link>
            <url>https://www.congress.gov/congressional-record/volume-165/senate-section/page/S6160</url>
            <name>S6160</name>
          </link>
        </links>
        <committee />
        <type>Floor</type>
        <sourceSystem>
          <code>9</code>
          <name>Library of Congress</name>
        </sourceSystem>
        <actionDate>2019-10-30</actionDate>
      </item>
      <item>
        <actionDate>2019-10-30</actionDate>
        <committee>
          <systemCode>ssju00</systemCode>
          <name>Judiciary Committee</name>
        </committee>
        <links>
          <link>
            <url>https://www.congress.gov/congressional-record/volume-165/senate-section/page/S6307</url>
            <name>S6307</name>
          </link>
        </links>
        <sourceSystem>
          <code>0</code>
          <name>Senate</name>
        </sourceSystem>
        <text>Senate Committee on the Judiciary discharged by Unanimous Consent. (consideration: CR S6307)</text>
        <type>Discharge</type>
      </item>
      <item>
        <actionCode>14500</actionCode>
        <text>Senate Committee on the Judiciary discharged by Unanimous Consent.(consideration: CR S6307)</text>
        <links>
          <link>
            <url>https://www.congress.gov/congressional-record/volume-165/senate-section/page/S6307</url>
            <name>S6307</name>
          </link>
        </links>
        <committee>
          <systemCode>ssju00</systemCode>
          <name>Judiciary Committee</name>
        </committee>
        <type>Committee</type>
        <sourceSystem>
          <code>9</code>
          <name>Library of Congress</name>
        </sourceSystem>
        <actionDate>2019-10-30</actionDate>
      </item>
      <item>
        <actionDate>2019-10-24</actionDate>
        <committee>
          <systemCode>ssju00</systemCode>
          <name>Judiciary Committee</name>
        </committee>
        <links />
        <sourceSystem>
          <code>0</code>
          <name>Senate</name>
        </sourceSystem>
        <text>Referred to the Committee on the Judiciary.</text>
        <type>IntroReferral</type>
      </item>
      <item>
        <actionCode>10000</actionCode>
        <text>Introduced in Senate</text>
        <links />
        <committee />
        <type>IntroReferral</type>
        <sourceSystem>
          <code>9</code>
          <name>Library of Congress</name>
        </sourceSystem>
        <actionDate>2019-10-24</actionDate>
      </item>
    </actions>
    <committees>
      <billCommittees>
        <item>
          <activities>
            <item>
              <date>2019-10-30T23:34:44Z</date>
              <name>Discharged from</name>
            </item>
            <item>
              <date>2019-10-24T18:29:41Z</date>
              <name>Referred to</name>
            </item>
          </activities>
          <type>Standing</type>
          <systemCode>ssju00</systemCode>
          <chamber>Senate</chamber>
          <name>Judiciary Committee</name>
          <subcommittees />
        </item>
      </billCommittees>
    </committees>
    <calendarNumbers />
  </bill>
  <dublinCore xmlns:dc="http://purl.org/dc/elements/1.1/">
    <dc:format>text/xml</dc:format>
    <dc:language>EN</dc:language>
    <dc:rights>Pursuant to Title 17 Section 105 of the United States Code, this file is not subject to copyright protection and is in the public domain.</dc:rights>
    <dc:contributor>Congressional Research Service, Library of Congress</dc:contributor>
    <dc:description>This file contains bill summaries and statuses for federal legislation. A bill summary describes the most significant provisions of a piece of legislation and details the effects the legislative text may have on current law and federal programs. Bill summaries are authored by the Congressional Research Service (CRS) of the Library of Congress. As stated in Public Law 91-510 (2 USC 166 (d)(6)), one of the duties of CRS is "to prepare summaries and digests of bills and resolutions of a public general nature introduced in the Senate or House of Representatives". For more information, refer to the User Guide that accompanies this file.</dc:description>
  </dublinCore>
</billStatus>

