<?xml version="1.0" encoding="UTF-8"?>
<billStatus>
  <bill>
    <billNumber>303</billNumber>
    <committeeReports />
    <cboCostEstimates />
    <summaries>
      <billSummaries />
    </summaries>
    <notes />
    <createDate>2019-08-02T07:42:07Z</createDate>
    <cosponsors>
      <item>
        <firstName>Catherine</firstName>
        <isOriginalCosponsor>True</isOriginalCosponsor>
        <middleName />
        <fullName>Sen. Cortez Masto, Catherine  [D-NV]</fullName>
        <lastName>Cortez Masto</lastName>
        <identifiers>
          <lisID>2299</lisID>
          <gpoId />
          <bioguideId>C001113</bioguideId>
        </identifiers>
        <sponsorshipWithdrawnDate />
        <state>NV</state>
        <bioguideId>C001113</bioguideId>
        <party>D</party>
        <sponsorshipDate>2019-08-01</sponsorshipDate>
      </item>
      <item>
        <firstName>Cory</firstName>
        <isOriginalCosponsor>True</isOriginalCosponsor>
        <middleName />
        <fullName>Sen. Gardner, Cory [R-CO]</fullName>
        <lastName>Gardner</lastName>
        <identifiers>
          <bioguideId>G000562</bioguideId>
          <gpoId>7862</gpoId>
          <lisID>1998</lisID>
        </identifiers>
        <sponsorshipWithdrawnDate />
        <state>CO</state>
        <bioguideId>G000562</bioguideId>
        <party>R</party>
        <sponsorshipDate>2019-08-01</sponsorshipDate>
      </item>
      <item>
        <firstName>Chris</firstName>
        <isOriginalCosponsor>True</isOriginalCosponsor>
        <middleName />
        <fullName>Sen. Van Hollen, Chris [D-MD]</fullName>
        <lastName>Van Hollen</lastName>
        <identifiers>
          <bioguideId>V000128</bioguideId>
          <gpoId>7983</gpoId>
          <lisID>1729</lisID>
        </identifiers>
        <sponsorshipWithdrawnDate />
        <state>MD</state>
        <bioguideId>V000128</bioguideId>
        <party>D</party>
        <sponsorshipDate>2019-08-01</sponsorshipDate>
      </item>
      <item>
        <firstName>Marco</firstName>
        <isOriginalCosponsor>True</isOriginalCosponsor>
        <middleName />
        <fullName>Sen. Rubio, Marco [R-FL]</fullName>
        <lastName>Rubio</lastName>
        <identifiers>
          <lisID>2084</lisID>
          <gpoId>8242</gpoId>
          <bioguideId>R000595</bioguideId>
        </identifiers>
        <sponsorshipWithdrawnDate />
        <state>FL</state>
        <bioguideId>R000595</bioguideId>
        <party>R</party>
        <sponsorshipDate>2019-08-01</sponsorshipDate>
      </item>
      <item>
        <firstName>EDWARD</firstName>
        <isOriginalCosponsor>True</isOriginalCosponsor>
        <middleName>J.</middleName>
        <fullName>Sen. Markey, Edward J. [D-MA]</fullName>
        <lastName>MARKEY</lastName>
        <identifiers>
          <lisID>735</lisID>
          <gpoId>7972</gpoId>
          <bioguideId>M000133</bioguideId>
        </identifiers>
        <sponsorshipWithdrawnDate />
        <state>MA</state>
        <bioguideId>M000133</bioguideId>
        <party>D</party>
        <sponsorshipDate>2019-08-01</sponsorshipDate>
      </item>
      <item>
        <firstName>John</firstName>
        <isOriginalCosponsor>True</isOriginalCosponsor>
        <middleName />
        <fullName>Sen. Cornyn, John [R-TX]</fullName>
        <lastName>Cornyn</lastName>
        <identifiers>
          <bioguideId>C001056</bioguideId>
          <lisID>1692</lisID>
          <gpoId>8295</gpoId>
        </identifiers>
        <sponsorshipWithdrawnDate />
        <state>TX</state>
        <bioguideId>C001056</bioguideId>
        <party>R</party>
        <sponsorshipDate>2019-08-01</sponsorshipDate>
      </item>
      <item>
        <firstName>Marsha</firstName>
        <isOriginalCosponsor>True</isOriginalCosponsor>
        <middleName />
        <fullName>Sen. Blackburn, Marsha [R-TN]</fullName>
        <lastName>Blackburn</lastName>
        <identifiers>
          <bioguideId>B001243</bioguideId>
          <gpoId>8154</gpoId>
          <lisID>1748</lisID>
        </identifiers>
        <sponsorshipWithdrawnDate />
        <state>TN</state>
        <bioguideId>B001243</bioguideId>
        <party>R</party>
        <sponsorshipDate>2019-08-01</sponsorshipDate>
      </item>
      <item>
        <firstName>Mark</firstName>
        <isOriginalCosponsor>False</isOriginalCosponsor>
        <middleName>R.</middleName>
        <fullName>Sen. Warner, Mark R. [D-VA]</fullName>
        <lastName>Warner</lastName>
        <identifiers>
          <bioguideId>W000805</bioguideId>
          <gpoId>8269</gpoId>
          <lisID>1897</lisID>
        </identifiers>
        <sponsorshipWithdrawnDate />
        <state>VA</state>
        <bioguideId>W000805</bioguideId>
        <party>D</party>
        <sponsorshipDate>2019-09-09</sponsorshipDate>
      </item>
      <item>
        <firstName>Mike</firstName>
        <isOriginalCosponsor>False</isOriginalCosponsor>
        <middleName />
        <fullName>Sen. Rounds, Mike  [R-SD]</fullName>
        <lastName>Rounds</lastName>
        <identifiers>
          <lisID>2288</lisID>
          <gpoId />
          <bioguideId>R000605</bioguideId>
        </identifiers>
        <sponsorshipWithdrawnDate />
        <state>SD</state>
        <bioguideId>R000605</bioguideId>
        <party>R</party>
        <sponsorshipDate>2019-09-09</sponsorshipDate>
      </item>
      <item>
        <firstName>Mike</firstName>
        <isOriginalCosponsor>False</isOriginalCosponsor>
        <middleName />
        <fullName>Sen. Braun, Mike  [R-IN]</fullName>
        <lastName>Braun</lastName>
        <identifiers>
          <lisID>2462</lisID>
          <gpoId />
          <bioguideId>B001310</bioguideId>
        </identifiers>
        <sponsorshipWithdrawnDate />
        <state>IN</state>
        <bioguideId>B001310</bioguideId>
        <party>R</party>
        <sponsorshipDate>2019-09-09</sponsorshipDate>
      </item>
      <item>
        <firstName>BENJAMIN</firstName>
        <isOriginalCosponsor>False</isOriginalCosponsor>
        <middleName>L.</middleName>
        <fullName>Sen. Cardin, Benjamin L. [D-MD]</fullName>
        <lastName>CARDIN</lastName>
        <identifiers>
          <bioguideId>C000141</bioguideId>
          <gpoId>8287</gpoId>
          <lisID>174</lisID>
        </identifiers>
        <sponsorshipWithdrawnDate />
        <state>MD</state>
        <bioguideId>C000141</bioguideId>
        <party>D</party>
        <sponsorshipDate>2019-09-09</sponsorshipDate>
      </item>
      <item>
        <firstName>Joni</firstName>
        <isOriginalCosponsor>False</isOriginalCosponsor>
        <middleName />
        <fullName>Sen. Ernst, Joni  [R-IA]</fullName>
        <lastName>Ernst</lastName>
        <identifiers>
          <bioguideId>E000295</bioguideId>
          <gpoId />
          <lisID>2283</lisID>
        </identifiers>
        <sponsorshipWithdrawnDate />
        <state>IA</state>
        <bioguideId>E000295</bioguideId>
        <party>R</party>
        <sponsorshipDate>2019-09-17</sponsorshipDate>
      </item>
      <item>
        <firstName>ROB</firstName>
        <isOriginalCosponsor>False</isOriginalCosponsor>
        <middleName />
        <fullName>Sen. Portman, Rob [R-OH]</fullName>
        <lastName>PORTMAN</lastName>
        <identifiers>
          <bioguideId>P000449</bioguideId>
          <gpoId>8266</gpoId>
          <lisID>924</lisID>
        </identifiers>
        <sponsorshipWithdrawnDate />
        <state>OH</state>
        <bioguideId>P000449</bioguideId>
        <party>R</party>
        <sponsorshipDate>2019-09-18</sponsorshipDate>
      </item>
      <item>
        <firstName>Tom</firstName>
        <isOriginalCosponsor>False</isOriginalCosponsor>
        <middleName />
        <fullName>Sen. Cotton, Tom [R-AR]</fullName>
        <lastName>Cotton</lastName>
        <identifiers>
          <bioguideId>C001095</bioguideId>
          <lisID>2098</lisID>
          <gpoId />
        </identifiers>
        <sponsorshipWithdrawnDate />
        <state>AR</state>
        <bioguideId>C001095</bioguideId>
        <party>R</party>
        <sponsorshipDate>2019-09-23</sponsorshipDate>
      </item>
      <item>
        <firstName>John</firstName>
        <isOriginalCosponsor>False</isOriginalCosponsor>
        <middleName>Neely</middleName>
        <fullName>Sen. Kennedy, John [R-LA]</fullName>
        <lastName>Kennedy</lastName>
        <identifiers>
          <lisID>2303</lisID>
          <gpoId />
          <bioguideId>K000393</bioguideId>
        </identifiers>
        <sponsorshipWithdrawnDate />
        <state>LA</state>
        <bioguideId>K000393</bioguideId>
        <party>R</party>
        <sponsorshipDate>2019-09-23</sponsorshipDate>
      </item>
      <item>
        <firstName>ROGER</firstName>
        <isOriginalCosponsor>False</isOriginalCosponsor>
        <middleName>F.</middleName>
        <fullName>Sen. Wicker, Roger F. [R-MS]</fullName>
        <lastName>WICKER</lastName>
        <identifiers>
          <bioguideId>W000437</bioguideId>
          <gpoId>8263</gpoId>
          <lisID>1226</lisID>
        </identifiers>
        <sponsorshipWithdrawnDate />
        <state>MS</state>
        <bioguideId>W000437</bioguideId>
        <party>R</party>
        <sponsorshipDate>2019-10-16</sponsorshipDate>
      </item>
      <item>
        <firstName>Johnny</firstName>
        <isOriginalCosponsor>False</isOriginalCosponsor>
        <middleName />
        <fullName>Sen. Isakson, Johnny [R-GA]</fullName>
        <lastName>Isakson</lastName>
        <identifiers>
          <bioguideId>I000055</bioguideId>
          <lisID>1608</lisID>
          <gpoId>8323</gpoId>
        </identifiers>
        <sponsorshipWithdrawnDate />
        <state>GA</state>
        <bioguideId>I000055</bioguideId>
        <party>R</party>
        <sponsorshipDate>2019-10-23</sponsorshipDate>
      </item>
      <item>
        <firstName>Bob</firstName>
        <isOriginalCosponsor>False</isOriginalCosponsor>
        <middleName />
        <fullName>Sen. Casey, Robert P., Jr. [D-PA]</fullName>
        <lastName>Casey</lastName>
        <identifiers>
          <bioguideId>C001070</bioguideId>
          <gpoId>8282</gpoId>
          <lisID>1828</lisID>
        </identifiers>
        <sponsorshipWithdrawnDate />
        <state>PA</state>
        <bioguideId>C001070</bioguideId>
        <party>D</party>
        <sponsorshipDate>2019-10-23</sponsorshipDate>
      </item>
    </cosponsors>
    <originChamber>Senate</originChamber>
    <amendments />
    <updateDate>2019-11-15T21:56:33Z</updateDate>
    <relatedBills>
      <item>
        <number>141</number>
        <congress>116</congress>
        <type>HRES</type>
        <latestAction>
          <actionDate>2019-02-22</actionDate>
          <text>Referred to the House Committee on Foreign Affairs.</text>
        </latestAction>
        <latestTitle>Calling upon the leadership of the Government of the Democratic People's Republic of Korea to dismantle its labor camp system, and for other purposes.</latestTitle>
        <relationshipDetails>
          <item>
            <type>Related bill</type>
            <identifiedBy>CRS</identifiedBy>
          </item>
        </relationshipDetails>
      </item>
      <item>
        <number>115</number>
        <congress>116</congress>
        <type>HRES</type>
        <latestAction>
          <actionDate>2019-02-08</actionDate>
          <text>Referred to the House Committee on Foreign Affairs.</text>
        </latestAction>
        <latestTitle>Calling upon the leadership of the Government of the Democratic People's Republic of Korea to dismantle its labor camp system, and for other purposes.</latestTitle>
        <relationshipDetails>
          <item>
            <type>Related bill</type>
            <identifiedBy>CRS</identifiedBy>
          </item>
        </relationshipDetails>
      </item>
    </relatedBills>
    <latestAction>
      <text>Referred to the Committee on Foreign Relations. (text: CR S5315-5316)</text>
      <actionDate>2019-08-01</actionDate>
      <links />
    </latestAction>
    <introducedDate>2019-08-01</introducedDate>
    <laws />
    <subjects>
      <billSubjects>
        <legislativeSubjects>
          <item>
            <name>Asia</name>
          </item>
          <item>
            <name>Criminal investigation, prosecution, interrogation</name>
          </item>
          <item>
            <name>Detention of persons</name>
          </item>
          <item>
            <name>Foreign aid and international relief</name>
          </item>
          <item>
            <name>Human rights</name>
          </item>
          <item>
            <name>International organizations and cooperation</name>
          </item>
          <item>
            <name>Labor standards</name>
          </item>
          <item>
            <name>North Korea</name>
          </item>
          <item>
            <name>Protest and dissent</name>
          </item>
          <item>
            <name>Religion</name>
          </item>
          <item>
            <name>Sanctions</name>
          </item>
          <item>
            <name>Trade restrictions</name>
          </item>
          <item>
            <name>United Nations</name>
          </item>
          <item>
            <name>War crimes, genocide, crimes against humanity</name>
          </item>
        </legislativeSubjects>
        <policyArea>
          <name>International Affairs</name>
        </policyArea>
      </billSubjects>
    </subjects>
    <calendarNumbers />
    <textVersions>
      <item>
        <type>Introduced in Senate</type>
        <date>2019-08-01T04:00:00Z</date>
        <formats>
          <item>
            <url>https://www.govinfo.gov/content/pkg/BILLS-116sres303is/xml/BILLS-116sres303is.xml</url>
          </item>
        </formats>
      </item>
    </textVersions>
    <version>1.0.0</version>
    <policyArea>
      <name>International Affairs</name>
    </policyArea>
    <recordedVotes />
    <sponsors>
      <item>
        <bioguideId>H001089</bioguideId>
        <state>MO</state>
        <party>R</party>
        <fullName>Sen. Hawley, Josh  [R-MO]</fullName>
        <firstName>Josh</firstName>
        <lastName>Hawley</lastName>
        <byRequestType />
        <middleName />
        <identifiers>
          <lisID>2464</lisID>
          <gpoId />
          <bioguideId>H001089</bioguideId>
        </identifiers>
      </item>
    </sponsors>
    <billType>SRES</billType>
    <title>A resolution calling upon the leadership of the Government of the Democratic People's Republic of Korea to dismantle its kwan-li-so political prison labor camp system, and for other purposes.</title>
    <congress>116</congress>
    <committees>
      <billCommittees>
        <item>
          <type>Standing</type>
          <name>Foreign Relations Committee</name>
          <activities>
            <item>
              <date>2019-08-01T17:40:29Z</date>
              <name>Referred to</name>
            </item>
          </activities>
          <subcommittees />
          <systemCode>ssfr00</systemCode>
          <chamber>Senate</chamber>
        </item>
      </billCommittees>
    </committees>
    <actions>
      <actionTypeCounts>
        <introducedInSenate>1</introducedInSenate>
        <referredToCommittee>1</referredToCommittee>
      </actionTypeCounts>
      <item>
        <actionDate>2019-08-01</actionDate>
        <committee>
          <systemCode>ssfr00</systemCode>
          <name>Foreign Relations Committee</name>
        </committee>
        <links>
          <link>
            <url>https://www.congress.gov/congressional-record/volume-165/senate-section/page/S5315-5316</url>
            <name>S5315-5316</name>
          </link>
        </links>
        <sourceSystem>
          <code>0</code>
          <name>Senate</name>
        </sourceSystem>
        <text>Referred to the Committee on Foreign Relations. (text: CR S5315-5316)</text>
        <type>IntroReferral</type>
      </item>
      <item>
        <actionCode>10000</actionCode>
        <text>Introduced in Senate</text>
        <sourceSystem>
          <code>9</code>
          <name>Library of Congress</name>
        </sourceSystem>
        <actionDate>2019-08-01</actionDate>
        <type>IntroReferral</type>
        <links />
        <committee />
      </item>
      <actionByCounts>
        <senate>2</senate>
      </actionByCounts>
    </actions>
    <titles>
      <item>
        <chamberName />
        <title>A resolution calling upon the leadership of the Government of the Democratic People's Republic of Korea to dismantle its kwan-li-so political prison labor camp system, and for other purposes.</title>
        <parentTitleType />
        <titleType>Official Title as Introduced</titleType>
        <chamberCode />
      </item>
      <item>
        <chamberName />
        <title>A resolution calling upon the leadership of the Government of the Democratic People's Republic of Korea to dismantle its kwan-li-so political prison labor camp system, and for other purposes.</title>
        <parentTitleType />
        <titleType>Display Title</titleType>
        <chamberCode />
      </item>
    </titles>
  </bill>
  <dublinCore xmlns:dc="http://purl.org/dc/elements/1.1/">
    <dc:format>text/xml</dc:format>
    <dc:language>EN</dc:language>
    <dc:rights>Pursuant to Title 17 Section 105 of the United States Code, this file is not subject to copyright protection and is in the public domain.</dc:rights>
    <dc:contributor>Congressional Research Service, Library of Congress</dc:contributor>
    <dc:description>This file contains bill summaries and statuses for federal legislation. A bill summary describes the most significant provisions of a piece of legislation and details the effects the legislative text may have on current law and federal programs. Bill summaries are authored by the Congressional Research Service (CRS) of the Library of Congress. As stated in Public Law 91-510 (2 USC 166 (d)(6)), one of the duties of CRS is "to prepare summaries and digests of bills and resolutions of a public general nature introduced in the Senate or House of Representatives". For more information, refer to the User Guide that accompanies this file.</dc:description>
  </dublinCore>
</billStatus>

