<?xml version="1.0" encoding="UTF-8"?>
<billStatus>
  <bill>
    <introducedDate>2019-05-02</introducedDate>
    <congress>116</congress>
    <cosponsors>
      <item>
        <lastName>Kaine</lastName>
        <party>D</party>
        <identifiers>
          <lisID>2176</lisID>
          <bioguideId>K000384</bioguideId>
          <gpoId />
        </identifiers>
        <fullName>Sen. Kaine, Tim [D-VA]</fullName>
        <firstName>Timothy</firstName>
        <bioguideId>K000384</bioguideId>
        <sponsorshipWithdrawnDate />
        <sponsorshipDate>2019-05-02</sponsorshipDate>
        <middleName />
        <state>VA</state>
        <isOriginalCosponsor>True</isOriginalCosponsor>
      </item>
      <item>
        <lastName>Cramer</lastName>
        <party>R</party>
        <identifiers>
          <lisID>2144</lisID>
          <gpoId />
          <bioguideId>C001096</bioguideId>
        </identifiers>
        <fullName>Sen. Cramer, Kevin [R-ND]</fullName>
        <firstName>Kevin</firstName>
        <bioguideId>C001096</bioguideId>
        <sponsorshipWithdrawnDate />
        <sponsorshipDate>2019-05-02</sponsorshipDate>
        <middleName />
        <state>ND</state>
        <isOriginalCosponsor>True</isOriginalCosponsor>
      </item>
      <item>
        <lastName>Rosen</lastName>
        <party>D</party>
        <identifiers>
          <lisID>2339</lisID>
          <bioguideId>R000608</bioguideId>
          <gpoId />
        </identifiers>
        <fullName>Sen. Rosen, Jacky [D-NV]</fullName>
        <firstName>Jacklyn</firstName>
        <bioguideId>R000608</bioguideId>
        <sponsorshipWithdrawnDate />
        <sponsorshipDate>2019-05-02</sponsorshipDate>
        <middleName />
        <state>NV</state>
        <isOriginalCosponsor>True</isOriginalCosponsor>
      </item>
      <item>
        <lastName>Young</lastName>
        <party>R</party>
        <identifiers>
          <gpoId>7948</gpoId>
          <bioguideId>Y000064</bioguideId>
          <lisID>2019</lisID>
        </identifiers>
        <fullName>Sen. Young, Todd [R-IN]</fullName>
        <firstName>Todd</firstName>
        <bioguideId>Y000064</bioguideId>
        <sponsorshipWithdrawnDate />
        <sponsorshipDate>2019-05-02</sponsorshipDate>
        <middleName />
        <state>IN</state>
        <isOriginalCosponsor>True</isOriginalCosponsor>
      </item>
      <item>
        <lastName>Coons</lastName>
        <party>D</party>
        <identifiers>
          <gpoId>8297</gpoId>
          <lisID>1984</lisID>
          <bioguideId>C001088</bioguideId>
        </identifiers>
        <fullName>Sen. Coons, Christopher A. [D-DE]</fullName>
        <firstName>Christopher</firstName>
        <bioguideId>C001088</bioguideId>
        <sponsorshipWithdrawnDate />
        <sponsorshipDate>2019-05-02</sponsorshipDate>
        <middleName>A.</middleName>
        <state>DE</state>
        <isOriginalCosponsor>True</isOriginalCosponsor>
      </item>
      <item>
        <lastName>Rubio</lastName>
        <party>R</party>
        <identifiers>
          <lisID>2084</lisID>
          <gpoId>8242</gpoId>
          <bioguideId>R000595</bioguideId>
        </identifiers>
        <fullName>Sen. Rubio, Marco [R-FL]</fullName>
        <firstName>Marco</firstName>
        <bioguideId>R000595</bioguideId>
        <sponsorshipWithdrawnDate />
        <sponsorshipDate>2019-05-02</sponsorshipDate>
        <middleName />
        <state>FL</state>
        <isOriginalCosponsor>True</isOriginalCosponsor>
      </item>
      <item>
        <lastName>Cortez Masto</lastName>
        <party>D</party>
        <identifiers>
          <bioguideId>C001113</bioguideId>
          <gpoId />
          <lisID>2299</lisID>
        </identifiers>
        <fullName>Sen. Cortez Masto, Catherine  [D-NV]</fullName>
        <firstName>Catherine</firstName>
        <bioguideId>C001113</bioguideId>
        <sponsorshipWithdrawnDate />
        <sponsorshipDate>2019-05-02</sponsorshipDate>
        <middleName />
        <state>NV</state>
        <isOriginalCosponsor>True</isOriginalCosponsor>
      </item>
      <item>
        <lastName>Cotton</lastName>
        <party>R</party>
        <identifiers>
          <gpoId />
          <lisID>2098</lisID>
          <bioguideId>C001095</bioguideId>
        </identifiers>
        <fullName>Sen. Cotton, Tom [R-AR]</fullName>
        <firstName>Tom</firstName>
        <bioguideId>C001095</bioguideId>
        <sponsorshipWithdrawnDate />
        <sponsorshipDate>2019-05-02</sponsorshipDate>
        <middleName />
        <state>AR</state>
        <isOriginalCosponsor>True</isOriginalCosponsor>
      </item>
      <item>
        <lastName>Shaheen</lastName>
        <party>D</party>
        <identifiers>
          <bioguideId>S001181</bioguideId>
          <gpoId>8276</gpoId>
          <lisID>1901</lisID>
        </identifiers>
        <fullName>Sen. Shaheen, Jeanne [D-NH]</fullName>
        <firstName>Jeanne</firstName>
        <bioguideId>S001181</bioguideId>
        <sponsorshipWithdrawnDate />
        <sponsorshipDate>2019-05-02</sponsorshipDate>
        <middleName />
        <state>NH</state>
        <isOriginalCosponsor>True</isOriginalCosponsor>
      </item>
      <item>
        <lastName>INHOFE</lastName>
        <party>R</party>
        <identifiers>
          <lisID>583</lisID>
          <bioguideId>I000024</bioguideId>
          <gpoId>8322</gpoId>
        </identifiers>
        <fullName>Sen. Inhofe, James M. [R-OK]</fullName>
        <firstName>JIM</firstName>
        <bioguideId>I000024</bioguideId>
        <sponsorshipWithdrawnDate />
        <sponsorshipDate>2019-05-02</sponsorshipDate>
        <middleName />
        <state>OK</state>
        <isOriginalCosponsor>True</isOriginalCosponsor>
      </item>
      <item>
        <lastName>Kennedy</lastName>
        <party>R</party>
        <identifiers>
          <lisID>2303</lisID>
          <gpoId />
          <bioguideId>K000393</bioguideId>
        </identifiers>
        <fullName>Sen. Kennedy, John [R-LA]</fullName>
        <firstName>John</firstName>
        <bioguideId>K000393</bioguideId>
        <sponsorshipWithdrawnDate />
        <sponsorshipDate>2019-05-02</sponsorshipDate>
        <middleName>Neely</middleName>
        <state>LA</state>
        <isOriginalCosponsor>True</isOriginalCosponsor>
      </item>
      <item>
        <lastName>Hawley</lastName>
        <party>R</party>
        <identifiers>
          <lisID>2464</lisID>
          <bioguideId>H001089</bioguideId>
          <gpoId />
        </identifiers>
        <fullName>Sen. Hawley, Josh  [R-MO]</fullName>
        <firstName>Josh</firstName>
        <bioguideId>H001089</bioguideId>
        <sponsorshipWithdrawnDate />
        <sponsorshipDate>2019-05-02</sponsorshipDate>
        <middleName />
        <state>MO</state>
        <isOriginalCosponsor>True</isOriginalCosponsor>
      </item>
      <item>
        <lastName>Hyde-Smith</lastName>
        <party>R</party>
        <identifiers>
          <lisID>2366</lisID>
          <bioguideId>H001079</bioguideId>
          <gpoId />
        </identifiers>
        <fullName>Sen. Hyde-Smith, Cindy [R-MS]</fullName>
        <firstName>Cindy</firstName>
        <bioguideId>H001079</bioguideId>
        <sponsorshipWithdrawnDate />
        <sponsorshipDate>2019-05-02</sponsorshipDate>
        <middleName />
        <state>MS</state>
        <isOriginalCosponsor>True</isOriginalCosponsor>
      </item>
      <item>
        <lastName>Braun</lastName>
        <party>R</party>
        <identifiers>
          <gpoId />
          <lisID>2462</lisID>
          <bioguideId>B001310</bioguideId>
        </identifiers>
        <fullName>Sen. Braun, Mike  [R-IN]</fullName>
        <firstName>Mike</firstName>
        <bioguideId>B001310</bioguideId>
        <sponsorshipWithdrawnDate />
        <sponsorshipDate>2019-05-02</sponsorshipDate>
        <middleName />
        <state>IN</state>
        <isOriginalCosponsor>True</isOriginalCosponsor>
      </item>
      <item>
        <lastName>Barrasso</lastName>
        <party>R</party>
        <identifiers>
          <lisID>1881</lisID>
          <bioguideId>B001261</bioguideId>
          <gpoId>8300</gpoId>
        </identifiers>
        <fullName>Sen. Barrasso, John [R-WY]</fullName>
        <firstName>John</firstName>
        <bioguideId>B001261</bioguideId>
        <sponsorshipWithdrawnDate />
        <sponsorshipDate>2019-05-02</sponsorshipDate>
        <middleName />
        <state>WY</state>
        <isOriginalCosponsor>True</isOriginalCosponsor>
      </item>
      <item>
        <lastName>CRAPO</lastName>
        <party>R</party>
        <identifiers>
          <lisID>250</lisID>
          <bioguideId>C000880</bioguideId>
          <gpoId>8289</gpoId>
        </identifiers>
        <fullName>Sen. Crapo, Mike [R-ID]</fullName>
        <firstName>MICHAEL</firstName>
        <bioguideId>C000880</bioguideId>
        <sponsorshipWithdrawnDate />
        <sponsorshipDate>2019-05-02</sponsorshipDate>
        <middleName>D.</middleName>
        <state>ID</state>
        <isOriginalCosponsor>True</isOriginalCosponsor>
      </item>
      <item>
        <lastName>Risch</lastName>
        <party>R</party>
        <identifiers>
          <lisID>1896</lisID>
          <bioguideId>R000584</bioguideId>
          <gpoId>8274</gpoId>
        </identifiers>
        <fullName>Sen. Risch, James E. [R-ID]</fullName>
        <firstName>James</firstName>
        <bioguideId>R000584</bioguideId>
        <sponsorshipWithdrawnDate />
        <sponsorshipDate>2019-05-02</sponsorshipDate>
        <middleName>E.</middleName>
        <state>ID</state>
        <isOriginalCosponsor>True</isOriginalCosponsor>
      </item>
      <item>
        <lastName>Scott</lastName>
        <party>R</party>
        <identifiers>
          <gpoId />
          <lisID>2470</lisID>
          <bioguideId>S001217</bioguideId>
        </identifiers>
        <fullName>Sen. Scott, Rick  [R-FL]</fullName>
        <firstName>Rick</firstName>
        <bioguideId>S001217</bioguideId>
        <sponsorshipWithdrawnDate />
        <sponsorshipDate>2019-05-02</sponsorshipDate>
        <middleName />
        <state>FL</state>
        <isOriginalCosponsor>True</isOriginalCosponsor>
      </item>
      <item>
        <lastName>Tillis</lastName>
        <party>R</party>
        <identifiers>
          <gpoId />
          <lisID>2291</lisID>
          <bioguideId>T000476</bioguideId>
        </identifiers>
        <fullName>Sen. Tillis, Thom [R-NC]</fullName>
        <firstName>Thomas</firstName>
        <bioguideId>T000476</bioguideId>
        <sponsorshipWithdrawnDate />
        <sponsorshipDate>2019-05-02</sponsorshipDate>
        <middleName>Roland</middleName>
        <state>NC</state>
        <isOriginalCosponsor>True</isOriginalCosponsor>
      </item>
      <item>
        <lastName>Cassidy</lastName>
        <party>R</party>
        <identifiers>
          <lisID>1925</lisID>
          <bioguideId>C001075</bioguideId>
          <gpoId>7964</gpoId>
        </identifiers>
        <fullName>Sen. Cassidy, Bill [R-LA]</fullName>
        <firstName>Bill</firstName>
        <bioguideId>C001075</bioguideId>
        <sponsorshipWithdrawnDate />
        <sponsorshipDate>2019-05-02</sponsorshipDate>
        <middleName />
        <state>LA</state>
        <isOriginalCosponsor>True</isOriginalCosponsor>
      </item>
      <item>
        <lastName>Cornyn</lastName>
        <party>R</party>
        <identifiers>
          <bioguideId>C001056</bioguideId>
          <lisID>1692</lisID>
          <gpoId>8295</gpoId>
        </identifiers>
        <fullName>Sen. Cornyn, John [R-TX]</fullName>
        <firstName>John</firstName>
        <bioguideId>C001056</bioguideId>
        <sponsorshipWithdrawnDate />
        <sponsorshipDate>2019-05-02</sponsorshipDate>
        <middleName />
        <state>TX</state>
        <isOriginalCosponsor>True</isOriginalCosponsor>
      </item>
      <item>
        <lastName>Hoeven</lastName>
        <party>R</party>
        <identifiers>
          <bioguideId>H001061</bioguideId>
          <lisID>2079</lisID>
          <gpoId>8331</gpoId>
        </identifiers>
        <fullName>Sen. Hoeven, John [R-ND]</fullName>
        <firstName>John</firstName>
        <bioguideId>H001061</bioguideId>
        <sponsorshipWithdrawnDate />
        <sponsorshipDate>2019-05-02</sponsorshipDate>
        <middleName />
        <state>ND</state>
        <isOriginalCosponsor>True</isOriginalCosponsor>
      </item>
      <item>
        <lastName>Isakson</lastName>
        <party>R</party>
        <identifiers>
          <lisID>1608</lisID>
          <bioguideId>I000055</bioguideId>
          <gpoId>8323</gpoId>
        </identifiers>
        <fullName>Sen. Isakson, Johnny [R-GA]</fullName>
        <firstName>Johnny</firstName>
        <bioguideId>I000055</bioguideId>
        <sponsorshipWithdrawnDate />
        <sponsorshipDate>2019-05-02</sponsorshipDate>
        <middleName />
        <state>GA</state>
        <isOriginalCosponsor>True</isOriginalCosponsor>
      </item>
      <item>
        <lastName>Blunt</lastName>
        <party>R</party>
        <identifiers>
          <lisID>1464</lisID>
          <gpoId>8313</gpoId>
          <bioguideId>B000575</bioguideId>
        </identifiers>
        <fullName>Sen. Blunt, Roy [R-MO]</fullName>
        <firstName>Roy</firstName>
        <bioguideId>B000575</bioguideId>
        <sponsorshipWithdrawnDate />
        <sponsorshipDate>2019-05-02</sponsorshipDate>
        <middleName />
        <state>MO</state>
        <isOriginalCosponsor>True</isOriginalCosponsor>
      </item>
      <item>
        <lastName>Romney</lastName>
        <party>R</party>
        <identifiers>
          <bioguideId>R000615</bioguideId>
          <gpoId />
          <lisID>2466</lisID>
        </identifiers>
        <fullName>Sen. Romney, Mitt  [R-UT]</fullName>
        <firstName>Mitt</firstName>
        <bioguideId>R000615</bioguideId>
        <sponsorshipWithdrawnDate />
        <sponsorshipDate>2019-05-02</sponsorshipDate>
        <middleName />
        <state>UT</state>
        <isOriginalCosponsor>True</isOriginalCosponsor>
      </item>
      <item>
        <lastName>Blackburn</lastName>
        <party>R</party>
        <identifiers>
          <lisID>1748</lisID>
          <bioguideId>B001243</bioguideId>
          <gpoId>8154</gpoId>
        </identifiers>
        <fullName>Sen. Blackburn, Marsha [R-TN]</fullName>
        <firstName>Marsha</firstName>
        <bioguideId>B001243</bioguideId>
        <sponsorshipWithdrawnDate />
        <sponsorshipDate>2019-05-02</sponsorshipDate>
        <middleName />
        <state>TN</state>
        <isOriginalCosponsor>True</isOriginalCosponsor>
      </item>
      <item>
        <lastName>Moran</lastName>
        <party>R</party>
        <identifiers>
          <lisID>1507</lisID>
          <bioguideId>M000934</bioguideId>
          <gpoId>8307</gpoId>
        </identifiers>
        <fullName>Sen. Moran, Jerry [R-KS]</fullName>
        <firstName>Jerry</firstName>
        <bioguideId>M000934</bioguideId>
        <sponsorshipWithdrawnDate />
        <sponsorshipDate>2019-05-02</sponsorshipDate>
        <middleName />
        <state>KS</state>
        <isOriginalCosponsor>True</isOriginalCosponsor>
      </item>
      <item>
        <lastName>COLLINS</lastName>
        <party>R</party>
        <identifiers>
          <gpoId>8291</gpoId>
          <bioguideId>C001035</bioguideId>
          <lisID>1541</lisID>
        </identifiers>
        <fullName>Sen. Collins, Susan M. [R-ME]</fullName>
        <firstName>SUSAN</firstName>
        <bioguideId>C001035</bioguideId>
        <sponsorshipWithdrawnDate />
        <sponsorshipDate>2019-05-02</sponsorshipDate>
        <middleName>MARGARET</middleName>
        <state>ME</state>
        <isOriginalCosponsor>True</isOriginalCosponsor>
      </item>
      <item>
        <lastName>Rounds</lastName>
        <party>R</party>
        <identifiers>
          <gpoId />
          <lisID>2288</lisID>
          <bioguideId>R000605</bioguideId>
        </identifiers>
        <fullName>Sen. Rounds, Mike  [R-SD]</fullName>
        <firstName>Mike</firstName>
        <bioguideId>R000605</bioguideId>
        <sponsorshipWithdrawnDate />
        <sponsorshipDate>2019-05-02</sponsorshipDate>
        <middleName />
        <state>SD</state>
        <isOriginalCosponsor>True</isOriginalCosponsor>
      </item>
      <item>
        <lastName>WICKER</lastName>
        <party>R</party>
        <identifiers>
          <gpoId>8263</gpoId>
          <lisID>1226</lisID>
          <bioguideId>W000437</bioguideId>
        </identifiers>
        <fullName>Sen. Wicker, Roger F. [R-MS]</fullName>
        <firstName>ROGER</firstName>
        <bioguideId>W000437</bioguideId>
        <sponsorshipWithdrawnDate />
        <sponsorshipDate>2019-05-02</sponsorshipDate>
        <middleName>F.</middleName>
        <state>MS</state>
        <isOriginalCosponsor>True</isOriginalCosponsor>
      </item>
      <item>
        <lastName>Fischer</lastName>
        <party>R</party>
        <identifiers>
          <lisID>2179</lisID>
          <bioguideId>F000463</bioguideId>
          <gpoId />
        </identifiers>
        <fullName>Sen. Fischer, Deb [R-NE]</fullName>
        <firstName>Deb</firstName>
        <bioguideId>F000463</bioguideId>
        <sponsorshipWithdrawnDate />
        <sponsorshipDate>2019-05-02</sponsorshipDate>
        <middleName />
        <state>NE</state>
        <isOriginalCosponsor>True</isOriginalCosponsor>
      </item>
      <item>
        <lastName>Ernst</lastName>
        <party>R</party>
        <identifiers>
          <lisID>2283</lisID>
          <gpoId />
          <bioguideId>E000295</bioguideId>
        </identifiers>
        <fullName>Sen. Ernst, Joni  [R-IA]</fullName>
        <firstName>Joni</firstName>
        <bioguideId>E000295</bioguideId>
        <sponsorshipWithdrawnDate />
        <sponsorshipDate>2019-05-02</sponsorshipDate>
        <middleName />
        <state>IA</state>
        <isOriginalCosponsor>True</isOriginalCosponsor>
      </item>
      <item>
        <lastName>ROBERTS</lastName>
        <party>R</party>
        <identifiers>
          <lisID>968</lisID>
          <bioguideId>R000307</bioguideId>
          <gpoId>8275</gpoId>
        </identifiers>
        <fullName>Sen. Roberts, Pat [R-KS]</fullName>
        <firstName>PAT</firstName>
        <bioguideId>R000307</bioguideId>
        <sponsorshipWithdrawnDate />
        <sponsorshipDate>2019-05-02</sponsorshipDate>
        <middleName />
        <state>KS</state>
        <isOriginalCosponsor>True</isOriginalCosponsor>
      </item>
      <item>
        <lastName>GRAHAM</lastName>
        <party>R</party>
        <identifiers>
          <bioguideId>G000359</bioguideId>
          <gpoId>8335</gpoId>
          <lisID>452</lisID>
        </identifiers>
        <fullName>Sen. Graham, Lindsey [R-SC]</fullName>
        <firstName>LINDSEY</firstName>
        <bioguideId>G000359</bioguideId>
        <sponsorshipWithdrawnDate />
        <sponsorshipDate>2019-05-02</sponsorshipDate>
        <middleName>O.</middleName>
        <state>SC</state>
        <isOriginalCosponsor>True</isOriginalCosponsor>
      </item>
      <item>
        <lastName>Daines</lastName>
        <party>R</party>
        <identifiers>
          <lisID>2138</lisID>
          <bioguideId>D000618</bioguideId>
          <gpoId />
        </identifiers>
        <fullName>Sen. Daines, Steve [R-MT]</fullName>
        <firstName>Steve</firstName>
        <bioguideId>D000618</bioguideId>
        <sponsorshipWithdrawnDate />
        <sponsorshipDate>2019-05-02</sponsorshipDate>
        <middleName />
        <state>MT</state>
        <isOriginalCosponsor>True</isOriginalCosponsor>
      </item>
      <item>
        <lastName>McSally</lastName>
        <party>R</party>
        <identifiers>
          <lisID>2225</lisID>
          <bioguideId>M001197</bioguideId>
          <gpoId />
        </identifiers>
        <fullName>Sen. McSally, Martha [R-AZ]</fullName>
        <firstName>Martha</firstName>
        <bioguideId>M001197</bioguideId>
        <sponsorshipWithdrawnDate />
        <sponsorshipDate>2019-05-02</sponsorshipDate>
        <middleName />
        <state>AZ</state>
        <isOriginalCosponsor>True</isOriginalCosponsor>
      </item>
      <item>
        <lastName>Boozman</lastName>
        <party>R</party>
        <identifiers>
          <lisID>1687</lisID>
          <bioguideId>B001236</bioguideId>
          <gpoId>8247</gpoId>
        </identifiers>
        <fullName>Sen. Boozman, John [R-AR]</fullName>
        <firstName>John</firstName>
        <bioguideId>B001236</bioguideId>
        <sponsorshipWithdrawnDate />
        <sponsorshipDate>2019-05-02</sponsorshipDate>
        <middleName />
        <state>AR</state>
        <isOriginalCosponsor>True</isOriginalCosponsor>
      </item>
      <item>
        <lastName>Toomey</lastName>
        <party>R</party>
        <identifiers>
          <lisID>1594</lisID>
          <gpoId />
          <bioguideId>T000461</bioguideId>
        </identifiers>
        <fullName>Sen. Toomey, Pat [R-PA]</fullName>
        <firstName>Pat</firstName>
        <bioguideId>T000461</bioguideId>
        <sponsorshipWithdrawnDate />
        <sponsorshipDate>2019-05-02</sponsorshipDate>
        <middleName />
        <state>PA</state>
        <isOriginalCosponsor>True</isOriginalCosponsor>
      </item>
      <item>
        <lastName>CAPITO</lastName>
        <party>R</party>
        <identifiers>
          <bioguideId>C001047</bioguideId>
          <lisID>1676</lisID>
          <gpoId>8223</gpoId>
        </identifiers>
        <fullName>Sen. Capito, Shelley Moore [R-WV]</fullName>
        <firstName>SHELLEY</firstName>
        <bioguideId>C001047</bioguideId>
        <sponsorshipWithdrawnDate />
        <sponsorshipDate>2019-05-02</sponsorshipDate>
        <middleName>MOORE</middleName>
        <state>WV</state>
        <isOriginalCosponsor>True</isOriginalCosponsor>
      </item>
      <item>
        <lastName>GRASSLEY</lastName>
        <party>R</party>
        <identifiers>
          <lisID>457</lisID>
          <bioguideId>G000386</bioguideId>
          <gpoId>8316</gpoId>
        </identifiers>
        <fullName>Sen. Grassley, Chuck [R-IA]</fullName>
        <firstName>CHARLES</firstName>
        <bioguideId>G000386</bioguideId>
        <sponsorshipWithdrawnDate />
        <sponsorshipDate>2019-05-02</sponsorshipDate>
        <middleName>ERNEST</middleName>
        <state>IA</state>
        <isOriginalCosponsor>True</isOriginalCosponsor>
      </item>
      <item>
        <lastName>Perdue</lastName>
        <party>R</party>
        <identifiers>
          <lisID>2286</lisID>
          <bioguideId>P000612</bioguideId>
          <gpoId />
        </identifiers>
        <fullName>Sen. Perdue, David [R-GA]</fullName>
        <firstName>David</firstName>
        <bioguideId>P000612</bioguideId>
        <sponsorshipWithdrawnDate />
        <sponsorshipDate>2019-05-02</sponsorshipDate>
        <middleName>Alfred</middleName>
        <state>GA</state>
        <isOriginalCosponsor>True</isOriginalCosponsor>
      </item>
      <item>
        <lastName>Sullivan</lastName>
        <party>R</party>
        <identifiers>
          <lisID>2290</lisID>
          <bioguideId>S001198</bioguideId>
          <gpoId />
        </identifiers>
        <fullName>Sen. Sullivan, Dan  [R-AK]</fullName>
        <firstName>Dan</firstName>
        <bioguideId>S001198</bioguideId>
        <sponsorshipWithdrawnDate />
        <sponsorshipDate>2019-05-02</sponsorshipDate>
        <middleName />
        <state>AK</state>
        <isOriginalCosponsor>True</isOriginalCosponsor>
      </item>
      <item>
        <lastName>Lankford</lastName>
        <party>R</party>
        <identifiers>
          <lisID>2050</lisID>
          <bioguideId>L000575</bioguideId>
          <gpoId>8113</gpoId>
        </identifiers>
        <fullName>Sen. Lankford, James [R-OK]</fullName>
        <firstName>James</firstName>
        <bioguideId>L000575</bioguideId>
        <sponsorshipWithdrawnDate />
        <sponsorshipDate>2019-05-02</sponsorshipDate>
        <middleName />
        <state>OK</state>
        <isOriginalCosponsor>True</isOriginalCosponsor>
      </item>
      <item>
        <lastName>ENZI</lastName>
        <party>R</party>
        <identifiers>
          <gpoId>8328</gpoId>
          <lisID>1542</lisID>
          <bioguideId>E000285</bioguideId>
        </identifiers>
        <fullName>Sen. Enzi, Michael B. [R-WY]</fullName>
        <firstName>MICHAEL</firstName>
        <bioguideId>E000285</bioguideId>
        <sponsorshipWithdrawnDate />
        <sponsorshipDate>2019-05-06</sponsorshipDate>
        <middleName>B.</middleName>
        <state>WY</state>
        <isOriginalCosponsor>False</isOriginalCosponsor>
      </item>
      <item>
        <lastName>MARKEY</lastName>
        <party>D</party>
        <identifiers>
          <lisID>735</lisID>
          <bioguideId>M000133</bioguideId>
          <gpoId>7972</gpoId>
        </identifiers>
        <fullName>Sen. Markey, Edward J. [D-MA]</fullName>
        <firstName>EDWARD</firstName>
        <bioguideId>M000133</bioguideId>
        <sponsorshipWithdrawnDate />
        <sponsorshipDate>2019-05-06</sponsorshipDate>
        <middleName>J.</middleName>
        <state>MA</state>
        <isOriginalCosponsor>False</isOriginalCosponsor>
      </item>
      <item>
        <lastName>Blumenthal</lastName>
        <party>D</party>
        <identifiers>
          <lisID>2076</lisID>
          <gpoId>8332</gpoId>
          <bioguideId>B001277</bioguideId>
        </identifiers>
        <fullName>Sen. Blumenthal, Richard [D-CT]</fullName>
        <firstName>Richard</firstName>
        <bioguideId>B001277</bioguideId>
        <sponsorshipWithdrawnDate />
        <sponsorshipDate>2019-05-06</sponsorshipDate>
        <middleName />
        <state>CT</state>
        <isOriginalCosponsor>False</isOriginalCosponsor>
      </item>
      <item>
        <lastName>Baldwin</lastName>
        <party>D</party>
        <identifiers>
          <lisID>1558</lisID>
          <bioguideId>B001230</bioguideId>
          <gpoId>8215</gpoId>
        </identifiers>
        <fullName>Sen. Baldwin, Tammy [D-WI]</fullName>
        <firstName>Tammy</firstName>
        <bioguideId>B001230</bioguideId>
        <sponsorshipWithdrawnDate />
        <sponsorshipDate>2019-05-06</sponsorshipDate>
        <middleName />
        <state>WI</state>
        <isOriginalCosponsor>False</isOriginalCosponsor>
      </item>
      <item>
        <lastName>Hassan</lastName>
        <party>D</party>
        <identifiers>
          <lisID>2302</lisID>
          <gpoId />
          <bioguideId>H001076</bioguideId>
        </identifiers>
        <fullName>Sen. Hassan, Margaret Wood [D-NH]</fullName>
        <firstName>Margaret</firstName>
        <bioguideId>H001076</bioguideId>
        <sponsorshipWithdrawnDate />
        <sponsorshipDate>2019-05-06</sponsorshipDate>
        <middleName>Wood</middleName>
        <state>NH</state>
        <isOriginalCosponsor>False</isOriginalCosponsor>
      </item>
      <item>
        <lastName>Jones</lastName>
        <party>D</party>
        <identifiers>
          <lisID>2364</lisID>
          <bioguideId>J000300</bioguideId>
          <gpoId />
        </identifiers>
        <fullName>Sen. Jones, Doug  [D-AL]</fullName>
        <firstName>Doug</firstName>
        <bioguideId>J000300</bioguideId>
        <sponsorshipWithdrawnDate />
        <sponsorshipDate>2019-05-08</sponsorshipDate>
        <middleName />
        <state>AL</state>
        <isOriginalCosponsor>False</isOriginalCosponsor>
      </item>
      <item>
        <lastName>Murkowski</lastName>
        <party>R</party>
        <identifiers>
          <lisID>1694</lisID>
          <bioguideId>M001153</bioguideId>
          <gpoId>8234</gpoId>
        </identifiers>
        <fullName>Sen. Murkowski, Lisa [R-AK]</fullName>
        <firstName>Lisa</firstName>
        <bioguideId>M001153</bioguideId>
        <sponsorshipWithdrawnDate />
        <sponsorshipDate>2019-05-08</sponsorshipDate>
        <middleName />
        <state>AK</state>
        <isOriginalCosponsor>False</isOriginalCosponsor>
      </item>
      <item>
        <lastName>Warner</lastName>
        <party>D</party>
        <identifiers>
          <lisID>1897</lisID>
          <bioguideId>W000805</bioguideId>
          <gpoId>8269</gpoId>
        </identifiers>
        <fullName>Sen. Warner, Mark R. [D-VA]</fullName>
        <firstName>Mark</firstName>
        <bioguideId>W000805</bioguideId>
        <sponsorshipWithdrawnDate />
        <sponsorshipDate>2019-05-14</sponsorshipDate>
        <middleName>R.</middleName>
        <state>VA</state>
        <isOriginalCosponsor>False</isOriginalCosponsor>
      </item>
      <item>
        <lastName>Sanders</lastName>
        <party>I</party>
        <identifiers>
          <gpoId>8270</gpoId>
          <bioguideId>S000033</bioguideId>
          <lisID>1010</lisID>
        </identifiers>
        <fullName>Sen. Sanders, Bernard [I-VT]</fullName>
        <firstName>Bernard</firstName>
        <bioguideId>S000033</bioguideId>
        <sponsorshipWithdrawnDate />
        <sponsorshipDate>2019-05-14</sponsorshipDate>
        <middleName />
        <state>VT</state>
        <isOriginalCosponsor>False</isOriginalCosponsor>
      </item>
      <item>
        <lastName>Casey</lastName>
        <party>D</party>
        <identifiers>
          <lisID>1828</lisID>
          <bioguideId>C001070</bioguideId>
          <gpoId>8282</gpoId>
        </identifiers>
        <fullName>Sen. Casey, Robert P., Jr. [D-PA]</fullName>
        <firstName>Bob</firstName>
        <bioguideId>C001070</bioguideId>
        <sponsorshipWithdrawnDate />
        <sponsorshipDate>2019-06-10</sponsorshipDate>
        <middleName />
        <state>PA</state>
        <isOriginalCosponsor>False</isOriginalCosponsor>
      </item>
      <item>
        <lastName>UDALL</lastName>
        <party>D</party>
        <identifiers>
          <lisID>1567</lisID>
          <gpoId>8260</gpoId>
          <bioguideId>U000039</bioguideId>
        </identifiers>
        <fullName>Sen. Udall, Tom [D-NM]</fullName>
        <firstName>TOM</firstName>
        <bioguideId>U000039</bioguideId>
        <sponsorshipWithdrawnDate />
        <sponsorshipDate>2019-06-13</sponsorshipDate>
        <middleName />
        <state>NM</state>
        <isOriginalCosponsor>False</isOriginalCosponsor>
      </item>
      <item>
        <lastName>Gardner</lastName>
        <party>R</party>
        <identifiers>
          <gpoId>7862</gpoId>
          <lisID>1998</lisID>
          <bioguideId>G000562</bioguideId>
        </identifiers>
        <fullName>Sen. Gardner, Cory [R-CO]</fullName>
        <firstName>Cory</firstName>
        <bioguideId>G000562</bioguideId>
        <sponsorshipWithdrawnDate />
        <sponsorshipDate>2019-06-13</sponsorshipDate>
        <middleName />
        <state>CO</state>
        <isOriginalCosponsor>False</isOriginalCosponsor>
      </item>
      <item>
        <lastName>SCHUMER</lastName>
        <party>D</party>
        <identifiers>
          <lisID>1036</lisID>
          <bioguideId>S000148</bioguideId>
          <gpoId>8279</gpoId>
        </identifiers>
        <fullName>Sen. Schumer, Charles E. [D-NY]</fullName>
        <firstName>CHARLES</firstName>
        <bioguideId>S000148</bioguideId>
        <sponsorshipWithdrawnDate />
        <sponsorshipDate>2019-06-13</sponsorshipDate>
        <middleName>E.</middleName>
        <state>NY</state>
        <isOriginalCosponsor>False</isOriginalCosponsor>
      </item>
    </cosponsors>
    <recordedVotes />
    <billType>SRES</billType>
    <amendments />
    <createDate>2019-05-03T04:42:10Z</createDate>
    <latestAction>
      <text>Resolution agreed to in Senate without amendment and with a preamble by Unanimous Consent. (text: CR 5/2/2019 S2622-2623)</text>
      <actionDate>2019-06-13</actionDate>
      <links />
    </latestAction>
    <calendarNumbers />
    <laws />
    <committees>
      <billCommittees>
        <item>
          <type>Standing</type>
          <chamber>Senate</chamber>
          <activities>
            <item>
              <date>2019-06-13T19:14:08Z</date>
              <name>Discharged from</name>
            </item>
            <item>
              <date>2019-05-02T20:52:41Z</date>
              <name>Referred to</name>
            </item>
          </activities>
          <subcommittees />
          <systemCode>ssju00</systemCode>
          <name>Judiciary Committee</name>
        </item>
      </billCommittees>
    </committees>
    <summaries>
      <billSummaries>
        <item>
          <actionDate>2019-05-02</actionDate>
          <lastSummaryUpdateDate>2019-06-14T16:04:15Z</lastSummaryUpdateDate>
          <updateDate>2019-05-02T04:00:00Z</updateDate>
          <versionCode>00</versionCode>
          <actionDesc>Introduced in Senate</actionDesc>
          <name>Introduced in Senate</name>
          <text><![CDATA[<p>This resolution condemns and commits to combatting all forms of antisemitism.</p>]]></text>
        </item>
        <item>
          <actionDate>2019-06-13</actionDate>
          <lastSummaryUpdateDate>2019-06-19T19:37:32Z</lastSummaryUpdateDate>
          <updateDate>2019-06-13T14:22:02Z</updateDate>
          <versionCode>55</versionCode>
          <actionDesc>Passed Senate</actionDesc>
          <name>Passed Senate</name>
          <text><![CDATA[<p>This resolution condemns and commits to combatting all forms of antisemitism.</p>]]></text>
        </item>
      </billSummaries>
    </summaries>
    <subjects>
      <billSubjects>
        <legislativeSubjects>
          <item>
            <name>Racial and ethnic relations</name>
          </item>
          <item>
            <name>Religion</name>
          </item>
        </legislativeSubjects>
        <policyArea>
          <name>Civil Rights and Liberties, Minority Issues</name>
        </policyArea>
      </billSubjects>
    </subjects>
    <actions>
      <actionByCounts>
        <senate>6</senate>
      </actionByCounts>
      <actionTypeCounts>
        <agreedToInSenate>1</agreedToInSenate>
        <senateCommitteeDischarged>1</senateCommitteeDischarged>
        <referredToCommittee>1</referredToCommittee>
        <introducedInSenate>1</introducedInSenate>
        <committeeDischarged>1</committeeDischarged>
        <passedAgreedToInSenate>1</passedAgreedToInSenate>
      </actionTypeCounts>
      <item>
        <actionDate>2019-06-13</actionDate>
        <committee />
        <links>
          <link>
            <name>CR 5/2/2019 S2622</name>
            <url>https://www.congress.gov/congressional-record/volume-165/senate-section/page/S2622</url>
          </link>
        </links>
        <sourceSystem>
          <code>0</code>
          <name>Senate</name>
        </sourceSystem>
        <text>Resolution agreed to in Senate without amendment and with a preamble by Unanimous Consent. (text: CR 5/2/2019 S2622-2623)</text>
        <type>Floor</type>
      </item>
      <item>
        <type>Floor</type>
        <text>Passed/agreed to in Senate: Resolution agreed to in Senate without amendment and with a preamble by Unanimous Consent.(text: CR 5/2/2019 S2622-2623)</text>
        <committee />
        <links>
          <link>
            <name>CR 5/2/2019 S2622</name>
            <url>https://www.congress.gov/congressional-record/volume-165/senate-section/page/S2622</url>
          </link>
        </links>
        <sourceSystem>
          <code>9</code>
          <name>Library of Congress</name>
        </sourceSystem>
        <actionDate>2019-06-13</actionDate>
        <actionCode>17000</actionCode>
      </item>
      <item>
        <actionDate>2019-06-13</actionDate>
        <committee>
          <systemCode>ssju00</systemCode>
          <name>Judiciary Committee</name>
        </committee>
        <links>
          <link>
            <url>https://www.congress.gov/congressional-record/volume-165/senate-section/page/S3622</url>
            <name>S3622</name>
          </link>
        </links>
        <sourceSystem>
          <code>0</code>
          <name>Senate</name>
        </sourceSystem>
        <text>Senate Committee on the Judiciary discharged by Unanimous Consent. (consideration: CR S3622)</text>
        <type>Discharge</type>
      </item>
      <item>
        <type>Committee</type>
        <text>Senate Committee on the Judiciary discharged by Unanimous Consent.(consideration: CR S3622)</text>
        <committee>
          <systemCode>ssju00</systemCode>
          <name>Judiciary Committee</name>
        </committee>
        <links>
          <link>
            <url>https://www.congress.gov/congressional-record/volume-165/senate-section/page/S3622</url>
            <name>S3622</name>
          </link>
        </links>
        <sourceSystem>
          <code>9</code>
          <name>Library of Congress</name>
        </sourceSystem>
        <actionDate>2019-06-13</actionDate>
        <actionCode>14500</actionCode>
      </item>
      <item>
        <actionDate>2019-05-02</actionDate>
        <committee>
          <systemCode>ssju00</systemCode>
          <name>Judiciary Committee</name>
        </committee>
        <links />
        <sourceSystem>
          <code>0</code>
          <name>Senate</name>
        </sourceSystem>
        <text>Referred to the Committee on the Judiciary.</text>
        <type>IntroReferral</type>
      </item>
      <item>
        <type>IntroReferral</type>
        <text>Introduced in Senate</text>
        <committee />
        <links />
        <sourceSystem>
          <code>9</code>
          <name>Library of Congress</name>
        </sourceSystem>
        <actionDate>2019-05-02</actionDate>
        <actionCode>10000</actionCode>
      </item>
    </actions>
    <committeeReports />
    <notes />
    <title>A resolution condemning all forms of antisemitism.</title>
    <originChamber>Senate</originChamber>
    <version>1.0.0</version>
    <cboCostEstimates />
    <relatedBills />
    <titles>
      <item>
        <chamberCode />
        <chamberName />
        <parentTitleType />
        <titleType>Official Title as Introduced</titleType>
        <title>A resolution condemning all forms of antisemitism.</title>
      </item>
      <item>
        <chamberCode />
        <chamberName />
        <parentTitleType />
        <titleType>Display Title</titleType>
        <title>A resolution condemning all forms of antisemitism.</title>
      </item>
    </titles>
    <sponsors>
      <item>
        <identifiers>
          <bioguideId>C001098</bioguideId>
          <lisID>2175</lisID>
          <gpoId />
        </identifiers>
        <lastName>Cruz</lastName>
        <firstName>Ted</firstName>
        <middleName />
        <bioguideId>C001098</bioguideId>
        <byRequestType />
        <party>R</party>
        <fullName>Sen. Cruz, Ted [R-TX]</fullName>
        <state>TX</state>
      </item>
    </sponsors>
    <billNumber>189</billNumber>
    <updateDate>2019-06-27T03:54:50Z</updateDate>
    <textVersions>
      <item>
        <type>Agreed to Senate</type>
        <formats>
          <item>
            <url>https://www.govinfo.gov/content/pkg/BILLS-116sres189ats/xml/BILLS-116sres189ats.xml</url>
          </item>
        </formats>
        <date>2019-06-13T04:00:00Z</date>
      </item>
      <item>
        <type>Introduced in Senate</type>
        <formats>
          <item>
            <url>https://www.govinfo.gov/content/pkg/BILLS-116sres189is/xml/BILLS-116sres189is.xml</url>
          </item>
        </formats>
        <date>2019-05-02T04:00:00Z</date>
      </item>
    </textVersions>
    <policyArea>
      <name>Civil Rights and Liberties, Minority Issues</name>
    </policyArea>
  </bill>
  <dublinCore xmlns:dc="http://purl.org/dc/elements/1.1/">
    <dc:format>text/xml</dc:format>
    <dc:language>EN</dc:language>
    <dc:rights>Pursuant to Title 17 Section 105 of the United States Code, this file is not subject to copyright protection and is in the public domain.</dc:rights>
    <dc:contributor>Congressional Research Service, Library of Congress</dc:contributor>
    <dc:description>This file contains bill summaries and statuses for federal legislation. A bill summary describes the most significant provisions of a piece of legislation and details the effects the legislative text may have on current law and federal programs. Bill summaries are authored by the Congressional Research Service (CRS) of the Library of Congress. As stated in Public Law 91-510 (2 USC 166 (d)(6)), one of the duties of CRS is "to prepare summaries and digests of bills and resolutions of a public general nature introduced in the Senate or House of Representatives". For more information, refer to the User Guide that accompanies this file.</dc:description>
  </dublinCore>
</billStatus>

