<?xml version="1.0" encoding="UTF-8"?>
<billStatus>
  <bill>
    <billType>SRES</billType>
    <committeeReports />
    <amendments />
    <introducedDate>2019-02-14</introducedDate>
    <summaries>
      <billSummaries>
        <item>
          <versionCode>00</versionCode>
          <actionDate>2019-02-14</actionDate>
          <lastSummaryUpdateDate>2019-07-19T21:47:20Z</lastSummaryUpdateDate>
          <actionDesc>Introduced in Senate</actionDesc>
          <updateDate>2019-02-14T05:00:00Z</updateDate>
          <name>Introduced in Senate</name>
          <text><![CDATA[<p>This resolution designates February 16-23, 2019, as National FFA Week. It also (1) recognizes the important role of the National FFA Organization (Future Farmers of America) in developing young leaders, and (2) celebrates 50 years of female membership in the organization. </p>]]></text>
        </item>
      </billSummaries>
    </summaries>
    <createDate>2019-02-15T12:40:18Z</createDate>
    <cboCostEstimates />
    <titles>
      <item>
        <title>A resolution designating the week of February 16 through 23, 2019, as "National FFA Week," recognizing the important role of the National FFA Organization in developing young leaders, and celebrating 50 years of female membership in the National FFA Organization.</title>
        <parentTitleType />
        <titleType>Official Title as Introduced</titleType>
        <chamberCode />
        <chamberName />
      </item>
      <item>
        <title>A resolution designating the week of February 16 through 23, 2019, as "National FFA Week," recognizing the important role of the National FFA Organization in developing young leaders, and celebrating 50 years of female membership in the National FFA Organization.</title>
        <parentTitleType />
        <titleType>Display Title</titleType>
        <chamberCode />
        <chamberName />
      </item>
    </titles>
    <subjects>
      <billSubjects>
        <legislativeSubjects>
          <item>
            <name>Agricultural education</name>
          </item>
          <item>
            <name>Commemorative events and holidays</name>
          </item>
          <item>
            <name>Elementary and secondary education</name>
          </item>
          <item>
            <name>Social work, volunteer service, charitable organizations</name>
          </item>
          <item>
            <name>Women's education</name>
          </item>
        </legislativeSubjects>
        <policyArea>
          <name>Agriculture and Food</name>
        </policyArea>
      </billSubjects>
    </subjects>
    <latestAction>
      <links />
      <text>Submitted in the Senate, considered, and agreed to without amendment and with a preamble by Unanimous Consent. (consideration: CR S1392-1393; text: CR S1391)</text>
      <actionDate>2019-02-14</actionDate>
    </latestAction>
    <originChamber>Senate</originChamber>
    <policyArea>
      <name>Agriculture and Food</name>
    </policyArea>
    <sponsors>
      <item>
        <bioguideId>C001088</bioguideId>
        <byRequestType />
        <fullName>Sen. Coons, Christopher A. [D-DE]</fullName>
        <middleName>A.</middleName>
        <party>D</party>
        <state>DE</state>
        <lastName>Coons</lastName>
        <firstName>Christopher</firstName>
        <identifiers>
          <gpoId>8297</gpoId>
          <bioguideId>C001088</bioguideId>
          <lisID>1984</lisID>
        </identifiers>
      </item>
    </sponsors>
    <recordedVotes />
    <title>A resolution designating the week of February 16 through 23, 2019, as "National FFA Week," recognizing the important role of the National FFA Organization in developing young leaders, and celebrating 50 years of female membership in the National FFA Organization.</title>
    <congress>116</congress>
    <committees>
      <billCommittees />
    </committees>
    <calendarNumbers />
    <notes />
    <laws />
    <relatedBills />
    <cosponsors>
      <item>
        <middleName>C.</middleName>
        <state>IN</state>
        <party>R</party>
        <bioguideId>Y000064</bioguideId>
        <firstName>Todd</firstName>
        <identifiers>
          <bioguideId>Y000064</bioguideId>
          <gpoId>7948</gpoId>
          <lisID>2019</lisID>
        </identifiers>
        <isOriginalCosponsor>True</isOriginalCosponsor>
        <fullName>Sen. Young, Todd C. [R-IN]</fullName>
        <sponsorshipDate>2019-02-14</sponsorshipDate>
        <lastName>Young</lastName>
        <sponsorshipWithdrawnDate />
      </item>
      <item>
        <middleName />
        <state>WI</state>
        <party>D</party>
        <bioguideId>B001230</bioguideId>
        <firstName>Tammy</firstName>
        <identifiers>
          <gpoId>8215</gpoId>
          <lisID>1558</lisID>
          <bioguideId>B001230</bioguideId>
        </identifiers>
        <isOriginalCosponsor>True</isOriginalCosponsor>
        <fullName>Sen. Baldwin, Tammy [D-WI]</fullName>
        <sponsorshipDate>2019-02-14</sponsorshipDate>
        <lastName>Baldwin</lastName>
        <sponsorshipWithdrawnDate />
      </item>
      <item>
        <middleName />
        <state>IL</state>
        <party>D</party>
        <bioguideId>D000622</bioguideId>
        <firstName>Tammy</firstName>
        <identifiers>
          <bioguideId>D000622</bioguideId>
          <gpoId />
          <lisID>2123</lisID>
        </identifiers>
        <isOriginalCosponsor>True</isOriginalCosponsor>
        <fullName>Sen. Duckworth, Tammy [D-IL]</fullName>
        <sponsorshipDate>2019-02-14</sponsorshipDate>
        <lastName>Duckworth</lastName>
        <sponsorshipWithdrawnDate />
      </item>
      <item>
        <middleName />
        <state>ME</state>
        <party>I</party>
        <bioguideId>K000383</bioguideId>
        <firstName>Angus</firstName>
        <identifiers>
          <gpoId />
          <bioguideId>K000383</bioguideId>
          <lisID>2185</lisID>
        </identifiers>
        <isOriginalCosponsor>True</isOriginalCosponsor>
        <fullName>Sen. King, Angus S., Jr. [I-ME]</fullName>
        <sponsorshipDate>2019-02-14</sponsorshipDate>
        <lastName>King</lastName>
        <sponsorshipWithdrawnDate />
      </item>
      <item>
        <middleName>R.</middleName>
        <state>DE</state>
        <party>D</party>
        <bioguideId>C000174</bioguideId>
        <firstName>THOMAS</firstName>
        <identifiers>
          <gpoId>8283</gpoId>
          <bioguideId>C000174</bioguideId>
          <lisID>179</lisID>
        </identifiers>
        <isOriginalCosponsor>True</isOriginalCosponsor>
        <fullName>Sen. Carper, Thomas R. [D-DE]</fullName>
        <sponsorshipDate>2019-02-14</sponsorshipDate>
        <lastName>CARPER</lastName>
        <sponsorshipWithdrawnDate />
      </item>
      <item>
        <middleName />
        <state>WV</state>
        <party>D</party>
        <bioguideId>M001183</bioguideId>
        <firstName>Joe</firstName>
        <identifiers>
          <gpoId>8256</gpoId>
          <bioguideId>M001183</bioguideId>
          <lisID>1983</lisID>
        </identifiers>
        <isOriginalCosponsor>True</isOriginalCosponsor>
        <fullName>Sen. Manchin, Joe, III [D-WV]</fullName>
        <sponsorshipDate>2019-02-14</sponsorshipDate>
        <lastName>Manchin</lastName>
        <sponsorshipWithdrawnDate />
      </item>
      <item>
        <middleName />
        <state>AL</state>
        <party>D</party>
        <bioguideId>J000300</bioguideId>
        <firstName>Doug</firstName>
        <identifiers>
          <gpoId />
          <lisID>2364</lisID>
          <bioguideId>J000300</bioguideId>
        </identifiers>
        <isOriginalCosponsor>True</isOriginalCosponsor>
        <fullName>Sen. Jones, Doug  [D-AL]</fullName>
        <sponsorshipDate>2019-02-14</sponsorshipDate>
        <lastName>Jones</lastName>
        <sponsorshipWithdrawnDate />
      </item>
      <item>
        <middleName />
        <state>OR</state>
        <party>D</party>
        <bioguideId>M001176</bioguideId>
        <firstName>Jeff</firstName>
        <identifiers>
          <lisID>1900</lisID>
          <bioguideId>M001176</bioguideId>
          <gpoId>8238</gpoId>
        </identifiers>
        <isOriginalCosponsor>True</isOriginalCosponsor>
        <fullName>Sen. Merkley, Jeff [D-OR]</fullName>
        <sponsorshipDate>2019-02-14</sponsorshipDate>
        <lastName>Merkley</lastName>
        <sponsorshipWithdrawnDate />
      </item>
      <item>
        <middleName>Wood</middleName>
        <state>NH</state>
        <party>D</party>
        <bioguideId>H001076</bioguideId>
        <firstName>Margaret</firstName>
        <identifiers>
          <gpoId />
          <bioguideId>H001076</bioguideId>
          <lisID>2302</lisID>
        </identifiers>
        <isOriginalCosponsor>True</isOriginalCosponsor>
        <fullName>Sen. Hassan, Margaret Wood [D-NH]</fullName>
        <sponsorshipDate>2019-02-14</sponsorshipDate>
        <lastName>Hassan</lastName>
        <sponsorshipWithdrawnDate />
      </item>
      <item>
        <middleName />
        <state>MN</state>
        <party>D</party>
        <bioguideId>K000367</bioguideId>
        <firstName>Amy</firstName>
        <identifiers>
          <bioguideId>K000367</bioguideId>
          <lisID>1826</lisID>
          <gpoId>8249</gpoId>
        </identifiers>
        <isOriginalCosponsor>True</isOriginalCosponsor>
        <fullName>Sen. Klobuchar, Amy [D-MN]</fullName>
        <sponsorshipDate>2019-02-14</sponsorshipDate>
        <lastName>Klobuchar</lastName>
        <sponsorshipWithdrawnDate />
      </item>
      <item>
        <middleName>ANN</middleName>
        <state>MI</state>
        <party>D</party>
        <bioguideId>S000770</bioguideId>
        <firstName>DEBORAH</firstName>
        <identifiers>
          <gpoId>8261</gpoId>
          <lisID>1531</lisID>
          <bioguideId>S000770</bioguideId>
        </identifiers>
        <isOriginalCosponsor>True</isOriginalCosponsor>
        <fullName>Sen. Stabenow, Debbie [D-MI]</fullName>
        <sponsorshipDate>2019-02-14</sponsorshipDate>
        <lastName>STABENOW</lastName>
        <sponsorshipWithdrawnDate />
      </item>
      <item>
        <middleName />
        <state>MN</state>
        <party>D</party>
        <bioguideId>S001203</bioguideId>
        <firstName>Tina</firstName>
        <identifiers>
          <gpoId />
          <bioguideId>S001203</bioguideId>
          <lisID>2365</lisID>
        </identifiers>
        <isOriginalCosponsor>True</isOriginalCosponsor>
        <fullName>Sen. Smith, Tina  [D-MN]</fullName>
        <sponsorshipDate>2019-02-14</sponsorshipDate>
        <lastName>Smith</lastName>
        <sponsorshipWithdrawnDate />
      </item>
      <item>
        <middleName />
        <state>WY</state>
        <party>R</party>
        <bioguideId>B001261</bioguideId>
        <firstName>John</firstName>
        <identifiers>
          <lisID>1881</lisID>
          <gpoId>8300</gpoId>
          <bioguideId>B001261</bioguideId>
        </identifiers>
        <isOriginalCosponsor>True</isOriginalCosponsor>
        <fullName>Sen. Barrasso, John [R-WY]</fullName>
        <sponsorshipDate>2019-02-14</sponsorshipDate>
        <lastName>Barrasso</lastName>
        <sponsorshipWithdrawnDate />
      </item>
      <item>
        <middleName>E.</middleName>
        <state>ID</state>
        <party>R</party>
        <bioguideId>R000584</bioguideId>
        <firstName>James</firstName>
        <identifiers>
          <lisID>1896</lisID>
          <bioguideId>R000584</bioguideId>
          <gpoId>8274</gpoId>
        </identifiers>
        <isOriginalCosponsor>True</isOriginalCosponsor>
        <fullName>Sen. Risch, James E. [R-ID]</fullName>
        <sponsorshipDate>2019-02-14</sponsorshipDate>
        <lastName>Risch</lastName>
        <sponsorshipWithdrawnDate />
      </item>
      <item>
        <middleName />
        <state>KS</state>
        <party>R</party>
        <bioguideId>M000934</bioguideId>
        <firstName>Jerry</firstName>
        <identifiers>
          <lisID>1507</lisID>
          <gpoId>8307</gpoId>
          <bioguideId>M000934</bioguideId>
        </identifiers>
        <isOriginalCosponsor>True</isOriginalCosponsor>
        <fullName>Sen. Moran, Jerry [R-KS]</fullName>
        <sponsorshipDate>2019-02-14</sponsorshipDate>
        <lastName>Moran</lastName>
        <sponsorshipWithdrawnDate />
      </item>
      <item>
        <middleName />
        <state>IN</state>
        <party>R</party>
        <bioguideId>B001310</bioguideId>
        <firstName>Mike</firstName>
        <identifiers>
          <gpoId />
          <bioguideId>B001310</bioguideId>
          <lisID>2462</lisID>
        </identifiers>
        <isOriginalCosponsor>True</isOriginalCosponsor>
        <fullName>Sen. Braun, Mike  [R-IN]</fullName>
        <sponsorshipDate>2019-02-14</sponsorshipDate>
        <lastName>Braun</lastName>
        <sponsorshipWithdrawnDate />
      </item>
      <item>
        <middleName>MARGARET</middleName>
        <state>ME</state>
        <party>R</party>
        <bioguideId>C001035</bioguideId>
        <firstName>SUSAN</firstName>
        <identifiers>
          <gpoId>8291</gpoId>
          <lisID>1541</lisID>
          <bioguideId>C001035</bioguideId>
        </identifiers>
        <isOriginalCosponsor>True</isOriginalCosponsor>
        <fullName>Sen. Collins, Susan M. [R-ME]</fullName>
        <sponsorshipDate>2019-02-14</sponsorshipDate>
        <lastName>COLLINS</lastName>
        <sponsorshipWithdrawnDate />
      </item>
      <item>
        <middleName>MOORE</middleName>
        <state>WV</state>
        <party>R</party>
        <bioguideId>C001047</bioguideId>
        <firstName>SHELLEY</firstName>
        <identifiers>
          <bioguideId>C001047</bioguideId>
          <lisID>1676</lisID>
          <gpoId>8223</gpoId>
        </identifiers>
        <isOriginalCosponsor>True</isOriginalCosponsor>
        <fullName>Sen. Capito, Shelley Moore [R-WV]</fullName>
        <sponsorshipDate>2019-02-14</sponsorshipDate>
        <lastName>CAPITO</lastName>
        <sponsorshipWithdrawnDate />
      </item>
      <item>
        <middleName />
        <state>LA</state>
        <party>R</party>
        <bioguideId>C001075</bioguideId>
        <firstName>Bill</firstName>
        <identifiers>
          <lisID>1925</lisID>
          <gpoId>7964</gpoId>
          <bioguideId>C001075</bioguideId>
        </identifiers>
        <isOriginalCosponsor>True</isOriginalCosponsor>
        <fullName>Sen. Cassidy, Bill [R-LA]</fullName>
        <sponsorshipDate>2019-02-14</sponsorshipDate>
        <lastName>Cassidy</lastName>
        <sponsorshipWithdrawnDate />
      </item>
      <item>
        <middleName />
        <state>TX</state>
        <party>R</party>
        <bioguideId>C001056</bioguideId>
        <firstName>John</firstName>
        <identifiers>
          <bioguideId>C001056</bioguideId>
          <lisID>1692</lisID>
          <gpoId>8295</gpoId>
        </identifiers>
        <isOriginalCosponsor>True</isOriginalCosponsor>
        <fullName>Sen. Cornyn, John [R-TX]</fullName>
        <sponsorshipDate>2019-02-14</sponsorshipDate>
        <lastName>Cornyn</lastName>
        <sponsorshipWithdrawnDate />
      </item>
      <item>
        <middleName />
        <state>TX</state>
        <party>R</party>
        <bioguideId>C001098</bioguideId>
        <firstName>Ted</firstName>
        <identifiers>
          <bioguideId>C001098</bioguideId>
          <lisID>2175</lisID>
          <gpoId />
        </identifiers>
        <isOriginalCosponsor>True</isOriginalCosponsor>
        <fullName>Sen. Cruz, Ted [R-TX]</fullName>
        <sponsorshipDate>2019-02-14</sponsorshipDate>
        <lastName>Cruz</lastName>
        <sponsorshipWithdrawnDate />
      </item>
      <item>
        <middleName>Roland</middleName>
        <state>NC</state>
        <party>R</party>
        <bioguideId>T000476</bioguideId>
        <firstName>Thomas</firstName>
        <identifiers>
          <lisID>2291</lisID>
          <gpoId />
          <bioguideId>T000476</bioguideId>
        </identifiers>
        <isOriginalCosponsor>True</isOriginalCosponsor>
        <fullName>Sen. Tillis, Thom [R-NC]</fullName>
        <sponsorshipDate>2019-02-14</sponsorshipDate>
        <lastName>Tillis</lastName>
        <sponsorshipWithdrawnDate />
      </item>
      <item>
        <middleName />
        <state>ND</state>
        <party>R</party>
        <bioguideId>C001096</bioguideId>
        <firstName>Kevin</firstName>
        <identifiers>
          <gpoId />
          <bioguideId>C001096</bioguideId>
          <lisID>2144</lisID>
        </identifiers>
        <isOriginalCosponsor>True</isOriginalCosponsor>
        <fullName>Sen. Cramer, Kevin [R-ND]</fullName>
        <sponsorshipDate>2019-02-14</sponsorshipDate>
        <lastName>Cramer</lastName>
        <sponsorshipWithdrawnDate />
      </item>
      <item>
        <middleName>Neely</middleName>
        <state>LA</state>
        <party>R</party>
        <bioguideId>K000393</bioguideId>
        <firstName>John</firstName>
        <identifiers>
          <lisID>2303</lisID>
          <bioguideId>K000393</bioguideId>
          <gpoId />
        </identifiers>
        <isOriginalCosponsor>True</isOriginalCosponsor>
        <fullName>Sen. Kennedy, John [R-LA]</fullName>
        <sponsorshipDate>2019-02-14</sponsorshipDate>
        <lastName>Kennedy</lastName>
        <sponsorshipWithdrawnDate />
      </item>
      <item>
        <middleName />
        <state>OK</state>
        <party>R</party>
        <bioguideId>I000024</bioguideId>
        <firstName>JIM</firstName>
        <identifiers>
          <lisID>583</lisID>
          <gpoId>8322</gpoId>
          <bioguideId>I000024</bioguideId>
        </identifiers>
        <isOriginalCosponsor>True</isOriginalCosponsor>
        <fullName>Sen. Inhofe, James M. [R-OK]</fullName>
        <sponsorshipDate>2019-02-14</sponsorshipDate>
        <lastName>INHOFE</lastName>
        <sponsorshipWithdrawnDate />
      </item>
      <item>
        <middleName>D.</middleName>
        <state>ID</state>
        <party>R</party>
        <bioguideId>C000880</bioguideId>
        <firstName>MICHAEL</firstName>
        <identifiers>
          <gpoId>8289</gpoId>
          <lisID>250</lisID>
          <bioguideId>C000880</bioguideId>
        </identifiers>
        <isOriginalCosponsor>True</isOriginalCosponsor>
        <fullName>Sen. Crapo, Mike [R-ID]</fullName>
        <sponsorshipDate>2019-02-14</sponsorshipDate>
        <lastName>CRAPO</lastName>
        <sponsorshipWithdrawnDate />
      </item>
      <item>
        <middleName />
        <state>SD</state>
        <party>R</party>
        <bioguideId>R000605</bioguideId>
        <firstName>Mike</firstName>
        <identifiers>
          <bioguideId>R000605</bioguideId>
          <lisID>2288</lisID>
          <gpoId />
        </identifiers>
        <isOriginalCosponsor>True</isOriginalCosponsor>
        <fullName>Sen. Rounds, Mike  [R-SD]</fullName>
        <sponsorshipDate>2019-02-14</sponsorshipDate>
        <lastName>Rounds</lastName>
        <sponsorshipWithdrawnDate />
      </item>
      <item>
        <middleName />
        <state>ND</state>
        <party>R</party>
        <bioguideId>H001061</bioguideId>
        <firstName>John</firstName>
        <identifiers>
          <bioguideId>H001061</bioguideId>
          <lisID>2079</lisID>
          <gpoId>8331</gpoId>
        </identifiers>
        <isOriginalCosponsor>True</isOriginalCosponsor>
        <fullName>Sen. Hoeven, John [R-ND]</fullName>
        <sponsorshipDate>2019-02-14</sponsorshipDate>
        <lastName>Hoeven</lastName>
        <sponsorshipWithdrawnDate />
      </item>
      <item>
        <middleName />
        <state>CO</state>
        <party>R</party>
        <bioguideId>G000562</bioguideId>
        <firstName>Cory</firstName>
        <identifiers>
          <lisID>1998</lisID>
          <bioguideId>G000562</bioguideId>
          <gpoId>7862</gpoId>
        </identifiers>
        <isOriginalCosponsor>True</isOriginalCosponsor>
        <fullName>Sen. Gardner, Cory [R-CO]</fullName>
        <sponsorshipDate>2019-02-14</sponsorshipDate>
        <lastName>Gardner</lastName>
        <sponsorshipWithdrawnDate />
      </item>
      <item>
        <middleName />
        <state>MO</state>
        <party>R</party>
        <bioguideId>B000575</bioguideId>
        <firstName>Roy</firstName>
        <identifiers>
          <lisID>1464</lisID>
          <gpoId>8313</gpoId>
          <bioguideId>B000575</bioguideId>
        </identifiers>
        <isOriginalCosponsor>True</isOriginalCosponsor>
        <fullName>Sen. Blunt, Roy [R-MO]</fullName>
        <sponsorshipDate>2019-02-14</sponsorshipDate>
        <lastName>Blunt</lastName>
        <sponsorshipWithdrawnDate />
      </item>
      <item>
        <middleName>F.</middleName>
        <state>MS</state>
        <party>R</party>
        <bioguideId>W000437</bioguideId>
        <firstName>ROGER</firstName>
        <identifiers>
          <gpoId>8263</gpoId>
          <lisID>1226</lisID>
          <bioguideId>W000437</bioguideId>
        </identifiers>
        <isOriginalCosponsor>True</isOriginalCosponsor>
        <fullName>Sen. Wicker, Roger F. [R-MS]</fullName>
        <sponsorshipDate>2019-02-14</sponsorshipDate>
        <lastName>WICKER</lastName>
        <sponsorshipWithdrawnDate />
      </item>
      <item>
        <middleName>B.</middleName>
        <state>WY</state>
        <party>R</party>
        <bioguideId>E000285</bioguideId>
        <firstName>MICHAEL</firstName>
        <identifiers>
          <bioguideId>E000285</bioguideId>
          <gpoId>8328</gpoId>
          <lisID>1542</lisID>
        </identifiers>
        <isOriginalCosponsor>True</isOriginalCosponsor>
        <fullName>Sen. Enzi, Michael B. [R-WY]</fullName>
        <sponsorshipDate>2019-02-14</sponsorshipDate>
        <lastName>ENZI</lastName>
        <sponsorshipWithdrawnDate />
      </item>
      <item>
        <middleName />
        <state>IA</state>
        <party>R</party>
        <bioguideId>E000295</bioguideId>
        <firstName>Joni</firstName>
        <identifiers>
          <bioguideId>E000295</bioguideId>
          <lisID>2283</lisID>
          <gpoId />
        </identifiers>
        <isOriginalCosponsor>True</isOriginalCosponsor>
        <fullName>Sen. Ernst, Joni  [R-IA]</fullName>
        <sponsorshipDate>2019-02-14</sponsorshipDate>
        <lastName>Ernst</lastName>
        <sponsorshipWithdrawnDate />
      </item>
      <item>
        <middleName />
        <state>NE</state>
        <party>R</party>
        <bioguideId>F000463</bioguideId>
        <firstName>Deb</firstName>
        <identifiers>
          <lisID>2179</lisID>
          <gpoId />
          <bioguideId>F000463</bioguideId>
        </identifiers>
        <isOriginalCosponsor>True</isOriginalCosponsor>
        <fullName>Sen. Fischer, Deb [R-NE]</fullName>
        <sponsorshipDate>2019-02-14</sponsorshipDate>
        <lastName>Fischer</lastName>
        <sponsorshipWithdrawnDate />
      </item>
      <item>
        <middleName />
        <state>FL</state>
        <party>R</party>
        <bioguideId>R000595</bioguideId>
        <firstName>Marco</firstName>
        <identifiers>
          <lisID>2084</lisID>
          <bioguideId>R000595</bioguideId>
          <gpoId>8242</gpoId>
        </identifiers>
        <isOriginalCosponsor>True</isOriginalCosponsor>
        <fullName>Sen. Rubio, Marco [R-FL]</fullName>
        <sponsorshipDate>2019-02-14</sponsorshipDate>
        <lastName>Rubio</lastName>
        <sponsorshipWithdrawnDate />
      </item>
      <item>
        <middleName />
        <state>KS</state>
        <party>R</party>
        <bioguideId>R000307</bioguideId>
        <firstName>PAT</firstName>
        <identifiers>
          <lisID>968</lisID>
          <bioguideId>R000307</bioguideId>
          <gpoId>8275</gpoId>
        </identifiers>
        <isOriginalCosponsor>True</isOriginalCosponsor>
        <fullName>Sen. Roberts, Pat [R-KS]</fullName>
        <sponsorshipDate>2019-02-14</sponsorshipDate>
        <lastName>ROBERTS</lastName>
        <sponsorshipWithdrawnDate />
      </item>
      <item>
        <middleName />
        <state>TN</state>
        <party>R</party>
        <bioguideId>A000360</bioguideId>
        <firstName>Lamar</firstName>
        <identifiers>
          <bioguideId>A000360</bioguideId>
          <gpoId>8304</gpoId>
          <lisID>1695</lisID>
        </identifiers>
        <isOriginalCosponsor>True</isOriginalCosponsor>
        <fullName>Sen. Alexander, Lamar [R-TN]</fullName>
        <sponsorshipDate>2019-02-14</sponsorshipDate>
        <lastName>Alexander</lastName>
        <sponsorshipWithdrawnDate />
      </item>
      <item>
        <middleName />
        <state>MS</state>
        <party>R</party>
        <bioguideId>H001079</bioguideId>
        <firstName>Cindy</firstName>
        <identifiers>
          <gpoId />
          <bioguideId>H001079</bioguideId>
          <lisID>2366</lisID>
        </identifiers>
        <isOriginalCosponsor>True</isOriginalCosponsor>
        <fullName>Sen. Hyde-Smith, Cindy [R-MS]</fullName>
        <sponsorshipDate>2019-02-14</sponsorshipDate>
        <lastName>Hyde-Smith</lastName>
        <sponsorshipWithdrawnDate />
      </item>
      <item>
        <middleName>ERNEST</middleName>
        <state>IA</state>
        <party>R</party>
        <bioguideId>G000386</bioguideId>
        <firstName>CHARLES</firstName>
        <identifiers>
          <lisID>457</lisID>
          <bioguideId>G000386</bioguideId>
          <gpoId>8316</gpoId>
        </identifiers>
        <isOriginalCosponsor>True</isOriginalCosponsor>
        <fullName>Sen. Grassley, Chuck [R-IA]</fullName>
        <sponsorshipDate>2019-02-14</sponsorshipDate>
        <lastName>GRASSLEY</lastName>
        <sponsorshipWithdrawnDate />
      </item>
      <item>
        <middleName />
        <state>AR</state>
        <party>R</party>
        <bioguideId>B001236</bioguideId>
        <firstName>John</firstName>
        <identifiers>
          <gpoId>8247</gpoId>
          <lisID>1687</lisID>
          <bioguideId>B001236</bioguideId>
        </identifiers>
        <isOriginalCosponsor>True</isOriginalCosponsor>
        <fullName>Sen. Boozman, John [R-AR]</fullName>
        <sponsorshipDate>2019-02-14</sponsorshipDate>
        <lastName>Boozman</lastName>
        <sponsorshipWithdrawnDate />
      </item>
      <item>
        <middleName />
        <state>MT</state>
        <party>R</party>
        <bioguideId>D000618</bioguideId>
        <firstName>Steve</firstName>
        <identifiers>
          <gpoId />
          <bioguideId>D000618</bioguideId>
          <lisID>2138</lisID>
        </identifiers>
        <isOriginalCosponsor>True</isOriginalCosponsor>
        <fullName>Sen. Daines, Steve [R-MT]</fullName>
        <sponsorshipDate>2019-02-14</sponsorshipDate>
        <lastName>Daines</lastName>
        <sponsorshipWithdrawnDate />
      </item>
      <item>
        <middleName />
        <state>UT</state>
        <party>R</party>
        <bioguideId>R000615</bioguideId>
        <firstName>Mitt</firstName>
        <identifiers>
          <lisID>2466</lisID>
          <bioguideId>R000615</bioguideId>
          <gpoId />
        </identifiers>
        <isOriginalCosponsor>True</isOriginalCosponsor>
        <fullName>Sen. Romney, Mitt  [R-UT]</fullName>
        <sponsorshipDate>2019-02-14</sponsorshipDate>
        <lastName>Romney</lastName>
        <sponsorshipWithdrawnDate />
      </item>
    </cosponsors>
    <textVersions>
      <item>
        <date>2019-02-14T05:00:00Z</date>
        <type>Agreed to Senate</type>
        <formats>
          <item>
            <url>https://www.govinfo.gov/content/pkg/BILLS-116sres77ats/xml/BILLS-116sres77ats.xml</url>
          </item>
        </formats>
      </item>
    </textVersions>
    <version>1.0.0</version>
    <billNumber>77</billNumber>
    <actions>
      <actionTypeCounts>
        <passedOrAgreedToInSenateDayOf>1</passedOrAgreedToInSenateDayOf>
        <passedAgreedToInSenate>1</passedAgreedToInSenate>
        <introducedInSenate>1</introducedInSenate>
      </actionTypeCounts>
      <actionByCounts>
        <senate>3</senate>
      </actionByCounts>
      <item>
        <actionDate>2019-02-14</actionDate>
        <committee />
        <links>
          <link>
            <name>S1391</name>
            <url>https://www.congress.gov/congressional-record/volume-165/senate-section/page/S1391</url>
          </link>
          <link>
            <name>S1392-1393</name>
            <url>https://www.congress.gov/congressional-record/volume-165/senate-section/page/S1392-1393</url>
          </link>
        </links>
        <sourceSystem>
          <code>0</code>
          <name>Senate</name>
        </sourceSystem>
        <text>Submitted in the Senate, considered, and agreed to without amendment and with a preamble by Unanimous Consent. (consideration: CR S1392-1393; text: CR S1391)</text>
        <type>Floor</type>
      </item>
      <item>
        <sourceSystem>
          <code>9</code>
          <name>Library of Congress</name>
        </sourceSystem>
        <type>Floor</type>
        <text>Passed/agreed to in Senate: Submitted in the Senate, considered, and agreed to without amendment and with a preamble by Unanimous Consent.(consideration: CR S1392-1393; text: CR S1391)</text>
        <actionCode>17000</actionCode>
        <actionDate>2019-02-14</actionDate>
        <links>
          <link>
            <name>S1391</name>
            <url>https://www.congress.gov/congressional-record/volume-165/senate-section/page/S1391</url>
          </link>
          <link>
            <name>S1392-1393</name>
            <url>https://www.congress.gov/congressional-record/volume-165/senate-section/page/S1392-1393</url>
          </link>
        </links>
        <committee />
      </item>
      <item>
        <sourceSystem>
          <code>9</code>
          <name>Library of Congress</name>
        </sourceSystem>
        <type>IntroReferral</type>
        <text>Introduced in Senate</text>
        <actionCode>10000</actionCode>
        <actionDate>2019-02-14</actionDate>
        <links />
        <committee />
      </item>
    </actions>
    <updateDate>2019-07-31T07:34:03Z</updateDate>
  </bill>
  <dublinCore xmlns:dc="http://purl.org/dc/elements/1.1/">
    <dc:format>text/xml</dc:format>
    <dc:language>EN</dc:language>
    <dc:rights>Pursuant to Title 17 Section 105 of the United States Code, this file is not subject to copyright protection and is in the public domain.</dc:rights>
    <dc:contributor>Congressional Research Service, Library of Congress</dc:contributor>
    <dc:description>This file contains bill summaries and statuses for federal legislation. A bill summary describes the most significant provisions of a piece of legislation and details the effects the legislative text may have on current law and federal programs. Bill summaries are authored by the Congressional Research Service (CRS) of the Library of Congress. As stated in Public Law 91-510 (2 USC 166 (d)(6)), one of the duties of CRS is "to prepare summaries and digests of bills and resolutions of a public general nature introduced in the Senate or House of Representatives". For more information, refer to the User Guide that accompanies this file.</dc:description>
  </dublinCore>
</billStatus>

