<?xml version="1.0" encoding="UTF-8"?>
<billStatus>
  <bill>
    <notes />
    <laws />
    <committees>
      <billCommittees />
    </committees>
    <titles>
      <item>
        <chamberCode />
        <titleType>Official Title as Introduced</titleType>
        <parentTitleType />
        <title>A resolution recognizing Hispanic Heritage Month and celebrating the heritage and culture of Latinos in the United States and the immense contributions of Latinos to the United States.</title>
        <chamberName />
      </item>
      <item>
        <chamberCode />
        <titleType>Display Title</titleType>
        <parentTitleType />
        <title>A resolution recognizing Hispanic Heritage Month and celebrating the heritage and culture of Latinos in the United States and the immense contributions of Latinos to the United States.</title>
        <chamberName />
      </item>
    </titles>
    <relatedBills />
    <textVersions>
      <item>
        <date>2019-09-26T04:00:00Z</date>
        <type>Agreed to Senate</type>
        <formats>
          <item>
            <url>https://www.govinfo.gov/content/pkg/BILLS-116sres352ats/xml/BILLS-116sres352ats.xml</url>
          </item>
        </formats>
      </item>
    </textVersions>
    <recordedVotes />
    <introducedDate>2019-09-26</introducedDate>
    <updateDate>2019-11-07T11:02:12Z</updateDate>
    <cboCostEstimates />
    <title>A resolution recognizing Hispanic Heritage Month and celebrating the heritage and culture of Latinos in the United States and the immense contributions of Latinos to the United States.</title>
    <amendments />
    <originChamber>Senate</originChamber>
    <actions>
      <actionByCounts>
        <senate>3</senate>
      </actionByCounts>
      <actionTypeCounts>
        <passedAgreedToInSenate>1</passedAgreedToInSenate>
        <passedOrAgreedToInSenateDayOf>1</passedOrAgreedToInSenateDayOf>
        <introducedInSenate>1</introducedInSenate>
      </actionTypeCounts>
      <item>
        <actionDate>2019-09-26</actionDate>
        <committee />
        <links>
          <link>
            <url>https://www.congress.gov/congressional-record/volume-165/senate-section/page/S5755-5756</url>
            <name>S5755-5756</name>
          </link>
          <link>
            <url>https://www.congress.gov/congressional-record/volume-165/senate-section/page/S5760</url>
            <name>S5760</name>
          </link>
        </links>
        <sourceSystem>
          <code>0</code>
          <name>Senate</name>
        </sourceSystem>
        <text>Submitted in the Senate, considered, and agreed to without amendment and with a preamble by Unanimous Consent. (consideration: CR S5760; text: CR S5755-5756)</text>
        <type>Floor</type>
      </item>
      <item>
        <text>Passed/agreed to in Senate: Submitted in the Senate, considered, and agreed to without amendment and with a preamble by Unanimous Consent.(consideration: CR S5760; text: CR S5755-5756)</text>
        <type>Floor</type>
        <actionDate>2019-09-26</actionDate>
        <links>
          <link>
            <url>https://www.congress.gov/congressional-record/volume-165/senate-section/page/S5755-5756</url>
            <name>S5755-5756</name>
          </link>
          <link>
            <url>https://www.congress.gov/congressional-record/volume-165/senate-section/page/S5760</url>
            <name>S5760</name>
          </link>
        </links>
        <actionCode>17000</actionCode>
        <sourceSystem>
          <code>9</code>
          <name>Library of Congress</name>
        </sourceSystem>
        <committee />
      </item>
      <item>
        <text>Introduced in Senate</text>
        <type>IntroReferral</type>
        <actionDate>2019-09-26</actionDate>
        <links />
        <actionCode>10000</actionCode>
        <sourceSystem>
          <code>9</code>
          <name>Library of Congress</name>
        </sourceSystem>
        <committee />
      </item>
    </actions>
    <sponsors>
      <item>
        <fullName>Sen. Menendez, Robert [D-NJ]</fullName>
        <firstName>Robert</firstName>
        <identifiers>
          <lisID>791</lisID>
          <gpoId>8239</gpoId>
          <bioguideId>M000639</bioguideId>
        </identifiers>
        <bioguideId>M000639</bioguideId>
        <middleName />
        <lastName>Menendez</lastName>
        <party>D</party>
        <byRequestType />
        <state>NJ</state>
      </item>
    </sponsors>
    <billType>SRES</billType>
    <createDate>2019-09-27T04:42:29Z</createDate>
    <cosponsors>
      <item>
        <lastName>Cornyn</lastName>
        <fullName>Sen. Cornyn, John [R-TX]</fullName>
        <party>R</party>
        <isOriginalCosponsor>True</isOriginalCosponsor>
        <identifiers>
          <lisID>1692</lisID>
          <bioguideId>C001056</bioguideId>
          <gpoId>8295</gpoId>
        </identifiers>
        <firstName>John</firstName>
        <state>TX</state>
        <sponsorshipDate>2019-09-26</sponsorshipDate>
        <sponsorshipWithdrawnDate />
        <bioguideId>C001056</bioguideId>
        <middleName />
      </item>
      <item>
        <lastName>Baldwin</lastName>
        <fullName>Sen. Baldwin, Tammy [D-WI]</fullName>
        <party>D</party>
        <isOriginalCosponsor>True</isOriginalCosponsor>
        <identifiers>
          <lisID>1558</lisID>
          <gpoId>8215</gpoId>
          <bioguideId>B001230</bioguideId>
        </identifiers>
        <firstName>Tammy</firstName>
        <state>WI</state>
        <sponsorshipDate>2019-09-26</sponsorshipDate>
        <sponsorshipWithdrawnDate />
        <bioguideId>B001230</bioguideId>
        <middleName />
      </item>
      <item>
        <lastName>Bennet</lastName>
        <fullName>Sen. Bennet, Michael F. [D-CO]</fullName>
        <party>D</party>
        <isOriginalCosponsor>True</isOriginalCosponsor>
        <identifiers>
          <lisID>1965</lisID>
          <bioguideId>B001267</bioguideId>
          <gpoId>8302</gpoId>
        </identifiers>
        <firstName>Michael</firstName>
        <state>CO</state>
        <sponsorshipDate>2019-09-26</sponsorshipDate>
        <sponsorshipWithdrawnDate />
        <bioguideId>B001267</bioguideId>
        <middleName>F.</middleName>
      </item>
      <item>
        <lastName>Blumenthal</lastName>
        <fullName>Sen. Blumenthal, Richard [D-CT]</fullName>
        <party>D</party>
        <isOriginalCosponsor>True</isOriginalCosponsor>
        <identifiers>
          <lisID>2076</lisID>
          <bioguideId>B001277</bioguideId>
          <gpoId>8332</gpoId>
        </identifiers>
        <firstName>Richard</firstName>
        <state>CT</state>
        <sponsorshipDate>2019-09-26</sponsorshipDate>
        <sponsorshipWithdrawnDate />
        <bioguideId>B001277</bioguideId>
        <middleName />
      </item>
      <item>
        <lastName>Booker</lastName>
        <fullName>Sen. Booker, Cory A. [D-NJ]</fullName>
        <party>D</party>
        <isOriginalCosponsor>True</isOriginalCosponsor>
        <identifiers>
          <lisID>2194</lisID>
          <bioguideId>B001288</bioguideId>
          <gpoId />
        </identifiers>
        <firstName>Cory</firstName>
        <state>NJ</state>
        <sponsorshipDate>2019-09-26</sponsorshipDate>
        <sponsorshipWithdrawnDate />
        <bioguideId>B001288</bioguideId>
        <middleName>A.</middleName>
      </item>
      <item>
        <lastName>Braun</lastName>
        <fullName>Sen. Braun, Mike  [R-IN]</fullName>
        <party>R</party>
        <isOriginalCosponsor>True</isOriginalCosponsor>
        <identifiers>
          <lisID>2462</lisID>
          <gpoId />
          <bioguideId>B001310</bioguideId>
        </identifiers>
        <firstName>Mike</firstName>
        <state>IN</state>
        <sponsorshipDate>2019-09-26</sponsorshipDate>
        <sponsorshipWithdrawnDate />
        <bioguideId>B001310</bioguideId>
        <middleName />
      </item>
      <item>
        <lastName>Brown</lastName>
        <fullName>Sen. Brown, Sherrod [D-OH]</fullName>
        <party>D</party>
        <isOriginalCosponsor>True</isOriginalCosponsor>
        <identifiers>
          <bioguideId>B000944</bioguideId>
          <lisID>136</lisID>
          <gpoId>8309</gpoId>
        </identifiers>
        <firstName>Sherrod</firstName>
        <state>OH</state>
        <sponsorshipDate>2019-09-26</sponsorshipDate>
        <sponsorshipWithdrawnDate />
        <bioguideId>B000944</bioguideId>
        <middleName />
      </item>
      <item>
        <lastName>CANTWELL</lastName>
        <fullName>Sen. Cantwell, Maria [D-WA]</fullName>
        <party>D</party>
        <isOriginalCosponsor>True</isOriginalCosponsor>
        <identifiers>
          <lisID>172</lisID>
          <bioguideId>C000127</bioguideId>
          <gpoId>8288</gpoId>
        </identifiers>
        <firstName>MARIA</firstName>
        <state>WA</state>
        <sponsorshipDate>2019-09-26</sponsorshipDate>
        <sponsorshipWithdrawnDate />
        <bioguideId>C000127</bioguideId>
        <middleName />
      </item>
      <item>
        <lastName>CARDIN</lastName>
        <fullName>Sen. Cardin, Benjamin L. [D-MD]</fullName>
        <party>D</party>
        <isOriginalCosponsor>True</isOriginalCosponsor>
        <identifiers>
          <lisID>174</lisID>
          <gpoId>8287</gpoId>
          <bioguideId>C000141</bioguideId>
        </identifiers>
        <firstName>BENJAMIN</firstName>
        <state>MD</state>
        <sponsorshipDate>2019-09-26</sponsorshipDate>
        <sponsorshipWithdrawnDate />
        <bioguideId>C000141</bioguideId>
        <middleName>L.</middleName>
      </item>
      <item>
        <lastName>CARPER</lastName>
        <fullName>Sen. Carper, Thomas R. [D-DE]</fullName>
        <party>D</party>
        <isOriginalCosponsor>True</isOriginalCosponsor>
        <identifiers>
          <bioguideId>C000174</bioguideId>
          <lisID>179</lisID>
          <gpoId>8283</gpoId>
        </identifiers>
        <firstName>THOMAS</firstName>
        <state>DE</state>
        <sponsorshipDate>2019-09-26</sponsorshipDate>
        <sponsorshipWithdrawnDate />
        <bioguideId>C000174</bioguideId>
        <middleName>R.</middleName>
      </item>
      <item>
        <lastName>Casey</lastName>
        <fullName>Sen. Casey, Robert P., Jr. [D-PA]</fullName>
        <party>D</party>
        <isOriginalCosponsor>True</isOriginalCosponsor>
        <identifiers>
          <lisID>1828</lisID>
          <bioguideId>C001070</bioguideId>
          <gpoId>8282</gpoId>
        </identifiers>
        <firstName>Bob</firstName>
        <state>PA</state>
        <sponsorshipDate>2019-09-26</sponsorshipDate>
        <sponsorshipWithdrawnDate />
        <bioguideId>C001070</bioguideId>
        <middleName />
      </item>
      <item>
        <lastName>Coons</lastName>
        <fullName>Sen. Coons, Christopher A. [D-DE]</fullName>
        <party>D</party>
        <isOriginalCosponsor>True</isOriginalCosponsor>
        <identifiers>
          <bioguideId>C001088</bioguideId>
          <lisID>1984</lisID>
          <gpoId>8297</gpoId>
        </identifiers>
        <firstName>Christopher</firstName>
        <state>DE</state>
        <sponsorshipDate>2019-09-26</sponsorshipDate>
        <sponsorshipWithdrawnDate />
        <bioguideId>C001088</bioguideId>
        <middleName>A.</middleName>
      </item>
      <item>
        <lastName>Cortez Masto</lastName>
        <fullName>Sen. Cortez Masto, Catherine  [D-NV]</fullName>
        <party>D</party>
        <isOriginalCosponsor>True</isOriginalCosponsor>
        <identifiers>
          <lisID>2299</lisID>
          <bioguideId>C001113</bioguideId>
          <gpoId />
        </identifiers>
        <firstName>Catherine</firstName>
        <state>NV</state>
        <sponsorshipDate>2019-09-26</sponsorshipDate>
        <sponsorshipWithdrawnDate />
        <bioguideId>C001113</bioguideId>
        <middleName />
      </item>
      <item>
        <lastName>Duckworth</lastName>
        <fullName>Sen. Duckworth, Tammy [D-IL]</fullName>
        <party>D</party>
        <isOriginalCosponsor>True</isOriginalCosponsor>
        <identifiers>
          <lisID>2123</lisID>
          <gpoId />
          <bioguideId>D000622</bioguideId>
        </identifiers>
        <firstName>Tammy</firstName>
        <state>IL</state>
        <sponsorshipDate>2019-09-26</sponsorshipDate>
        <sponsorshipWithdrawnDate />
        <bioguideId>D000622</bioguideId>
        <middleName />
      </item>
      <item>
        <lastName>DURBIN</lastName>
        <fullName>Sen. Durbin, Richard J. [D-IL]</fullName>
        <party>D</party>
        <isOriginalCosponsor>True</isOriginalCosponsor>
        <identifiers>
          <lisID>326</lisID>
          <gpoId>8326</gpoId>
          <bioguideId>D000563</bioguideId>
        </identifiers>
        <firstName>RICHARD</firstName>
        <state>IL</state>
        <sponsorshipDate>2019-09-26</sponsorshipDate>
        <sponsorshipWithdrawnDate />
        <bioguideId>D000563</bioguideId>
        <middleName>J.</middleName>
      </item>
      <item>
        <lastName>FEINSTEIN</lastName>
        <fullName>Sen. Feinstein, Dianne [D-CA]</fullName>
        <party>D</party>
        <isOriginalCosponsor>True</isOriginalCosponsor>
        <identifiers>
          <lisID>1332</lisID>
          <bioguideId>F000062</bioguideId>
          <gpoId>8338</gpoId>
        </identifiers>
        <firstName>DIANNE</firstName>
        <state>CA</state>
        <sponsorshipDate>2019-09-26</sponsorshipDate>
        <sponsorshipWithdrawnDate />
        <bioguideId>F000062</bioguideId>
        <middleName />
      </item>
      <item>
        <lastName>Gardner</lastName>
        <fullName>Sen. Gardner, Cory [R-CO]</fullName>
        <party>R</party>
        <isOriginalCosponsor>True</isOriginalCosponsor>
        <identifiers>
          <bioguideId>G000562</bioguideId>
          <lisID>1998</lisID>
          <gpoId>7862</gpoId>
        </identifiers>
        <firstName>Cory</firstName>
        <state>CO</state>
        <sponsorshipDate>2019-09-26</sponsorshipDate>
        <sponsorshipWithdrawnDate />
        <bioguideId>G000562</bioguideId>
        <middleName />
      </item>
      <item>
        <lastName>Gillibrand</lastName>
        <fullName>Sen. Gillibrand, Kirsten E. [D-NY]</fullName>
        <party>D</party>
        <isOriginalCosponsor>True</isOriginalCosponsor>
        <identifiers>
          <lisID>1866</lisID>
          <bioguideId>G000555</bioguideId>
          <gpoId>8336</gpoId>
        </identifiers>
        <firstName>Kirsten</firstName>
        <state>NY</state>
        <sponsorshipDate>2019-09-26</sponsorshipDate>
        <sponsorshipWithdrawnDate />
        <bioguideId>G000555</bioguideId>
        <middleName>E.</middleName>
      </item>
      <item>
        <lastName>Harris</lastName>
        <fullName>Sen. Harris, Kamala D. [D-CA]</fullName>
        <party>D</party>
        <isOriginalCosponsor>True</isOriginalCosponsor>
        <identifiers>
          <lisID>2301</lisID>
          <gpoId />
          <bioguideId>H001075</bioguideId>
        </identifiers>
        <firstName>Kamala</firstName>
        <state>CA</state>
        <sponsorshipDate>2019-09-26</sponsorshipDate>
        <sponsorshipWithdrawnDate />
        <bioguideId>H001075</bioguideId>
        <middleName>D.</middleName>
      </item>
      <item>
        <lastName>Hassan</lastName>
        <fullName>Sen. Hassan, Margaret Wood [D-NH]</fullName>
        <party>D</party>
        <isOriginalCosponsor>True</isOriginalCosponsor>
        <identifiers>
          <lisID>2302</lisID>
          <bioguideId>H001076</bioguideId>
          <gpoId />
        </identifiers>
        <firstName>Margaret</firstName>
        <state>NH</state>
        <sponsorshipDate>2019-09-26</sponsorshipDate>
        <sponsorshipWithdrawnDate />
        <bioguideId>H001076</bioguideId>
        <middleName>Wood</middleName>
      </item>
      <item>
        <lastName>Heinrich</lastName>
        <fullName>Sen. Heinrich, Martin [D-NM]</fullName>
        <party>D</party>
        <isOriginalCosponsor>True</isOriginalCosponsor>
        <identifiers>
          <bioguideId>H001046</bioguideId>
          <lisID>1937</lisID>
          <gpoId>8056</gpoId>
        </identifiers>
        <firstName>Martin</firstName>
        <state>NM</state>
        <sponsorshipDate>2019-09-26</sponsorshipDate>
        <sponsorshipWithdrawnDate />
        <bioguideId>H001046</bioguideId>
        <middleName />
      </item>
      <item>
        <lastName>Hirono</lastName>
        <fullName>Sen. Hirono, Mazie K. [D-HI]</fullName>
        <party>D</party>
        <isOriginalCosponsor>True</isOriginalCosponsor>
        <identifiers>
          <lisID>1844</lisID>
          <bioguideId>H001042</bioguideId>
          <gpoId>7913</gpoId>
        </identifiers>
        <firstName>Mazie</firstName>
        <state>HI</state>
        <sponsorshipDate>2019-09-26</sponsorshipDate>
        <sponsorshipWithdrawnDate />
        <bioguideId>H001042</bioguideId>
        <middleName>K.</middleName>
      </item>
      <item>
        <lastName>Kaine</lastName>
        <fullName>Sen. Kaine, Tim [D-VA]</fullName>
        <party>D</party>
        <isOriginalCosponsor>True</isOriginalCosponsor>
        <identifiers>
          <lisID>2176</lisID>
          <gpoId />
          <bioguideId>K000384</bioguideId>
        </identifiers>
        <firstName>Timothy</firstName>
        <state>VA</state>
        <sponsorshipDate>2019-09-26</sponsorshipDate>
        <sponsorshipWithdrawnDate />
        <bioguideId>K000384</bioguideId>
        <middleName />
      </item>
      <item>
        <lastName>Klobuchar</lastName>
        <fullName>Sen. Klobuchar, Amy [D-MN]</fullName>
        <party>D</party>
        <isOriginalCosponsor>True</isOriginalCosponsor>
        <identifiers>
          <lisID>1826</lisID>
          <bioguideId>K000367</bioguideId>
          <gpoId>8249</gpoId>
        </identifiers>
        <firstName>Amy</firstName>
        <state>MN</state>
        <sponsorshipDate>2019-09-26</sponsorshipDate>
        <sponsorshipWithdrawnDate />
        <bioguideId>K000367</bioguideId>
        <middleName />
      </item>
      <item>
        <lastName>MARKEY</lastName>
        <fullName>Sen. Markey, Edward J. [D-MA]</fullName>
        <party>D</party>
        <isOriginalCosponsor>True</isOriginalCosponsor>
        <identifiers>
          <lisID>735</lisID>
          <bioguideId>M000133</bioguideId>
          <gpoId>7972</gpoId>
        </identifiers>
        <firstName>EDWARD</firstName>
        <state>MA</state>
        <sponsorshipDate>2019-09-26</sponsorshipDate>
        <sponsorshipWithdrawnDate />
        <bioguideId>M000133</bioguideId>
        <middleName>J.</middleName>
      </item>
      <item>
        <lastName>Murphy</lastName>
        <fullName>Sen. Murphy, Christopher [D-CT]</fullName>
        <party>D</party>
        <isOriginalCosponsor>True</isOriginalCosponsor>
        <identifiers>
          <lisID>1837</lisID>
          <gpoId>7870</gpoId>
          <bioguideId>M001169</bioguideId>
        </identifiers>
        <firstName>Christopher</firstName>
        <state>CT</state>
        <sponsorshipDate>2019-09-26</sponsorshipDate>
        <sponsorshipWithdrawnDate />
        <bioguideId>M001169</bioguideId>
        <middleName />
      </item>
      <item>
        <lastName>MURRAY</lastName>
        <fullName>Sen. Murray, Patty [D-WA]</fullName>
        <party>D</party>
        <isOriginalCosponsor>True</isOriginalCosponsor>
        <identifiers>
          <bioguideId>M001111</bioguideId>
          <lisID>1409</lisID>
          <gpoId>8237</gpoId>
        </identifiers>
        <firstName>PATTY</firstName>
        <state>WA</state>
        <sponsorshipDate>2019-09-26</sponsorshipDate>
        <sponsorshipWithdrawnDate />
        <bioguideId>M001111</bioguideId>
        <middleName />
      </item>
      <item>
        <lastName>Scott</lastName>
        <fullName>Sen. Scott, Rick  [R-FL]</fullName>
        <party>R</party>
        <isOriginalCosponsor>True</isOriginalCosponsor>
        <identifiers>
          <bioguideId>S001217</bioguideId>
          <lisID>2470</lisID>
          <gpoId />
        </identifiers>
        <firstName>Rick</firstName>
        <state>FL</state>
        <sponsorshipDate>2019-09-26</sponsorshipDate>
        <sponsorshipWithdrawnDate />
        <bioguideId>S001217</bioguideId>
        <middleName />
      </item>
      <item>
        <lastName>REED</lastName>
        <fullName>Sen. Reed, Jack [D-RI]</fullName>
        <party>D</party>
        <isOriginalCosponsor>True</isOriginalCosponsor>
        <identifiers>
          <lisID>949</lisID>
          <gpoId>8272</gpoId>
          <bioguideId>R000122</bioguideId>
        </identifiers>
        <firstName>JOHN</firstName>
        <state>RI</state>
        <sponsorshipDate>2019-09-26</sponsorshipDate>
        <sponsorshipWithdrawnDate />
        <bioguideId>R000122</bioguideId>
        <middleName>F.</middleName>
      </item>
      <item>
        <lastName>Rosen</lastName>
        <fullName>Sen. Rosen, Jacky [D-NV]</fullName>
        <party>D</party>
        <isOriginalCosponsor>True</isOriginalCosponsor>
        <identifiers>
          <lisID>2339</lisID>
          <bioguideId>R000608</bioguideId>
          <gpoId />
        </identifiers>
        <firstName>Jacklyn</firstName>
        <state>NV</state>
        <sponsorshipDate>2019-09-26</sponsorshipDate>
        <sponsorshipWithdrawnDate />
        <bioguideId>R000608</bioguideId>
        <middleName />
      </item>
      <item>
        <lastName>Rubio</lastName>
        <fullName>Sen. Rubio, Marco [R-FL]</fullName>
        <party>R</party>
        <isOriginalCosponsor>True</isOriginalCosponsor>
        <identifiers>
          <lisID>2084</lisID>
          <bioguideId>R000595</bioguideId>
          <gpoId>8242</gpoId>
        </identifiers>
        <firstName>Marco</firstName>
        <state>FL</state>
        <sponsorshipDate>2019-09-26</sponsorshipDate>
        <sponsorshipWithdrawnDate />
        <bioguideId>R000595</bioguideId>
        <middleName />
      </item>
      <item>
        <lastName>Sanders</lastName>
        <fullName>Sen. Sanders, Bernard [I-VT]</fullName>
        <party>I</party>
        <isOriginalCosponsor>True</isOriginalCosponsor>
        <identifiers>
          <bioguideId>S000033</bioguideId>
          <lisID>1010</lisID>
          <gpoId>8270</gpoId>
        </identifiers>
        <firstName>Bernard</firstName>
        <state>VT</state>
        <sponsorshipDate>2019-09-26</sponsorshipDate>
        <sponsorshipWithdrawnDate />
        <bioguideId>S000033</bioguideId>
        <middleName />
      </item>
      <item>
        <lastName>SCHUMER</lastName>
        <fullName>Sen. Schumer, Charles E. [D-NY]</fullName>
        <party>D</party>
        <isOriginalCosponsor>True</isOriginalCosponsor>
        <identifiers>
          <lisID>1036</lisID>
          <bioguideId>S000148</bioguideId>
          <gpoId>8279</gpoId>
        </identifiers>
        <firstName>CHARLES</firstName>
        <state>NY</state>
        <sponsorshipDate>2019-09-26</sponsorshipDate>
        <sponsorshipWithdrawnDate />
        <bioguideId>S000148</bioguideId>
        <middleName>E.</middleName>
      </item>
      <item>
        <lastName>Shaheen</lastName>
        <fullName>Sen. Shaheen, Jeanne [D-NH]</fullName>
        <party>D</party>
        <isOriginalCosponsor>True</isOriginalCosponsor>
        <identifiers>
          <bioguideId>S001181</bioguideId>
          <lisID>1901</lisID>
          <gpoId>8276</gpoId>
        </identifiers>
        <firstName>Jeanne</firstName>
        <state>NH</state>
        <sponsorshipDate>2019-09-26</sponsorshipDate>
        <sponsorshipWithdrawnDate />
        <bioguideId>S001181</bioguideId>
        <middleName />
      </item>
      <item>
        <lastName>Sinema</lastName>
        <fullName>Sen. Sinema, Kyrsten [D-AZ]</fullName>
        <party>D</party>
        <isOriginalCosponsor>True</isOriginalCosponsor>
        <identifiers>
          <lisID>2099</lisID>
          <bioguideId>S001191</bioguideId>
          <gpoId />
        </identifiers>
        <firstName>Kyrsten</firstName>
        <state>AZ</state>
        <sponsorshipDate>2019-09-26</sponsorshipDate>
        <sponsorshipWithdrawnDate />
        <bioguideId>S001191</bioguideId>
        <middleName />
      </item>
      <item>
        <lastName>Smith</lastName>
        <fullName>Sen. Smith, Tina  [D-MN]</fullName>
        <party>D</party>
        <isOriginalCosponsor>True</isOriginalCosponsor>
        <identifiers>
          <lisID>2365</lisID>
          <gpoId />
          <bioguideId>S001203</bioguideId>
        </identifiers>
        <firstName>Tina</firstName>
        <state>MN</state>
        <sponsorshipDate>2019-09-26</sponsorshipDate>
        <sponsorshipWithdrawnDate />
        <bioguideId>S001203</bioguideId>
        <middleName />
      </item>
      <item>
        <lastName>STABENOW</lastName>
        <fullName>Sen. Stabenow, Debbie [D-MI]</fullName>
        <party>D</party>
        <isOriginalCosponsor>True</isOriginalCosponsor>
        <identifiers>
          <lisID>1531</lisID>
          <bioguideId>S000770</bioguideId>
          <gpoId>8261</gpoId>
        </identifiers>
        <firstName>DEBORAH</firstName>
        <state>MI</state>
        <sponsorshipDate>2019-09-26</sponsorshipDate>
        <sponsorshipWithdrawnDate />
        <bioguideId>S000770</bioguideId>
        <middleName>ANN</middleName>
      </item>
      <item>
        <lastName>UDALL</lastName>
        <fullName>Sen. Udall, Tom [D-NM]</fullName>
        <party>D</party>
        <isOriginalCosponsor>True</isOriginalCosponsor>
        <identifiers>
          <lisID>1567</lisID>
          <bioguideId>U000039</bioguideId>
          <gpoId>8260</gpoId>
        </identifiers>
        <firstName>TOM</firstName>
        <state>NM</state>
        <sponsorshipDate>2019-09-26</sponsorshipDate>
        <sponsorshipWithdrawnDate />
        <bioguideId>U000039</bioguideId>
        <middleName />
      </item>
      <item>
        <lastName>Van Hollen</lastName>
        <fullName>Sen. Van Hollen, Chris [D-MD]</fullName>
        <party>D</party>
        <isOriginalCosponsor>True</isOriginalCosponsor>
        <identifiers>
          <lisID>1729</lisID>
          <bioguideId>V000128</bioguideId>
          <gpoId>7983</gpoId>
        </identifiers>
        <firstName>Chris</firstName>
        <state>MD</state>
        <sponsorshipDate>2019-09-26</sponsorshipDate>
        <sponsorshipWithdrawnDate />
        <bioguideId>V000128</bioguideId>
        <middleName />
      </item>
      <item>
        <lastName>Warner</lastName>
        <fullName>Sen. Warner, Mark R. [D-VA]</fullName>
        <party>D</party>
        <isOriginalCosponsor>True</isOriginalCosponsor>
        <identifiers>
          <lisID>1897</lisID>
          <gpoId>8269</gpoId>
          <bioguideId>W000805</bioguideId>
        </identifiers>
        <firstName>Mark</firstName>
        <state>VA</state>
        <sponsorshipDate>2019-09-26</sponsorshipDate>
        <sponsorshipWithdrawnDate />
        <bioguideId>W000805</bioguideId>
        <middleName>R.</middleName>
      </item>
      <item>
        <lastName>Warren</lastName>
        <fullName>Sen. Warren, Elizabeth [D-MA]</fullName>
        <party>D</party>
        <isOriginalCosponsor>True</isOriginalCosponsor>
        <identifiers>
          <lisID>2182</lisID>
          <gpoId />
          <bioguideId>W000817</bioguideId>
        </identifiers>
        <firstName>Elizabeth</firstName>
        <state>MA</state>
        <sponsorshipDate>2019-09-26</sponsorshipDate>
        <sponsorshipWithdrawnDate />
        <bioguideId>W000817</bioguideId>
        <middleName>A.</middleName>
      </item>
      <item>
        <lastName>Whitehouse</lastName>
        <fullName>Sen. Whitehouse, Sheldon [D-RI]</fullName>
        <party>D</party>
        <isOriginalCosponsor>True</isOriginalCosponsor>
        <identifiers>
          <lisID>1823</lisID>
          <gpoId>8264</gpoId>
          <bioguideId>W000802</bioguideId>
        </identifiers>
        <firstName>Sheldon</firstName>
        <state>RI</state>
        <sponsorshipDate>2019-09-26</sponsorshipDate>
        <sponsorshipWithdrawnDate />
        <bioguideId>W000802</bioguideId>
        <middleName />
      </item>
      <item>
        <lastName>WYDEN</lastName>
        <fullName>Sen. Wyden, Ron [D-OR]</fullName>
        <party>D</party>
        <isOriginalCosponsor>True</isOriginalCosponsor>
        <identifiers>
          <lisID>1247</lisID>
          <bioguideId>W000779</bioguideId>
          <gpoId>8265</gpoId>
        </identifiers>
        <firstName>RON</firstName>
        <state>OR</state>
        <sponsorshipDate>2019-09-26</sponsorshipDate>
        <sponsorshipWithdrawnDate />
        <bioguideId>W000779</bioguideId>
        <middleName />
      </item>
    </cosponsors>
    <subjects>
      <billSubjects>
        <legislativeSubjects />
        <policyArea>
          <name>Arts, Culture, Religion</name>
        </policyArea>
      </billSubjects>
    </subjects>
    <congress>116</congress>
    <policyArea>
      <name>Arts, Culture, Religion</name>
    </policyArea>
    <summaries>
      <billSummaries>
        <item>
          <name>Introduced in Senate</name>
          <lastSummaryUpdateDate>2019-11-04T22:44:17Z</lastSummaryUpdateDate>
          <actionDate>2019-09-26</actionDate>
          <actionDesc>Introduced in Senate</actionDesc>
          <versionCode>00</versionCode>
          <text><![CDATA[<p>This resolution recognizes (1) the celebration of Hispanic Heritage Month from September 15-October 15, 2019; and (2) the integral role of Latinos and their manifold heritage in the economy, culture, and identity of the United States. </p>]]></text>
          <updateDate>2019-09-26T04:00:00Z</updateDate>
        </item>
        <item>
          <name>Passed Senate</name>
          <lastSummaryUpdateDate>2019-11-04T22:44:10Z</lastSummaryUpdateDate>
          <actionDate>2019-09-26</actionDate>
          <actionDesc>Passed Senate</actionDesc>
          <versionCode>55</versionCode>
          <text><![CDATA[<p>This resolution recognizes (1) the celebration of Hispanic Heritage Month from September 15-October 15, 2019; and (2) the integral role of Latinos and their manifold heritage in the economy, culture, and identity of the United States. </p>]]></text>
          <updateDate>2019-09-26T15:59:28Z</updateDate>
        </item>
      </billSummaries>
    </summaries>
    <billNumber>352</billNumber>
    <calendarNumbers />
    <version>1.0.0</version>
    <committeeReports />
    <latestAction>
      <text>Submitted in the Senate, considered, and agreed to without amendment and with a preamble by Unanimous Consent. (consideration: CR S5760; text: CR S5755-5756)</text>
      <links />
      <actionDate>2019-09-26</actionDate>
    </latestAction>
  </bill>
  <dublinCore xmlns:dc="http://purl.org/dc/elements/1.1/">
    <dc:format>text/xml</dc:format>
    <dc:language>EN</dc:language>
    <dc:rights>Pursuant to Title 17 Section 105 of the United States Code, this file is not subject to copyright protection and is in the public domain.</dc:rights>
    <dc:contributor>Congressional Research Service, Library of Congress</dc:contributor>
    <dc:description>This file contains bill summaries and statuses for federal legislation. A bill summary describes the most significant provisions of a piece of legislation and details the effects the legislative text may have on current law and federal programs. Bill summaries are authored by the Congressional Research Service (CRS) of the Library of Congress. As stated in Public Law 91-510 (2 USC 166 (d)(6)), one of the duties of CRS is "to prepare summaries and digests of bills and resolutions of a public general nature introduced in the Senate or House of Representatives". For more information, refer to the User Guide that accompanies this file.</dc:description>
  </dublinCore>
</billStatus>

