<?xml version="1.0" encoding="UTF-8"?>
<billStatus>
  <bill>
    <version>1.0.0</version>
    <titles>
      <item>
        <parentTitleType />
        <chamberCode />
        <title>A resolution designating October 2019 as "National Bullying Prevention Month" and October 23, 2019, as "Unity Day".</title>
        <titleType>Official Title as Introduced</titleType>
        <chamberName />
      </item>
      <item>
        <parentTitleType />
        <chamberCode />
        <title>A resolution designating October 2019 as "National Bullying Prevention Month" and October 23, 2019, as "Unity Day".</title>
        <titleType>Display Title</titleType>
        <chamberName />
      </item>
    </titles>
    <recordedVotes />
    <originChamber>Senate</originChamber>
    <laws />
    <createDate>2019-10-23T04:45:34Z</createDate>
    <notes />
    <summaries>
      <billSummaries />
    </summaries>
    <policyArea>
      <name>Families</name>
    </policyArea>
    <updateDate>2019-10-31T09:59:01Z</updateDate>
    <committeeReports />
    <textVersions>
      <item>
        <formats>
          <item>
            <url>https://www.govinfo.gov/content/pkg/BILLS-116sres370is/xml/BILLS-116sres370is.xml</url>
          </item>
        </formats>
        <type>Introduced in Senate</type>
        <date>2019-10-22T04:00:00Z</date>
      </item>
    </textVersions>
    <sponsors>
      <item>
        <party>D</party>
        <middleName />
        <firstName>Richard</firstName>
        <fullName>Sen. Blumenthal, Richard [D-CT]</fullName>
        <state>CT</state>
        <byRequestType />
        <identifiers>
          <lisID>2076</lisID>
          <gpoId>8332</gpoId>
          <bioguideId>B001277</bioguideId>
        </identifiers>
        <lastName>Blumenthal</lastName>
        <bioguideId>B001277</bioguideId>
      </item>
    </sponsors>
    <calendarNumbers />
    <cosponsors>
      <item>
        <party>D</party>
        <firstName>Tina</firstName>
        <bioguideId>S001203</bioguideId>
        <isOriginalCosponsor>True</isOriginalCosponsor>
        <fullName>Sen. Smith, Tina  [D-MN]</fullName>
        <sponsorshipWithdrawnDate />
        <sponsorshipDate>2019-10-22</sponsorshipDate>
        <state>MN</state>
        <lastName>Smith</lastName>
        <middleName />
        <identifiers>
          <lisID>2365</lisID>
          <bioguideId>S001203</bioguideId>
          <gpoId />
        </identifiers>
      </item>
      <item>
        <party>D</party>
        <firstName>DIANNE</firstName>
        <bioguideId>F000062</bioguideId>
        <isOriginalCosponsor>True</isOriginalCosponsor>
        <fullName>Sen. Feinstein, Dianne [D-CA]</fullName>
        <sponsorshipWithdrawnDate />
        <sponsorshipDate>2019-10-22</sponsorshipDate>
        <state>CA</state>
        <lastName>FEINSTEIN</lastName>
        <middleName />
        <identifiers>
          <lisID>1332</lisID>
          <bioguideId>F000062</bioguideId>
          <gpoId>8338</gpoId>
        </identifiers>
      </item>
      <item>
        <party>D</party>
        <firstName>Margaret</firstName>
        <bioguideId>H001076</bioguideId>
        <isOriginalCosponsor>True</isOriginalCosponsor>
        <fullName>Sen. Hassan, Margaret Wood [D-NH]</fullName>
        <sponsorshipWithdrawnDate />
        <sponsorshipDate>2019-10-22</sponsorshipDate>
        <state>NH</state>
        <lastName>Hassan</lastName>
        <middleName>Wood</middleName>
        <identifiers>
          <gpoId />
          <lisID>2302</lisID>
          <bioguideId>H001076</bioguideId>
        </identifiers>
      </item>
    </cosponsors>
    <congress>116</congress>
    <subjects>
      <billSubjects>
        <legislativeSubjects />
        <policyArea>
          <name>Families</name>
        </policyArea>
      </billSubjects>
    </subjects>
    <latestAction>
      <text>Referred to the Committee on the Judiciary. (text: CR S5975)</text>
      <links />
      <actionDate>2019-10-22</actionDate>
    </latestAction>
    <billType>SRES</billType>
    <billNumber>370</billNumber>
    <cboCostEstimates />
    <relatedBills>
      <item>
        <latestAction>
          <text>Referred to the House Committee on Education and Labor.</text>
          <actionDate>2019-10-22</actionDate>
        </latestAction>
        <type>HRES</type>
        <congress>116</congress>
        <number>651</number>
        <latestTitle>Supporting the designation of October 2019 as "National Bullying Prevention Month" and October 23, 2019, as "Unity Day".</latestTitle>
        <relationshipDetails>
          <item>
            <type>Related bill</type>
            <identifiedBy>CRS</identifiedBy>
          </item>
        </relationshipDetails>
      </item>
    </relatedBills>
    <committees>
      <billCommittees>
        <item>
          <type>Standing</type>
          <chamber>Senate</chamber>
          <name>Judiciary Committee</name>
          <systemCode>ssju00</systemCode>
          <activities>
            <item>
              <date>2019-10-22T20:52:13Z</date>
              <name>Referred to</name>
            </item>
          </activities>
          <subcommittees />
        </item>
      </billCommittees>
    </committees>
    <actions>
      <actionTypeCounts>
        <introducedInSenate>1</introducedInSenate>
        <referredToCommittee>1</referredToCommittee>
      </actionTypeCounts>
      <item>
        <actionDate>2019-10-22</actionDate>
        <committee>
          <systemCode>ssju00</systemCode>
          <name>Judiciary Committee</name>
        </committee>
        <links>
          <link>
            <name>S5975</name>
            <url>https://www.congress.gov/congressional-record/volume-165/senate-section/page/S5975</url>
          </link>
        </links>
        <sourceSystem>
          <code>0</code>
          <name>Senate</name>
        </sourceSystem>
        <text>Referred to the Committee on the Judiciary. (text: CR S5975)</text>
        <type>IntroReferral</type>
      </item>
      <item>
        <committee />
        <text>Introduced in Senate</text>
        <actionDate>2019-10-22</actionDate>
        <type>IntroReferral</type>
        <links />
        <actionCode>10000</actionCode>
        <sourceSystem>
          <code>9</code>
          <name>Library of Congress</name>
        </sourceSystem>
      </item>
      <actionByCounts>
        <senate>2</senate>
      </actionByCounts>
    </actions>
    <title>A resolution designating October 2019 as "National Bullying Prevention Month" and October 23, 2019, as "Unity Day".</title>
    <introducedDate>2019-10-22</introducedDate>
    <amendments />
  </bill>
  <dublinCore xmlns:dc="http://purl.org/dc/elements/1.1/">
    <dc:format>text/xml</dc:format>
    <dc:language>EN</dc:language>
    <dc:rights>Pursuant to Title 17 Section 105 of the United States Code, this file is not subject to copyright protection and is in the public domain.</dc:rights>
    <dc:contributor>Congressional Research Service, Library of Congress</dc:contributor>
    <dc:description>This file contains bill summaries and statuses for federal legislation. A bill summary describes the most significant provisions of a piece of legislation and details the effects the legislative text may have on current law and federal programs. Bill summaries are authored by the Congressional Research Service (CRS) of the Library of Congress. As stated in Public Law 91-510 (2 USC 166 (d)(6)), one of the duties of CRS is "to prepare summaries and digests of bills and resolutions of a public general nature introduced in the Senate or House of Representatives". For more information, refer to the User Guide that accompanies this file.</dc:description>
  </dublinCore>
</billStatus>

