<?xml version="1.0" encoding="UTF-8"?>
<billStatus>
  <bill>
    <version>1.0.0</version>
    <cboCostEstimates />
    <relatedBills />
    <amendments />
    <summaries>
      <billSummaries>
        <item>
          <text><![CDATA[<p>This resolution authorizes expenditures by the Senate Committee on Commerce, Science, and Transportation for the 116th Congress.</p>]]></text>
          <actionDate>2019-02-06</actionDate>
          <actionDesc>Introduced in Senate</actionDesc>
          <name>Introduced in Senate</name>
          <lastSummaryUpdateDate>2019-02-15T23:24:51Z</lastSummaryUpdateDate>
          <versionCode>00</versionCode>
          <updateDate>2019-02-06T05:00:00Z</updateDate>
        </item>
        <item>
          <text><![CDATA[<p>This resolution authorizes expenditures by the Senate Committee on Commerce, Science, and Transportation for the 116th Congress.</p>]]></text>
          <actionDate>2019-02-06</actionDate>
          <actionDesc>Reported to Senate</actionDesc>
          <name>Reported to Senate</name>
          <lastSummaryUpdateDate>2019-02-15T23:24:42Z</lastSummaryUpdateDate>
          <versionCode>25</versionCode>
          <updateDate>2019-02-06T14:48:22Z</updateDate>
        </item>
      </billSummaries>
    </summaries>
    <policyArea>
      <name>Congress</name>
    </policyArea>
    <sponsors>
      <item>
        <firstName>ROGER</firstName>
        <middleName>F.</middleName>
        <state>MS</state>
        <bioguideId>W000437</bioguideId>
        <identifiers>
          <bioguideId>W000437</bioguideId>
          <gpoId>8263</gpoId>
          <lisID>1226</lisID>
        </identifiers>
        <fullName>Sen. Wicker, Roger F. [R-MS]</fullName>
        <party>R</party>
        <lastName>WICKER</lastName>
        <byRequestType />
      </item>
    </sponsors>
    <notes />
    <billNumber>48</billNumber>
    <updateDate>2019-11-15T21:55:21Z</updateDate>
    <titles>
      <item>
        <parentTitleType />
        <chamberCode />
        <title>An original resolution authorizing expenditures by the Committee on Commerce, Science, and Transportation.</title>
        <titleType>Official Title as Introduced</titleType>
        <chamberName />
      </item>
      <item>
        <parentTitleType />
        <chamberCode />
        <title>An original resolution authorizing expenditures by the Committee on Commerce, Science, and Transportation.</title>
        <titleType>Display Title</titleType>
        <chamberName />
      </item>
    </titles>
    <createDate>2019-02-07T06:10:14Z</createDate>
    <title>An original resolution authorizing expenditures by the Committee on Commerce, Science, and Transportation.</title>
    <textVersions>
      <item>
        <formats>
          <item>
            <url>https://www.govinfo.gov/content/pkg/BILLS-116sres48is/xml/BILLS-116sres48is.xml</url>
          </item>
        </formats>
        <date>2019-02-06T05:00:00Z</date>
        <type>Introduced in Senate</type>
      </item>
    </textVersions>
    <recordedVotes />
    <calendarNumbers />
    <committeeReports />
    <congress>116</congress>
    <latestAction>
      <actionDate>2019-02-06</actionDate>
      <links />
      <text>Referred to the Committee on Rules and Administration. (text: CR S922-923)</text>
    </latestAction>
    <actions>
      <actionByCounts>
        <senate>4</senate>
      </actionByCounts>
      <item>
        <actionDate>2019-02-06</actionDate>
        <committee>
          <name>Rules and Administration Committee</name>
          <systemCode>ssra00</systemCode>
        </committee>
        <links>
          <link>
            <url>https://www.congress.gov/congressional-record/volume-165/senate-section/page/S922-923</url>
            <name>S922-923</name>
          </link>
        </links>
        <sourceSystem>
          <code>0</code>
          <name>Senate</name>
        </sourceSystem>
        <text>Referred to the Committee on Rules and Administration. (text: CR S922-923)</text>
        <type>IntroReferral</type>
      </item>
      <item>
        <actionDate>2019-02-06</actionDate>
        <committee>
          <name>Commerce, Science, and Transportation Committee</name>
          <systemCode>sscm00</systemCode>
        </committee>
        <links />
        <sourceSystem>
          <code>0</code>
          <name>Senate</name>
        </sourceSystem>
        <text>Committee on Commerce, Science, and Transportation. Original measure reported to Senate by Senator Wicker. Without written report.</text>
        <type>Committee</type>
      </item>
      <item>
        <actionDate>2019-02-06</actionDate>
        <committee>
          <name>Commerce, Science, and Transportation Committee</name>
          <systemCode>sscm00</systemCode>
        </committee>
        <type>Committee</type>
        <actionCode>14000</actionCode>
        <links />
        <sourceSystem>
          <code>9</code>
          <name>Library of Congress</name>
        </sourceSystem>
        <text>Committee on Commerce, Science, and Transportation. Original measure reported to Senate by Senator Wicker. Without written report.</text>
      </item>
      <item>
        <actionDate>2019-02-06</actionDate>
        <committee />
        <type>IntroReferral</type>
        <actionCode>10000</actionCode>
        <links />
        <sourceSystem>
          <code>9</code>
          <name>Library of Congress</name>
        </sourceSystem>
        <text>Introduced in Senate</text>
      </item>
      <actionTypeCounts>
        <reportedToSenate>1</reportedToSenate>
        <referredToCommittee>1</referredToCommittee>
        <introducedInSenate>1</introducedInSenate>
        <originalBillReported>1</originalBillReported>
      </actionTypeCounts>
    </actions>
    <originChamber>Senate</originChamber>
    <committees>
      <billCommittees>
        <item>
          <type>Standing</type>
          <chamber>Senate</chamber>
          <systemCode>ssra00</systemCode>
          <name>Rules and Administration Committee</name>
          <activities>
            <item>
              <name>Referred to</name>
              <date>2019-02-06T19:34:08Z</date>
            </item>
          </activities>
          <subcommittees />
        </item>
        <item>
          <type>Standing</type>
          <chamber>Senate</chamber>
          <systemCode>sscm00</systemCode>
          <name>Commerce, Science, and Transportation Committee</name>
          <activities>
            <item>
              <name>Reported original measure</name>
              <date>2019-02-06T19:33:49Z</date>
            </item>
          </activities>
          <subcommittees />
        </item>
      </billCommittees>
    </committees>
    <introducedDate>2019-02-06</introducedDate>
    <subjects>
      <billSubjects>
        <legislativeSubjects>
          <item>
            <name>Congressional committees</name>
          </item>
          <item>
            <name>Senate Committee on Banking, Housing, and Urban Affairs</name>
          </item>
        </legislativeSubjects>
        <policyArea>
          <name>Congress</name>
        </policyArea>
      </billSubjects>
    </subjects>
    <cosponsors />
    <billType>SRES</billType>
    <laws />
  </bill>
  <dublinCore xmlns:dc="http://purl.org/dc/elements/1.1/">
    <dc:format>text/xml</dc:format>
    <dc:language>EN</dc:language>
    <dc:rights>Pursuant to Title 17 Section 105 of the United States Code, this file is not subject to copyright protection and is in the public domain.</dc:rights>
    <dc:contributor>Congressional Research Service, Library of Congress</dc:contributor>
    <dc:description>This file contains bill summaries and statuses for federal legislation. A bill summary describes the most significant provisions of a piece of legislation and details the effects the legislative text may have on current law and federal programs. Bill summaries are authored by the Congressional Research Service (CRS) of the Library of Congress. As stated in Public Law 91-510 (2 USC 166 (d)(6)), one of the duties of CRS is "to prepare summaries and digests of bills and resolutions of a public general nature introduced in the Senate or House of Representatives". For more information, refer to the User Guide that accompanies this file.</dc:description>
  </dublinCore>
</billStatus>

