<?xml version="1.0" encoding="UTF-8"?>
<billStatus>
  <bill>
    <subjects>
      <billSubjects>
        <legislativeSubjects>
          <item>
            <name>Child health</name>
          </item>
          <item>
            <name>Congressional tributes</name>
          </item>
          <item>
            <name>Disaster relief and insurance</name>
          </item>
          <item>
            <name>Health care coverage and access</name>
          </item>
          <item>
            <name>Health technology, devices, supplies</name>
          </item>
        </legislativeSubjects>
        <policyArea>
          <name>Health</name>
        </policyArea>
      </billSubjects>
    </subjects>
    <relatedBills />
    <notes />
    <committees>
      <billCommittees>
        <item>
          <type>Standing</type>
          <name>HELP Committee</name>
          <activities>
            <item>
              <date>2019-09-19T20:20:24Z</date>
              <name>Discharged from</name>
            </item>
            <item>
              <date>2019-05-14T14:29:51Z</date>
              <name>Referred to</name>
            </item>
          </activities>
          <subcommittees />
          <systemCode>sshr00</systemCode>
          <chamber>Senate</chamber>
        </item>
      </billCommittees>
    </committees>
    <summaries>
      <billSummaries>
        <item>
          <lastSummaryUpdateDate>2019-11-01T18:41:32Z</lastSummaryUpdateDate>
          <text><![CDATA[<p>This resolution expresses gratitude for those who operate or support diaper banks and diaper distribution programs in their local communities and support efforts by such banks and programs in response to natural disasters.<br /></p>]]></text>
          <versionCode>00</versionCode>
          <actionDate>2019-05-14</actionDate>
          <actionDesc>Introduced in Senate</actionDesc>
          <updateDate>2019-05-14T04:00:00Z</updateDate>
          <name>Introduced in Senate</name>
        </item>
      </billSummaries>
    </summaries>
    <version>1.0.0</version>
    <originChamber>Senate</originChamber>
    <congress>116</congress>
    <latestAction>
      <actionDate>2019-09-19</actionDate>
      <text>Resolution agreed to in Senate without amendment and with a preamble by Unanimous Consent. (text: CR 5/14/2019 S2833-2834)</text>
      <links />
    </latestAction>
    <actions>
      <actionByCounts>
        <senate>6</senate>
      </actionByCounts>
      <actionTypeCounts>
        <committeeDischarged>1</committeeDischarged>
        <introducedInSenate>1</introducedInSenate>
        <passedAgreedToInSenate>1</passedAgreedToInSenate>
        <referredToCommittee>1</referredToCommittee>
        <agreedToInSenate>1</agreedToInSenate>
        <senateCommitteeDischarged>1</senateCommitteeDischarged>
      </actionTypeCounts>
      <item>
        <actionDate>2019-09-19</actionDate>
        <committee />
        <links>
          <link>
            <name>CR 5/14/2019 S2833</name>
            <url>https://www.congress.gov/congressional-record/volume-165/senate-section/page/S2833</url>
          </link>
        </links>
        <sourceSystem>
          <code>0</code>
          <name>Senate</name>
        </sourceSystem>
        <text>Resolution agreed to in Senate without amendment and with a preamble by Unanimous Consent. (text: CR 5/14/2019 S2833-2834)</text>
        <type>Floor</type>
      </item>
      <item>
        <type>Floor</type>
        <actionDate>2019-09-19</actionDate>
        <actionCode>17000</actionCode>
        <text>Passed/agreed to in Senate: Resolution agreed to in Senate without amendment and with a preamble by Unanimous Consent.(text: CR 5/14/2019 S2833-2834)</text>
        <links>
          <link>
            <name>CR 5/14/2019 S2833</name>
            <url>https://www.congress.gov/congressional-record/volume-165/senate-section/page/S2833</url>
          </link>
        </links>
        <sourceSystem>
          <code>9</code>
          <name>Library of Congress</name>
        </sourceSystem>
        <committee />
      </item>
      <item>
        <actionDate>2019-09-19</actionDate>
        <committee>
          <name>HELP Committee</name>
          <systemCode>sshr00</systemCode>
        </committee>
        <links>
          <link>
            <name>S5609</name>
            <url>https://www.congress.gov/congressional-record/volume-165/senate-section/page/S5609</url>
          </link>
        </links>
        <sourceSystem>
          <code>0</code>
          <name>Senate</name>
        </sourceSystem>
        <text>Senate Committee on Health, Education, Labor, and Pensions discharged by Unanimous Consent. (consideration: CR S5609)</text>
        <type>Discharge</type>
      </item>
      <item>
        <type>Committee</type>
        <actionDate>2019-09-19</actionDate>
        <sourceSystem>
          <code>9</code>
          <name>Library of Congress</name>
        </sourceSystem>
        <text>Senate Committee on Health, Education, Labor, and Pensions discharged by Unanimous Consent.(consideration: CR S5609)</text>
        <links>
          <link>
            <name>S5609</name>
            <url>https://www.congress.gov/congressional-record/volume-165/senate-section/page/S5609</url>
          </link>
        </links>
        <actionCode>14500</actionCode>
        <committee>
          <name>HELP Committee</name>
          <systemCode>sshr00</systemCode>
        </committee>
      </item>
      <item>
        <actionDate>2019-05-14</actionDate>
        <committee>
          <name>HELP Committee</name>
          <systemCode>sshr00</systemCode>
        </committee>
        <links />
        <sourceSystem>
          <code>0</code>
          <name>Senate</name>
        </sourceSystem>
        <text>Referred to the Committee on Health, Education, Labor, and Pensions.</text>
        <type>IntroReferral</type>
      </item>
      <item>
        <type>IntroReferral</type>
        <actionDate>2019-05-14</actionDate>
        <actionCode>10000</actionCode>
        <text>Introduced in Senate</text>
        <links />
        <sourceSystem>
          <code>9</code>
          <name>Library of Congress</name>
        </sourceSystem>
        <committee />
      </item>
    </actions>
    <createDate>2019-05-15T04:42:14Z</createDate>
    <titles>
      <item>
        <chamberName />
        <title>A resolution expressing the gratitude of the Senate for the people who operate or support diaper banks and diaper distribution programs in their local communities.</title>
        <parentTitleType />
        <titleType>Official Title as Introduced</titleType>
        <chamberCode />
      </item>
      <item>
        <chamberName />
        <title>A resolution expressing the gratitude of the Senate for the people who operate or support diaper banks and diaper distribution programs in their local communities.</title>
        <parentTitleType />
        <titleType>Display Title</titleType>
        <chamberCode />
      </item>
    </titles>
    <laws />
    <introducedDate>2019-05-14</introducedDate>
    <calendarNumbers />
    <recordedVotes />
    <textVersions>
      <item>
        <formats>
          <item>
            <url>https://www.govinfo.gov/content/pkg/BILLS-116sres205ats/xml/BILLS-116sres205ats.xml</url>
          </item>
        </formats>
        <type>Agreed to Senate</type>
        <date>2019-09-19T04:00:00Z</date>
      </item>
      <item>
        <formats>
          <item>
            <url>https://www.govinfo.gov/content/pkg/BILLS-116sres205is/xml/BILLS-116sres205is.xml</url>
          </item>
        </formats>
        <type>Introduced in Senate</type>
        <date>2019-05-14T04:00:00Z</date>
      </item>
    </textVersions>
    <cosponsors>
      <item>
        <party>R</party>
        <lastName>Cramer</lastName>
        <firstName>Kevin</firstName>
        <bioguideId>C001096</bioguideId>
        <state>ND</state>
        <sponsorshipDate>2019-05-14</sponsorshipDate>
        <fullName>Sen. Cramer, Kevin [R-ND]</fullName>
        <identifiers>
          <bioguideId>C001096</bioguideId>
          <lisID>2144</lisID>
          <gpoId />
        </identifiers>
        <middleName />
        <sponsorshipWithdrawnDate />
        <isOriginalCosponsor>True</isOriginalCosponsor>
      </item>
      <item>
        <party>D</party>
        <lastName>Jones</lastName>
        <firstName>Doug</firstName>
        <bioguideId>J000300</bioguideId>
        <state>AL</state>
        <sponsorshipDate>2019-05-14</sponsorshipDate>
        <fullName>Sen. Jones, Doug  [D-AL]</fullName>
        <identifiers>
          <lisID>2364</lisID>
          <gpoId />
          <bioguideId>J000300</bioguideId>
        </identifiers>
        <middleName />
        <sponsorshipWithdrawnDate />
        <isOriginalCosponsor>True</isOriginalCosponsor>
      </item>
      <item>
        <party>R</party>
        <lastName>Braun</lastName>
        <firstName>Mike</firstName>
        <bioguideId>B001310</bioguideId>
        <state>IN</state>
        <sponsorshipDate>2019-05-14</sponsorshipDate>
        <fullName>Sen. Braun, Mike  [R-IN]</fullName>
        <identifiers>
          <bioguideId>B001310</bioguideId>
          <gpoId />
          <lisID>2462</lisID>
        </identifiers>
        <middleName />
        <sponsorshipWithdrawnDate />
        <isOriginalCosponsor>True</isOriginalCosponsor>
      </item>
      <item>
        <party>D</party>
        <lastName>Casey</lastName>
        <firstName>Bob</firstName>
        <bioguideId>C001070</bioguideId>
        <state>PA</state>
        <sponsorshipDate>2019-05-14</sponsorshipDate>
        <fullName>Sen. Casey, Robert P., Jr. [D-PA]</fullName>
        <identifiers>
          <bioguideId>C001070</bioguideId>
          <gpoId>8282</gpoId>
          <lisID>1828</lisID>
        </identifiers>
        <middleName />
        <sponsorshipWithdrawnDate />
        <isOriginalCosponsor>True</isOriginalCosponsor>
      </item>
      <item>
        <party>R</party>
        <lastName>Tillis</lastName>
        <firstName>Thomas</firstName>
        <bioguideId>T000476</bioguideId>
        <state>NC</state>
        <sponsorshipDate>2019-05-14</sponsorshipDate>
        <fullName>Sen. Tillis, Thom [R-NC]</fullName>
        <identifiers>
          <lisID>2291</lisID>
          <gpoId />
          <bioguideId>T000476</bioguideId>
        </identifiers>
        <middleName>Roland</middleName>
        <sponsorshipWithdrawnDate />
        <isOriginalCosponsor>True</isOriginalCosponsor>
      </item>
      <item>
        <party>D</party>
        <lastName>Rosen</lastName>
        <firstName>Jacklyn</firstName>
        <bioguideId>R000608</bioguideId>
        <state>NV</state>
        <sponsorshipDate>2019-05-14</sponsorshipDate>
        <fullName>Sen. Rosen, Jacky [D-NV]</fullName>
        <identifiers>
          <bioguideId>R000608</bioguideId>
          <lisID>2339</lisID>
          <gpoId />
        </identifiers>
        <middleName />
        <sponsorshipWithdrawnDate />
        <isOriginalCosponsor>True</isOriginalCosponsor>
      </item>
      <item>
        <party>R</party>
        <lastName>COLLINS</lastName>
        <firstName>SUSAN</firstName>
        <bioguideId>C001035</bioguideId>
        <state>ME</state>
        <sponsorshipDate>2019-05-14</sponsorshipDate>
        <fullName>Sen. Collins, Susan M. [R-ME]</fullName>
        <identifiers>
          <lisID>1541</lisID>
          <gpoId>8291</gpoId>
          <bioguideId>C001035</bioguideId>
        </identifiers>
        <middleName>MARGARET</middleName>
        <sponsorshipWithdrawnDate />
        <isOriginalCosponsor>True</isOriginalCosponsor>
      </item>
      <item>
        <party>D</party>
        <lastName>Smith</lastName>
        <firstName>Tina</firstName>
        <bioguideId>S001203</bioguideId>
        <state>MN</state>
        <sponsorshipDate>2019-05-14</sponsorshipDate>
        <fullName>Sen. Smith, Tina  [D-MN]</fullName>
        <identifiers>
          <lisID>2365</lisID>
          <gpoId />
          <bioguideId>S001203</bioguideId>
        </identifiers>
        <middleName />
        <sponsorshipWithdrawnDate />
        <isOriginalCosponsor>True</isOriginalCosponsor>
      </item>
      <item>
        <party>R</party>
        <lastName>ROBERTS</lastName>
        <firstName>PAT</firstName>
        <bioguideId>R000307</bioguideId>
        <state>KS</state>
        <sponsorshipDate>2019-05-14</sponsorshipDate>
        <fullName>Sen. Roberts, Pat [R-KS]</fullName>
        <identifiers>
          <bioguideId>R000307</bioguideId>
          <lisID>968</lisID>
          <gpoId>8275</gpoId>
        </identifiers>
        <middleName />
        <sponsorshipWithdrawnDate />
        <isOriginalCosponsor>True</isOriginalCosponsor>
      </item>
      <item>
        <party>D</party>
        <lastName>Duckworth</lastName>
        <firstName>Tammy</firstName>
        <bioguideId>D000622</bioguideId>
        <state>IL</state>
        <sponsorshipDate>2019-05-14</sponsorshipDate>
        <fullName>Sen. Duckworth, Tammy [D-IL]</fullName>
        <identifiers>
          <bioguideId>D000622</bioguideId>
          <gpoId />
          <lisID>2123</lisID>
        </identifiers>
        <middleName />
        <sponsorshipWithdrawnDate />
        <isOriginalCosponsor>True</isOriginalCosponsor>
      </item>
      <item>
        <party>R</party>
        <lastName>Hoeven</lastName>
        <firstName>John</firstName>
        <bioguideId>H001061</bioguideId>
        <state>ND</state>
        <sponsorshipDate>2019-05-14</sponsorshipDate>
        <fullName>Sen. Hoeven, John [R-ND]</fullName>
        <identifiers>
          <lisID>2079</lisID>
          <gpoId>8331</gpoId>
          <bioguideId>H001061</bioguideId>
        </identifiers>
        <middleName />
        <sponsorshipWithdrawnDate />
        <isOriginalCosponsor>True</isOriginalCosponsor>
      </item>
      <item>
        <party>R</party>
        <lastName>Lankford</lastName>
        <firstName>James</firstName>
        <bioguideId>L000575</bioguideId>
        <state>OK</state>
        <sponsorshipDate>2019-06-12</sponsorshipDate>
        <fullName>Sen. Lankford, James [R-OK]</fullName>
        <identifiers>
          <lisID>2050</lisID>
          <gpoId>8113</gpoId>
          <bioguideId>L000575</bioguideId>
        </identifiers>
        <middleName />
        <sponsorshipWithdrawnDate />
        <isOriginalCosponsor>False</isOriginalCosponsor>
      </item>
      <item>
        <party>D</party>
        <lastName>Baldwin</lastName>
        <firstName>Tammy</firstName>
        <bioguideId>B001230</bioguideId>
        <state>WI</state>
        <sponsorshipDate>2019-06-12</sponsorshipDate>
        <fullName>Sen. Baldwin, Tammy [D-WI]</fullName>
        <identifiers>
          <lisID>1558</lisID>
          <gpoId>8215</gpoId>
          <bioguideId>B001230</bioguideId>
        </identifiers>
        <middleName />
        <sponsorshipWithdrawnDate />
        <isOriginalCosponsor>False</isOriginalCosponsor>
      </item>
      <item>
        <party>R</party>
        <lastName>Blunt</lastName>
        <firstName>Roy</firstName>
        <bioguideId>B000575</bioguideId>
        <state>MO</state>
        <sponsorshipDate>2019-06-18</sponsorshipDate>
        <fullName>Sen. Blunt, Roy [R-MO]</fullName>
        <identifiers>
          <bioguideId>B000575</bioguideId>
          <lisID>1464</lisID>
          <gpoId>8313</gpoId>
        </identifiers>
        <middleName />
        <sponsorshipWithdrawnDate />
        <isOriginalCosponsor>False</isOriginalCosponsor>
      </item>
      <item>
        <party>R</party>
        <lastName>Boozman</lastName>
        <firstName>John</firstName>
        <bioguideId>B001236</bioguideId>
        <state>AR</state>
        <sponsorshipDate>2019-06-24</sponsorshipDate>
        <fullName>Sen. Boozman, John [R-AR]</fullName>
        <identifiers>
          <lisID>1687</lisID>
          <gpoId>8247</gpoId>
          <bioguideId>B001236</bioguideId>
        </identifiers>
        <middleName />
        <sponsorshipWithdrawnDate />
        <isOriginalCosponsor>False</isOriginalCosponsor>
      </item>
      <item>
        <party>R</party>
        <lastName>McSally</lastName>
        <firstName>Martha</firstName>
        <bioguideId>M001197</bioguideId>
        <state>AZ</state>
        <sponsorshipDate>2019-07-15</sponsorshipDate>
        <fullName>Sen. McSally, Martha [R-AZ]</fullName>
        <identifiers>
          <bioguideId>M001197</bioguideId>
          <gpoId />
          <lisID>2225</lisID>
        </identifiers>
        <middleName />
        <sponsorshipWithdrawnDate />
        <isOriginalCosponsor>False</isOriginalCosponsor>
      </item>
      <item>
        <party>D</party>
        <lastName>Brown</lastName>
        <firstName>Sherrod</firstName>
        <bioguideId>B000944</bioguideId>
        <state>OH</state>
        <sponsorshipDate>2019-07-15</sponsorshipDate>
        <fullName>Sen. Brown, Sherrod [D-OH]</fullName>
        <identifiers>
          <bioguideId>B000944</bioguideId>
          <gpoId>8309</gpoId>
          <lisID>136</lisID>
        </identifiers>
        <middleName />
        <sponsorshipWithdrawnDate />
        <isOriginalCosponsor>False</isOriginalCosponsor>
      </item>
      <item>
        <party>R</party>
        <lastName>Hyde-Smith</lastName>
        <firstName>Cindy</firstName>
        <bioguideId>H001079</bioguideId>
        <state>MS</state>
        <sponsorshipDate>2019-09-12</sponsorshipDate>
        <fullName>Sen. Hyde-Smith, Cindy [R-MS]</fullName>
        <identifiers>
          <lisID>2366</lisID>
          <gpoId />
          <bioguideId>H001079</bioguideId>
        </identifiers>
        <middleName />
        <sponsorshipWithdrawnDate />
        <isOriginalCosponsor>False</isOriginalCosponsor>
      </item>
      <item>
        <party>D</party>
        <lastName>Blumenthal</lastName>
        <firstName>Richard</firstName>
        <bioguideId>B001277</bioguideId>
        <state>CT</state>
        <sponsorshipDate>2019-09-17</sponsorshipDate>
        <fullName>Sen. Blumenthal, Richard [D-CT]</fullName>
        <identifiers>
          <bioguideId>B001277</bioguideId>
          <lisID>2076</lisID>
          <gpoId>8332</gpoId>
        </identifiers>
        <middleName />
        <sponsorshipWithdrawnDate />
        <isOriginalCosponsor>False</isOriginalCosponsor>
      </item>
      <item>
        <party>R</party>
        <lastName>WICKER</lastName>
        <firstName>ROGER</firstName>
        <bioguideId>W000437</bioguideId>
        <state>MS</state>
        <sponsorshipDate>2019-09-19</sponsorshipDate>
        <fullName>Sen. Wicker, Roger F. [R-MS]</fullName>
        <identifiers>
          <bioguideId>W000437</bioguideId>
          <gpoId>8263</gpoId>
          <lisID>1226</lisID>
        </identifiers>
        <middleName>F.</middleName>
        <sponsorshipWithdrawnDate />
        <isOriginalCosponsor>False</isOriginalCosponsor>
      </item>
    </cosponsors>
    <amendments />
    <billNumber>205</billNumber>
    <updateDate>2019-11-15T22:00:47Z</updateDate>
    <cboCostEstimates />
    <title>A resolution expressing the gratitude of the Senate for the people who operate or support diaper banks and diaper distribution programs in their local communities.</title>
    <committeeReports />
    <policyArea>
      <name>Health</name>
    </policyArea>
    <sponsors>
      <item>
        <party>D</party>
        <lastName>Murphy</lastName>
        <firstName>Christopher</firstName>
        <state>CT</state>
        <fullName>Sen. Murphy, Christopher [D-CT]</fullName>
        <identifiers>
          <bioguideId>M001169</bioguideId>
          <lisID>1837</lisID>
          <gpoId>7870</gpoId>
        </identifiers>
        <middleName />
        <bioguideId>M001169</bioguideId>
        <byRequestType />
      </item>
    </sponsors>
    <billType>SRES</billType>
  </bill>
  <dublinCore xmlns:dc="http://purl.org/dc/elements/1.1/">
    <dc:format>text/xml</dc:format>
    <dc:language>EN</dc:language>
    <dc:rights>Pursuant to Title 17 Section 105 of the United States Code, this file is not subject to copyright protection and is in the public domain.</dc:rights>
    <dc:contributor>Congressional Research Service, Library of Congress</dc:contributor>
    <dc:description>This file contains bill summaries and statuses for federal legislation. A bill summary describes the most significant provisions of a piece of legislation and details the effects the legislative text may have on current law and federal programs. Bill summaries are authored by the Congressional Research Service (CRS) of the Library of Congress. As stated in Public Law 91-510 (2 USC 166 (d)(6)), one of the duties of CRS is "to prepare summaries and digests of bills and resolutions of a public general nature introduced in the Senate or House of Representatives". For more information, refer to the User Guide that accompanies this file.</dc:description>
  </dublinCore>
</billStatus>

