<?xml version="1.0" encoding="UTF-8"?>
<billStatus>
  <bill>
    <version>1.0.0</version>
    <cboCostEstimates />
    <relatedBills />
    <amendments />
    <summaries>
      <billSummaries />
    </summaries>
    <policyArea>
      <name>International Affairs</name>
    </policyArea>
    <sponsors>
      <item>
        <firstName>Mike</firstName>
        <middleName />
        <state>UT</state>
        <bioguideId>L000577</bioguideId>
        <identifiers>
          <lisID>2080</lisID>
          <gpoId>8303</gpoId>
          <bioguideId>L000577</bioguideId>
        </identifiers>
        <fullName>Sen. Lee, Mike [R-UT]</fullName>
        <party>R</party>
        <lastName>Lee</lastName>
        <byRequestType />
      </item>
    </sponsors>
    <notes />
    <billNumber>298</billNumber>
    <updateDate>2019-11-15T21:56:30Z</updateDate>
    <titles>
      <item>
        <title>A resolution concurring with the decision to withdraw the United States from the INF Treaty, and for other purposes.</title>
        <parentTitleType />
        <titleType>Official Title as Introduced</titleType>
        <chamberName />
        <chamberCode />
      </item>
      <item>
        <title>A resolution concurring with the decision to withdraw the United States from the INF Treaty, and for other purposes.</title>
        <parentTitleType />
        <titleType>Display Title</titleType>
        <chamberName />
        <chamberCode />
      </item>
    </titles>
    <createDate>2019-08-01T07:42:15Z</createDate>
    <title>A resolution concurring with the decision to withdraw the United States from the INF Treaty, and for other purposes.</title>
    <textVersions>
      <item>
        <type>Introduced in Senate</type>
        <formats>
          <item>
            <url>https://www.govinfo.gov/content/pkg/BILLS-116sres298is/xml/BILLS-116sres298is.xml</url>
          </item>
        </formats>
        <date>2019-07-31T04:00:00Z</date>
      </item>
    </textVersions>
    <recordedVotes />
    <calendarNumbers />
    <committeeReports />
    <congress>116</congress>
    <latestAction>
      <actionDate>2019-07-31</actionDate>
      <links />
      <text>Referred to the Committee on Foreign Relations. (text: CR S5258)</text>
    </latestAction>
    <actions>
      <actionByCounts>
        <senate>2</senate>
      </actionByCounts>
      <item>
        <actionDate>2019-07-31</actionDate>
        <committee>
          <systemCode>ssfr00</systemCode>
          <name>Foreign Relations Committee</name>
        </committee>
        <links>
          <link>
            <name>S5258</name>
            <url>https://www.congress.gov/congressional-record/volume-165/senate-section/page/S5258</url>
          </link>
        </links>
        <sourceSystem>
          <name>Senate</name>
          <code>0</code>
        </sourceSystem>
        <text>Referred to the Committee on Foreign Relations. (text: CR S5258)</text>
        <type>IntroReferral</type>
      </item>
      <item>
        <committee />
        <type>IntroReferral</type>
        <actionDate>2019-07-31</actionDate>
        <actionCode>10000</actionCode>
        <text>Introduced in Senate</text>
        <links />
        <sourceSystem>
          <name>Library of Congress</name>
          <code>9</code>
        </sourceSystem>
      </item>
      <actionTypeCounts>
        <referredToCommittee>1</referredToCommittee>
        <introducedInSenate>1</introducedInSenate>
      </actionTypeCounts>
    </actions>
    <originChamber>Senate</originChamber>
    <committees>
      <billCommittees>
        <item>
          <type>Standing</type>
          <chamber>Senate</chamber>
          <systemCode>ssfr00</systemCode>
          <name>Foreign Relations Committee</name>
          <activities>
            <item>
              <name>Referred to</name>
              <date>2019-07-31T21:34:57Z</date>
            </item>
          </activities>
          <subcommittees />
        </item>
      </billCommittees>
    </committees>
    <introducedDate>2019-07-31</introducedDate>
    <subjects>
      <billSubjects>
        <legislativeSubjects />
        <policyArea>
          <name>International Affairs</name>
        </policyArea>
      </billSubjects>
    </subjects>
    <cosponsors>
      <item>
        <party>R</party>
        <lastName>Cruz</lastName>
        <firstName>Ted</firstName>
        <bioguideId>C001098</bioguideId>
        <state>TX</state>
        <sponsorshipDate>2019-07-31</sponsorshipDate>
        <fullName>Sen. Cruz, Ted [R-TX]</fullName>
        <identifiers>
          <lisID>2175</lisID>
          <gpoId />
          <bioguideId>C001098</bioguideId>
        </identifiers>
        <middleName />
        <sponsorshipWithdrawnDate />
        <isOriginalCosponsor>True</isOriginalCosponsor>
      </item>
      <item>
        <party>R</party>
        <lastName>WICKER</lastName>
        <firstName>ROGER</firstName>
        <bioguideId>W000437</bioguideId>
        <state>MS</state>
        <sponsorshipDate>2019-07-31</sponsorshipDate>
        <fullName>Sen. Wicker, Roger F. [R-MS]</fullName>
        <identifiers>
          <bioguideId>W000437</bioguideId>
          <gpoId>8263</gpoId>
          <lisID>1226</lisID>
        </identifiers>
        <middleName>F.</middleName>
        <sponsorshipWithdrawnDate />
        <isOriginalCosponsor>True</isOriginalCosponsor>
      </item>
      <item>
        <party>R</party>
        <lastName>Cotton</lastName>
        <firstName>Tom</firstName>
        <bioguideId>C001095</bioguideId>
        <state>AR</state>
        <sponsorshipDate>2019-07-31</sponsorshipDate>
        <fullName>Sen. Cotton, Tom [R-AR]</fullName>
        <identifiers>
          <lisID>2098</lisID>
          <gpoId />
          <bioguideId>C001095</bioguideId>
        </identifiers>
        <middleName />
        <sponsorshipWithdrawnDate />
        <isOriginalCosponsor>True</isOriginalCosponsor>
      </item>
      <item>
        <party>R</party>
        <lastName>Blunt</lastName>
        <firstName>Roy</firstName>
        <bioguideId>B000575</bioguideId>
        <state>MO</state>
        <sponsorshipDate>2019-07-31</sponsorshipDate>
        <fullName>Sen. Blunt, Roy [R-MO]</fullName>
        <identifiers>
          <bioguideId>B000575</bioguideId>
          <gpoId>8313</gpoId>
          <lisID>1464</lisID>
        </identifiers>
        <middleName />
        <sponsorshipWithdrawnDate />
        <isOriginalCosponsor>True</isOriginalCosponsor>
      </item>
      <item>
        <party>R</party>
        <lastName>Johnson</lastName>
        <firstName>Ron</firstName>
        <bioguideId>J000293</bioguideId>
        <state>WI</state>
        <sponsorshipDate>2019-07-31</sponsorshipDate>
        <fullName>Sen. Johnson, Ron [R-WI]</fullName>
        <identifiers>
          <lisID>2086</lisID>
          <gpoId>8355</gpoId>
          <bioguideId>J000293</bioguideId>
        </identifiers>
        <middleName />
        <sponsorshipWithdrawnDate />
        <isOriginalCosponsor>True</isOriginalCosponsor>
      </item>
      <item>
        <party>R</party>
        <lastName>Barrasso</lastName>
        <firstName>John</firstName>
        <bioguideId>B001261</bioguideId>
        <state>WY</state>
        <sponsorshipDate>2019-07-31</sponsorshipDate>
        <fullName>Sen. Barrasso, John [R-WY]</fullName>
        <identifiers>
          <lisID>1881</lisID>
          <gpoId>8300</gpoId>
          <bioguideId>B001261</bioguideId>
        </identifiers>
        <middleName />
        <sponsorshipWithdrawnDate />
        <isOriginalCosponsor>True</isOriginalCosponsor>
      </item>
      <item>
        <party>R</party>
        <lastName>Cramer</lastName>
        <firstName>Kevin</firstName>
        <bioguideId>C001096</bioguideId>
        <state>ND</state>
        <sponsorshipDate>2019-07-31</sponsorshipDate>
        <fullName>Sen. Cramer, Kevin [R-ND]</fullName>
        <identifiers>
          <lisID>2144</lisID>
          <gpoId />
          <bioguideId>C001096</bioguideId>
        </identifiers>
        <middleName />
        <sponsorshipWithdrawnDate />
        <isOriginalCosponsor>True</isOriginalCosponsor>
      </item>
      <item>
        <party>R</party>
        <lastName>Hyde-Smith</lastName>
        <firstName>Cindy</firstName>
        <bioguideId>H001079</bioguideId>
        <state>MS</state>
        <sponsorshipDate>2019-07-31</sponsorshipDate>
        <fullName>Sen. Hyde-Smith, Cindy [R-MS]</fullName>
        <identifiers>
          <lisID>2366</lisID>
          <gpoId />
          <bioguideId>H001079</bioguideId>
        </identifiers>
        <middleName />
        <sponsorshipWithdrawnDate />
        <isOriginalCosponsor>True</isOriginalCosponsor>
      </item>
      <item>
        <party>R</party>
        <lastName>GRAHAM</lastName>
        <firstName>LINDSEY</firstName>
        <bioguideId>G000359</bioguideId>
        <state>SC</state>
        <sponsorshipDate>2019-07-31</sponsorshipDate>
        <fullName>Sen. Graham, Lindsey [R-SC]</fullName>
        <identifiers>
          <lisID>452</lisID>
          <gpoId>8335</gpoId>
          <bioguideId>G000359</bioguideId>
        </identifiers>
        <middleName>O.</middleName>
        <sponsorshipWithdrawnDate />
        <isOriginalCosponsor>True</isOriginalCosponsor>
      </item>
      <item>
        <party>R</party>
        <lastName>Sullivan</lastName>
        <firstName>Dan</firstName>
        <bioguideId>S001198</bioguideId>
        <state>AK</state>
        <sponsorshipDate>2019-07-31</sponsorshipDate>
        <fullName>Sen. Sullivan, Dan  [R-AK]</fullName>
        <identifiers>
          <lisID>2290</lisID>
          <gpoId />
          <bioguideId>S001198</bioguideId>
        </identifiers>
        <middleName />
        <sponsorshipWithdrawnDate />
        <isOriginalCosponsor>True</isOriginalCosponsor>
      </item>
      <item>
        <party>R</party>
        <lastName>Tillis</lastName>
        <firstName>Thomas</firstName>
        <bioguideId>T000476</bioguideId>
        <state>NC</state>
        <sponsorshipDate>2019-07-31</sponsorshipDate>
        <fullName>Sen. Tillis, Thom [R-NC]</fullName>
        <identifiers>
          <lisID>2291</lisID>
          <gpoId />
          <bioguideId>T000476</bioguideId>
        </identifiers>
        <middleName>Roland</middleName>
        <sponsorshipWithdrawnDate />
        <isOriginalCosponsor>True</isOriginalCosponsor>
      </item>
      <item>
        <party>R</party>
        <lastName>Rubio</lastName>
        <firstName>Marco</firstName>
        <bioguideId>R000595</bioguideId>
        <state>FL</state>
        <sponsorshipDate>2019-07-31</sponsorshipDate>
        <fullName>Sen. Rubio, Marco [R-FL]</fullName>
        <identifiers>
          <lisID>2084</lisID>
          <gpoId>8242</gpoId>
          <bioguideId>R000595</bioguideId>
        </identifiers>
        <middleName />
        <sponsorshipWithdrawnDate />
        <isOriginalCosponsor>True</isOriginalCosponsor>
      </item>
      <item>
        <party>R</party>
        <lastName>Braun</lastName>
        <firstName>Mike</firstName>
        <bioguideId>B001310</bioguideId>
        <state>IN</state>
        <sponsorshipDate>2019-07-31</sponsorshipDate>
        <fullName>Sen. Braun, Mike  [R-IN]</fullName>
        <identifiers>
          <lisID>2462</lisID>
          <gpoId />
          <bioguideId>B001310</bioguideId>
        </identifiers>
        <middleName />
        <sponsorshipWithdrawnDate />
        <isOriginalCosponsor>True</isOriginalCosponsor>
      </item>
      <item>
        <party>R</party>
        <lastName>Blackburn</lastName>
        <firstName>Marsha</firstName>
        <bioguideId>B001243</bioguideId>
        <state>TN</state>
        <sponsorshipDate>2019-07-31</sponsorshipDate>
        <fullName>Sen. Blackburn, Marsha [R-TN]</fullName>
        <identifiers>
          <bioguideId>B001243</bioguideId>
          <gpoId>8154</gpoId>
          <lisID>1748</lisID>
        </identifiers>
        <middleName />
        <sponsorshipWithdrawnDate />
        <isOriginalCosponsor>True</isOriginalCosponsor>
      </item>
      <item>
        <party>R</party>
        <lastName>Cornyn</lastName>
        <firstName>John</firstName>
        <bioguideId>C001056</bioguideId>
        <state>TX</state>
        <sponsorshipDate>2019-07-31</sponsorshipDate>
        <fullName>Sen. Cornyn, John [R-TX]</fullName>
        <identifiers>
          <bioguideId>C001056</bioguideId>
          <lisID>1692</lisID>
          <gpoId>8295</gpoId>
        </identifiers>
        <middleName />
        <sponsorshipWithdrawnDate />
        <isOriginalCosponsor>True</isOriginalCosponsor>
      </item>
      <item>
        <party>R</party>
        <lastName>Ernst</lastName>
        <firstName>Joni</firstName>
        <bioguideId>E000295</bioguideId>
        <state>IA</state>
        <sponsorshipDate>2019-08-01</sponsorshipDate>
        <fullName>Sen. Ernst, Joni  [R-IA]</fullName>
        <identifiers>
          <bioguideId>E000295</bioguideId>
          <gpoId />
          <lisID>2283</lisID>
        </identifiers>
        <middleName />
        <sponsorshipWithdrawnDate />
        <isOriginalCosponsor>False</isOriginalCosponsor>
      </item>
      <item>
        <party>R</party>
        <lastName>ENZI</lastName>
        <firstName>MICHAEL</firstName>
        <bioguideId>E000285</bioguideId>
        <state>WY</state>
        <sponsorshipDate>2019-08-01</sponsorshipDate>
        <fullName>Sen. Enzi, Michael B. [R-WY]</fullName>
        <identifiers>
          <lisID>1542</lisID>
          <gpoId>8328</gpoId>
          <bioguideId>E000285</bioguideId>
        </identifiers>
        <middleName>B.</middleName>
        <sponsorshipWithdrawnDate />
        <isOriginalCosponsor>False</isOriginalCosponsor>
      </item>
    </cosponsors>
    <billType>SRES</billType>
    <laws />
  </bill>
  <dublinCore xmlns:dc="http://purl.org/dc/elements/1.1/">
    <dc:format>text/xml</dc:format>
    <dc:language>EN</dc:language>
    <dc:rights>Pursuant to Title 17 Section 105 of the United States Code, this file is not subject to copyright protection and is in the public domain.</dc:rights>
    <dc:contributor>Congressional Research Service, Library of Congress</dc:contributor>
    <dc:description>This file contains bill summaries and statuses for federal legislation. A bill summary describes the most significant provisions of a piece of legislation and details the effects the legislative text may have on current law and federal programs. Bill summaries are authored by the Congressional Research Service (CRS) of the Library of Congress. As stated in Public Law 91-510 (2 USC 166 (d)(6)), one of the duties of CRS is "to prepare summaries and digests of bills and resolutions of a public general nature introduced in the Senate or House of Representatives". For more information, refer to the User Guide that accompanies this file.</dc:description>
  </dublinCore>
</billStatus>

