<?xml version="1.0" encoding="UTF-8"?>
<billStatus>
  <bill>
    <committeeReports />
    <latestAction>
      <actionDate>2019-01-17</actionDate>
      <text>Submitted in the Senate, considered, and agreed to without amendment by Unanimous Consent. (consideration: CR S297; text: CR S295)</text>
      <links />
    </latestAction>
    <committees>
      <billCommittees />
    </committees>
    <introducedDate>2019-01-17</introducedDate>
    <notes />
    <congress>116</congress>
    <summaries>
      <billSummaries>
        <item>
          <text><![CDATA[<p>This resolution designates the minority party's membership on the Senate Committee on Energy and Natural Resources for the 116th Congress.</p>]]></text>
          <actionDate>2019-01-17</actionDate>
          <versionCode>00</versionCode>
          <name>Introduced in Senate</name>
          <actionDesc>Introduced in Senate</actionDesc>
          <updateDate>2019-01-17T05:00:00Z</updateDate>
          <lastSummaryUpdateDate>2019-03-11T22:22:50Z</lastSummaryUpdateDate>
        </item>
      </billSummaries>
    </summaries>
    <actions>
      <item>
        <actionDate>2019-01-17</actionDate>
        <committee />
        <links>
          <link>
            <url>https://www.congress.gov/congressional-record/volume-165/senate-section/page/S295</url>
            <name>S295</name>
          </link>
          <link>
            <url>https://www.congress.gov/congressional-record/volume-165/senate-section/page/S297</url>
            <name>S297</name>
          </link>
        </links>
        <sourceSystem>
          <code>0</code>
          <name>Senate</name>
        </sourceSystem>
        <text>Submitted in the Senate, considered, and agreed to without amendment by Unanimous Consent. (consideration: CR S297; text: CR S295)</text>
        <type>Floor</type>
      </item>
      <item>
        <links>
          <link>
            <url>https://www.congress.gov/congressional-record/volume-165/senate-section/page/S295</url>
            <name>S295</name>
          </link>
          <link>
            <url>https://www.congress.gov/congressional-record/volume-165/senate-section/page/S297</url>
            <name>S297</name>
          </link>
        </links>
        <text>Passed/agreed to in Senate: Submitted in the Senate, considered, and agreed to without amendment by Unanimous Consent.(consideration: CR S297; text: CR S295)</text>
        <committee />
        <actionDate>2019-01-17</actionDate>
        <actionCode>17000</actionCode>
        <type>Floor</type>
        <sourceSystem>
          <code>9</code>
          <name>Library of Congress</name>
        </sourceSystem>
      </item>
      <item>
        <links />
        <text>Introduced in Senate</text>
        <committee />
        <actionDate>2019-01-17</actionDate>
        <actionCode>10000</actionCode>
        <type>IntroReferral</type>
        <sourceSystem>
          <code>9</code>
          <name>Library of Congress</name>
        </sourceSystem>
      </item>
      <actionTypeCounts>
        <passedAgreedToInSenate>1</passedAgreedToInSenate>
        <passedOrAgreedToInSenateDayOf>1</passedOrAgreedToInSenateDayOf>
        <introducedInSenate>1</introducedInSenate>
      </actionTypeCounts>
      <actionByCounts>
        <senate>3</senate>
      </actionByCounts>
    </actions>
    <cosponsors />
    <cboCostEstimates />
    <updateDate>2019-08-03T07:56:08Z</updateDate>
    <subjects>
      <billSubjects>
        <legislativeSubjects>
          <item>
            <name>Congressional committees</name>
          </item>
          <item>
            <name>Members of Congress</name>
          </item>
          <item>
            <name>Senate</name>
          </item>
          <item>
            <name>Senate Committee on Energy and Natural Resources</name>
          </item>
        </legislativeSubjects>
        <policyArea>
          <name>Congress</name>
        </policyArea>
      </billSubjects>
    </subjects>
    <textVersions>
      <item>
        <type>Agreed to Senate</type>
        <date>2019-01-17T05:00:00Z</date>
        <formats>
          <item>
            <url>https://www.govinfo.gov/content/pkg/BILLS-116sres21ats/xml/BILLS-116sres21ats.xml</url>
          </item>
        </formats>
      </item>
    </textVersions>
    <title>A resolution to constitute the minority party's membership on certain committees for the One Hundred Sixteenth Congress, or until their successors are chosen.</title>
    <recordedVotes />
    <policyArea>
      <name>Congress</name>
    </policyArea>
    <calendarNumbers />
    <amendments />
    <sponsors>
      <item>
        <party>D</party>
        <fullName>Sen. Schumer, Charles E. [D-NY]</fullName>
        <identifiers>
          <gpoId>8279</gpoId>
          <lisID>1036</lisID>
          <bioguideId>S000148</bioguideId>
        </identifiers>
        <bioguideId>S000148</bioguideId>
        <state>NY</state>
        <middleName>E.</middleName>
        <lastName>SCHUMER</lastName>
        <byRequestType />
        <firstName>CHARLES</firstName>
      </item>
    </sponsors>
    <originChamber>Senate</originChamber>
    <relatedBills />
    <laws />
    <billType>SRES</billType>
    <version>1.0.0</version>
    <createDate>2019-01-18T05:55:13Z</createDate>
    <billNumber>21</billNumber>
    <titles>
      <item>
        <chamberName />
        <parentTitleType />
        <titleType>Official Title as Introduced</titleType>
        <chamberCode />
        <title>A resolution to constitute the minority party's membership on certain committees for the One Hundred Sixteenth Congress, or until their successors are chosen.</title>
      </item>
      <item>
        <chamberName />
        <parentTitleType />
        <titleType>Display Title</titleType>
        <chamberCode />
        <title>A resolution to constitute the minority party's membership on certain committees for the One Hundred Sixteenth Congress, or until their successors are chosen.</title>
      </item>
    </titles>
  </bill>
  <dublinCore xmlns:dc="http://purl.org/dc/elements/1.1/">
    <dc:format>text/xml</dc:format>
    <dc:language>EN</dc:language>
    <dc:rights>Pursuant to Title 17 Section 105 of the United States Code, this file is not subject to copyright protection and is in the public domain.</dc:rights>
    <dc:contributor>Congressional Research Service, Library of Congress</dc:contributor>
    <dc:description>This file contains bill summaries and statuses for federal legislation. A bill summary describes the most significant provisions of a piece of legislation and details the effects the legislative text may have on current law and federal programs. Bill summaries are authored by the Congressional Research Service (CRS) of the Library of Congress. As stated in Public Law 91-510 (2 USC 166 (d)(6)), one of the duties of CRS is "to prepare summaries and digests of bills and resolutions of a public general nature introduced in the Senate or House of Representatives". For more information, refer to the User Guide that accompanies this file.</dc:description>
  </dublinCore>
</billStatus>

