<?xml version="1.0" encoding="UTF-8"?>
<billStatus>
  <bill>
    <billNumber>175</billNumber>
    <committeeReports />
    <cboCostEstimates />
    <summaries>
      <billSummaries>
        <item>
          <versionCode>00</versionCode>
          <actionDesc>Introduced in Senate</actionDesc>
          <updateDate>2019-04-30T04:00:00Z</updateDate>
          <name>Introduced in Senate</name>
          <lastSummaryUpdateDate>2019-11-01T18:41:01Z</lastSummaryUpdateDate>
          <actionDate>2019-04-30</actionDate>
          <text><![CDATA[<p>This resolution commits to increasing awareness of sepsis.</p> <p>It also expresses support for (1) innovative public-private partnerships, and (2) the pursuit of mechanisms to accelerate the pursuit of improved early detection and intervention for patients with sepsis.</p>]]></text>
        </item>
      </billSummaries>
    </summaries>
    <notes />
    <createDate>2019-05-01T04:27:07Z</createDate>
    <cosponsors>
      <item>
        <firstName>Roy</firstName>
        <middleName />
        <isOriginalCosponsor>True</isOriginalCosponsor>
        <state>MO</state>
        <bioguideId>B000575</bioguideId>
        <identifiers>
          <bioguideId>B000575</bioguideId>
          <gpoId>8313</gpoId>
          <lisID>1464</lisID>
        </identifiers>
        <sponsorshipWithdrawnDate />
        <sponsorshipDate>2019-04-30</sponsorshipDate>
        <fullName>Sen. Blunt, Roy [R-MO]</fullName>
        <party>R</party>
        <lastName>Blunt</lastName>
      </item>
    </cosponsors>
    <originChamber>Senate</originChamber>
    <amendments />
    <updateDate>2019-11-15T21:59:17Z</updateDate>
    <relatedBills>
      <item>
        <latestAction>
          <text>Referred to the House Committee on Energy and Commerce.</text>
          <actionDate>2019-04-04</actionDate>
        </latestAction>
        <type>HRES</type>
        <relationshipDetails>
          <item>
            <type>Identical bill</type>
            <identifiedBy>CRS</identifiedBy>
          </item>
        </relationshipDetails>
        <congress>116</congress>
        <number>290</number>
        <latestTitle>Supporting increased awareness of sepsis and the importance of early diagnosis and appropriate intervention.</latestTitle>
      </item>
    </relatedBills>
    <latestAction>
      <text>Referred to the Committee on Health, Education, Labor, and Pensions. (text: CR S2523)</text>
      <actionDate>2019-04-30</actionDate>
      <links />
    </latestAction>
    <introducedDate>2019-04-30</introducedDate>
    <laws />
    <subjects>
      <billSubjects>
        <legislativeSubjects>
          <item>
            <name>Health care quality</name>
          </item>
          <item>
            <name>Health promotion and preventive care</name>
          </item>
          <item>
            <name>Medical research</name>
          </item>
          <item>
            <name>Medical tests and diagnostic methods</name>
          </item>
          <item>
            <name>Public-private cooperation</name>
          </item>
        </legislativeSubjects>
        <policyArea>
          <name>Health</name>
        </policyArea>
      </billSubjects>
    </subjects>
    <calendarNumbers />
    <textVersions>
      <item>
        <formats>
          <item>
            <url>https://www.govinfo.gov/content/pkg/BILLS-116sres175is/xml/BILLS-116sres175is.xml</url>
          </item>
        </formats>
        <type>Introduced in Senate</type>
        <date>2019-04-30T04:00:00Z</date>
      </item>
    </textVersions>
    <version>1.0.0</version>
    <policyArea>
      <name>Health</name>
    </policyArea>
    <recordedVotes />
    <sponsors>
      <item>
        <bioguideId>B001230</bioguideId>
        <state>WI</state>
        <party>D</party>
        <fullName>Sen. Baldwin, Tammy [D-WI]</fullName>
        <firstName>Tammy</firstName>
        <lastName>Baldwin</lastName>
        <byRequestType />
        <middleName />
        <identifiers>
          <lisID>1558</lisID>
          <gpoId>8215</gpoId>
          <bioguideId>B001230</bioguideId>
        </identifiers>
      </item>
    </sponsors>
    <billType>SRES</billType>
    <title>A resolution supporting increased awareness of sepsis and the importance of early diagnosis and appropriate intervention.</title>
    <congress>116</congress>
    <committees>
      <billCommittees>
        <item>
          <type>Standing</type>
          <subcommittees />
          <systemCode>sshr00</systemCode>
          <name>HELP Committee</name>
          <chamber>Senate</chamber>
          <activities>
            <item>
              <name>Referred to</name>
              <date>2019-04-30T20:08:36Z</date>
            </item>
          </activities>
        </item>
      </billCommittees>
    </committees>
    <actions>
      <actionByCounts>
        <senate>2</senate>
      </actionByCounts>
      <item>
        <actionDate>2019-04-30</actionDate>
        <committee>
          <name>HELP Committee</name>
          <systemCode>sshr00</systemCode>
        </committee>
        <links>
          <link>
            <url>https://www.congress.gov/congressional-record/volume-165/senate-section/page/S2523</url>
            <name>S2523</name>
          </link>
        </links>
        <sourceSystem>
          <code>0</code>
          <name>Senate</name>
        </sourceSystem>
        <text>Referred to the Committee on Health, Education, Labor, and Pensions. (text: CR S2523)</text>
        <type>IntroReferral</type>
      </item>
      <item>
        <actionDate>2019-04-30</actionDate>
        <committee />
        <type>IntroReferral</type>
        <actionCode>10000</actionCode>
        <links />
        <sourceSystem>
          <code>9</code>
          <name>Library of Congress</name>
        </sourceSystem>
        <text>Introduced in Senate</text>
      </item>
      <actionTypeCounts>
        <referredToCommittee>1</referredToCommittee>
        <introducedInSenate>1</introducedInSenate>
      </actionTypeCounts>
    </actions>
    <titles>
      <item>
        <title>A resolution supporting increased awareness of sepsis and the importance of early diagnosis and appropriate intervention.</title>
        <parentTitleType />
        <titleType>Official Title as Introduced</titleType>
        <chamberName />
        <chamberCode />
      </item>
      <item>
        <title>A resolution supporting increased awareness of sepsis and the importance of early diagnosis and appropriate intervention.</title>
        <parentTitleType />
        <titleType>Display Title</titleType>
        <chamberName />
        <chamberCode />
      </item>
    </titles>
  </bill>
  <dublinCore xmlns:dc="http://purl.org/dc/elements/1.1/">
    <dc:format>text/xml</dc:format>
    <dc:language>EN</dc:language>
    <dc:rights>Pursuant to Title 17 Section 105 of the United States Code, this file is not subject to copyright protection and is in the public domain.</dc:rights>
    <dc:contributor>Congressional Research Service, Library of Congress</dc:contributor>
    <dc:description>This file contains bill summaries and statuses for federal legislation. A bill summary describes the most significant provisions of a piece of legislation and details the effects the legislative text may have on current law and federal programs. Bill summaries are authored by the Congressional Research Service (CRS) of the Library of Congress. As stated in Public Law 91-510 (2 USC 166 (d)(6)), one of the duties of CRS is "to prepare summaries and digests of bills and resolutions of a public general nature introduced in the Senate or House of Representatives". For more information, refer to the User Guide that accompanies this file.</dc:description>
  </dublinCore>
</billStatus>

