<?xml version="1.0" encoding="UTF-8"?>
<billStatus>
  <bill>
    <policyArea>
      <name>International Affairs</name>
    </policyArea>
    <relatedBills />
    <introducedDate>2019-05-02</introducedDate>
    <committeeReports />
    <amendments>
      <amendment>
        <description />
        <type>SAMDT</type>
        <number>909</number>
        <chamber>Senate</chamber>
        <links />
        <notes />
        <congress>116</congress>
        <version>1.0.0</version>
        <updateDate>2019-11-15T21:56:29Z</updateDate>
        <titles />
        <amendedBill>
          <originChamberCode>S</originChamberCode>
          <title>A resolution encouraging a swift transfer of power by the military to a civilian-led political authority in the Republic of the Sudan, and for other purposes.</title>
          <originChamber>Senate</originChamber>
          <type>SRES</type>
          <number>188</number>
          <congress>116</congress>
        </amendedBill>
        <sponsors>
          <item>
            <firstName>Ted</firstName>
            <middleName />
            <lastName>Cruz</lastName>
            <identifiers>
              <bioguideId>C001098</bioguideId>
              <lisID>2175</lisID>
              <gpoId />
            </identifiers>
            <bioguideId>C001098</bioguideId>
            <state>TX</state>
            <fullName>Sen. Cruz, Ted [R-TX]</fullName>
            <party>R</party>
          </item>
        </sponsors>
        <description />
        <submittedDate>2019-07-09T04:00:00Z</submittedDate>
        <amendments>
          <count>0</count>
        </amendments>
        <amendedAmendment />
        <number>909</number>
        <purpose>To amend the preamble.</purpose>
        <proposedDate>2019-07-09T04:00:00Z</proposedDate>
        <actions>
          <actionTypeCounts>
            <amendmentAgreedTo>1</amendmentAgreedTo>
            <amendmentProposed>1</amendmentProposed>
            <senateAmendmentProposedOnTheFloor>1</senateAmendmentProposedOnTheFloor>
            <senateAmendmentAgreedTo>1</senateAmendmentAgreedTo>
            <senateAmendmentSubmitted>1</senateAmendmentSubmitted>
          </actionTypeCounts>
          <actions>
            <item>
              <actionDate>2019-07-09</actionDate>
              <committee />
              <links>
                <link>
                  <url>https://www.congress.gov/amendment/116th-congress/senate-amendment/909</url>
                  <name>S.Amdt.909</name>
                </link>
                <link>
                  <url>https://www.congress.gov/amendment/116th-congress/senate-amendment/909</url>
                  <name>SA 909</name>
                </link>
              </links>
              <sourceSystem>
                <code>0</code>
                <name>Senate</name>
              </sourceSystem>
              <text>Amendment SA 909 agreed to in Senate by Unanimous Consent.</text>
              <type>Floor</type>
            </item>
            <item>
              <actionDate>2019-07-09</actionDate>
              <committee />
              <links>
                <link>
                  <url>https://www.congress.gov/amendment/116th-congress/senate-amendment/909</url>
                  <name>S.Amdt.909</name>
                </link>
                <link>
                  <url>https://www.congress.gov/congressional-record/volume-165/senate-section/page/S4737-4738</url>
                  <name>S4737-4738</name>
                </link>
                <link>
                  <url>https://www.congress.gov/amendment/116th-congress/senate-amendment/909</url>
                  <name>SA 909</name>
                </link>
              </links>
              <sourceSystem>
                <code>0</code>
                <name>Senate</name>
              </sourceSystem>
              <text>Amendment SA 909 proposed by Senator Thune for Senator Cruz. (consideration: CR S4737-4738; text: CR S4737-4738) To amend the preamble.</text>
              <type>Floor</type>
            </item>
            <item>
              <actionDate>2019-07-09</actionDate>
              <committee />
              <links />
              <text />
            </item>
            <item>
              <actionCode>93000</actionCode>
              <text>Senate amendment proposed (on the floor): Amendment SA 909 proposed by Senator Thune for Senator Cruz.</text>
              <sourceSystem>
                <code>9</code>
                <name>Library of Congress</name>
              </sourceSystem>
              <actionDate>2019-07-09</actionDate>
              <type>Floor</type>
              <links>
                <link>
                  <url>https://www.congress.gov/amendment/116th-congress/senate-amendment/909</url>
                  <name>S.Amdt.909</name>
                </link>
                <link>
                  <url>https://www.congress.gov/congressional-record/volume-165/senate-section/page/S4737-4738</url>
                  <name>S4737-4738</name>
                </link>
                <link>
                  <url>https://www.congress.gov/amendment/116th-congress/senate-amendment/909</url>
                  <name>SA 909</name>
                </link>
              </links>
              <committee />
            </item>
            <item>
              <actionCode>94000</actionCode>
              <text>Senate amendment agreed to: Amendment SA 909 agreed to in Senate by Unanimous Consent.</text>
              <sourceSystem>
                <code>9</code>
                <name>Library of Congress</name>
              </sourceSystem>
              <actionDate>2019-07-09</actionDate>
              <type>Floor</type>
              <links>
                <link>
                  <url>https://www.congress.gov/amendment/116th-congress/senate-amendment/909</url>
                  <name>S.Amdt.909</name>
                </link>
                <link>
                  <url>https://www.congress.gov/amendment/116th-congress/senate-amendment/909</url>
                  <name>SA 909</name>
                </link>
              </links>
              <committee />
            </item>
            <item>
              <actionCode>91000</actionCode>
              <text>Senate amendment submitted</text>
              <sourceSystem>
                <code>9</code>
                <name>Library of Congress</name>
              </sourceSystem>
              <actionDate>2019-07-09</actionDate>
              <type>Floor</type>
              <links />
              <committee />
            </item>
          </actions>
          <actionByCounts>
            <senate>5</senate>
          </actionByCounts>
          <count>6</count>
        </actions>
        <cosponsors>
          <totalCount>1</totalCount>
          <currentCount>1</currentCount>
          <item>
            <bioguideId>D000563</bioguideId>
            <state>IL</state>
            <party>D</party>
            <fullName>Sen. Durbin, Richard J. [D-IL]</fullName>
            <lastName>DURBIN</lastName>
            <sponsorshipWithdrawnDate />
            <isOriginalCosponsor>True</isOriginalCosponsor>
            <firstName>RICHARD</firstName>
            <identifiers>
              <bioguideId>D000563</bioguideId>
              <gpoId>8326</gpoId>
              <lisID>326</lisID>
            </identifiers>
            <middleName>J.</middleName>
            <sponsorshipDate>2019-07-09</sponsorshipDate>
          </item>
        </cosponsors>
        <createDate>2019-07-10T04:31:09Z</createDate>
        <type>SAMDT</type>
        <congress>116</congress>
        <latestAction>
          <actionDate>2019-07-09</actionDate>
          <text>Amendment SA 909 agreed to in Senate by Unanimous Consent.</text>
        </latestAction>
        <purpose>To amend the preamble.</purpose>
      </amendment>
      <amendment>
        <description />
        <type>SAMDT</type>
        <number>908</number>
        <proposedDate>2019-07-09T04:00:00Z</proposedDate>
        <titles />
        <number>908</number>
        <notes />
        <cosponsors>
          <currentCount>1</currentCount>
          <totalCount>1</totalCount>
          <item>
            <party>D</party>
            <lastName>DURBIN</lastName>
            <firstName>RICHARD</firstName>
            <bioguideId>D000563</bioguideId>
            <state>IL</state>
            <sponsorshipDate>2019-07-09</sponsorshipDate>
            <fullName>Sen. Durbin, Richard J. [D-IL]</fullName>
            <identifiers>
              <bioguideId>D000563</bioguideId>
              <gpoId>8326</gpoId>
              <lisID>326</lisID>
            </identifiers>
            <middleName>J.</middleName>
            <sponsorshipWithdrawnDate />
            <isOriginalCosponsor>True</isOriginalCosponsor>
          </item>
        </cosponsors>
        <amendments>
          <count>0</count>
        </amendments>
        <type>SAMDT</type>
        <amendedBill>
          <originChamber>Senate</originChamber>
          <congress>116</congress>
          <originChamberCode>S</originChamberCode>
          <number>188</number>
          <type>SRES</type>
          <title>A resolution encouraging a swift transfer of power by the military to a civilian-led political authority in the Republic of the Sudan, and for other purposes.</title>
        </amendedBill>
        <updateDate>2019-11-15T21:56:29Z</updateDate>
        <version>1.0.0</version>
        <purpose>In the nature of a substitute.</purpose>
        <congress>116</congress>
        <submittedDate>2019-07-09T04:00:00Z</submittedDate>
        <actions>
          <count>6</count>
          <actionTypeCounts>
            <amendmentAgreedTo>1</amendmentAgreedTo>
            <amendmentProposed>1</amendmentProposed>
            <senateAmendmentProposedOnTheFloor>1</senateAmendmentProposedOnTheFloor>
            <senateAmendmentAgreedTo>1</senateAmendmentAgreedTo>
            <senateAmendmentSubmitted>1</senateAmendmentSubmitted>
          </actionTypeCounts>
          <actions>
            <item>
              <actionDate>2019-07-09</actionDate>
              <committee />
              <links>
                <link>
                  <url>https://www.congress.gov/amendment/116th-congress/senate-amendment/908</url>
                  <name>S.Amdt.908</name>
                </link>
                <link>
                  <url>https://www.congress.gov/amendment/116th-congress/senate-amendment/908</url>
                  <name>SA 908</name>
                </link>
              </links>
              <sourceSystem>
                <code>0</code>
                <name>Senate</name>
              </sourceSystem>
              <text>Amendment SA 908 agreed to in Senate by Unanimous Consent.</text>
              <type>Floor</type>
            </item>
            <item>
              <actionDate>2019-07-09</actionDate>
              <committee />
              <links>
                <link>
                  <url>https://www.congress.gov/amendment/116th-congress/senate-amendment/908</url>
                  <name>S.Amdt.908</name>
                </link>
                <link>
                  <url>https://www.congress.gov/congressional-record/volume-165/senate-section/page/S4736-4737</url>
                  <name>S4736-4737</name>
                </link>
                <link>
                  <url>https://www.congress.gov/congressional-record/volume-165/senate-section/page/S4737</url>
                  <name>S4737</name>
                </link>
                <link>
                  <url>https://www.congress.gov/amendment/116th-congress/senate-amendment/908</url>
                  <name>SA 908</name>
                </link>
              </links>
              <sourceSystem>
                <code>0</code>
                <name>Senate</name>
              </sourceSystem>
              <text>Amendment SA 908 proposed by Senator Thune for Senator Cruz. (consideration: CR S4736-4737; text: CR S4737) In the nature of a substitute.</text>
              <type>Floor</type>
            </item>
            <item>
              <actionDate>2019-07-09</actionDate>
              <committee />
              <links />
              <text />
            </item>
            <item>
              <actionCode>93000</actionCode>
              <text>Senate amendment proposed (on the floor): Amendment SA 908 proposed by Senator Thune for Senator Cruz.</text>
              <sourceSystem>
                <code>9</code>
                <name>Library of Congress</name>
              </sourceSystem>
              <actionDate>2019-07-09</actionDate>
              <type>Floor</type>
              <links>
                <link>
                  <url>https://www.congress.gov/amendment/116th-congress/senate-amendment/908</url>
                  <name>S.Amdt.908</name>
                </link>
                <link>
                  <url>https://www.congress.gov/congressional-record/volume-165/senate-section/page/S4736-4737</url>
                  <name>S4736-4737</name>
                </link>
                <link>
                  <url>https://www.congress.gov/congressional-record/volume-165/senate-section/page/S4737</url>
                  <name>S4737</name>
                </link>
                <link>
                  <url>https://www.congress.gov/amendment/116th-congress/senate-amendment/908</url>
                  <name>SA 908</name>
                </link>
              </links>
              <committee />
            </item>
            <item>
              <actionCode>94000</actionCode>
              <text>Senate amendment agreed to: Amendment SA 908 agreed to in Senate by Unanimous Consent.</text>
              <sourceSystem>
                <code>9</code>
                <name>Library of Congress</name>
              </sourceSystem>
              <actionDate>2019-07-09</actionDate>
              <type>Floor</type>
              <links>
                <link>
                  <url>https://www.congress.gov/amendment/116th-congress/senate-amendment/908</url>
                  <name>S.Amdt.908</name>
                </link>
                <link>
                  <url>https://www.congress.gov/amendment/116th-congress/senate-amendment/908</url>
                  <name>SA 908</name>
                </link>
              </links>
              <committee />
            </item>
            <item>
              <actionCode>91000</actionCode>
              <text>Senate amendment submitted</text>
              <sourceSystem>
                <code>9</code>
                <name>Library of Congress</name>
              </sourceSystem>
              <actionDate>2019-07-09</actionDate>
              <type>Floor</type>
              <links />
              <committee />
            </item>
          </actions>
          <actionByCounts>
            <senate>5</senate>
          </actionByCounts>
        </actions>
        <createDate>2019-07-10T04:31:09Z</createDate>
        <description />
        <amendedAmendment />
        <chamber>Senate</chamber>
        <sponsors>
          <item>
            <party>R</party>
            <lastName>Cruz</lastName>
            <firstName>Ted</firstName>
            <state>TX</state>
            <fullName>Sen. Cruz, Ted [R-TX]</fullName>
            <identifiers>
              <bioguideId>C001098</bioguideId>
              <lisID>2175</lisID>
              <gpoId />
            </identifiers>
            <middleName />
            <bioguideId>C001098</bioguideId>
          </item>
        </sponsors>
        <links />
        <congress>116</congress>
        <latestAction>
          <actionDate>2019-07-09</actionDate>
          <text>Amendment SA 908 agreed to in Senate by Unanimous Consent.</text>
        </latestAction>
        <purpose>In the nature of a substitute.</purpose>
      </amendment>
    </amendments>
    <textVersions>
      <item>
        <formats>
          <item>
            <url>https://www.govinfo.gov/content/pkg/BILLS-116sres188ats/xml/BILLS-116sres188ats.xml</url>
          </item>
        </formats>
        <date>2019-07-09T04:00:00Z</date>
        <type>Agreed to Senate</type>
      </item>
      <item>
        <formats>
          <item>
            <url>https://www.govinfo.gov/content/pkg/BILLS-116sres188rs/xml/BILLS-116sres188rs.xml</url>
          </item>
        </formats>
        <date>2019-06-03T04:00:00Z</date>
        <type>Reported to Senate</type>
      </item>
      <item>
        <formats>
          <item>
            <url>https://www.govinfo.gov/content/pkg/BILLS-116sres188is/xml/BILLS-116sres188is.xml</url>
          </item>
        </formats>
        <date>2019-05-02T04:00:00Z</date>
        <type>Introduced in Senate</type>
      </item>
    </textVersions>
    <cboCostEstimates />
    <subjects>
      <billSubjects>
        <legislativeSubjects>
          <item>
            <name>Africa</name>
          </item>
          <item>
            <name>Conflicts and wars</name>
          </item>
          <item>
            <name>Detention of persons</name>
          </item>
          <item>
            <name>Elections, voting, political campaign regulation</name>
          </item>
          <item>
            <name>Foreign aid and international relief</name>
          </item>
          <item>
            <name>Government ethics and transparency, public corruption</name>
          </item>
          <item>
            <name>Human rights</name>
          </item>
          <item>
            <name>International organizations and cooperation</name>
          </item>
          <item>
            <name>News media and reporting</name>
          </item>
          <item>
            <name>Political parties and affiliation</name>
          </item>
          <item>
            <name>Religion</name>
          </item>
          <item>
            <name>Sanctions</name>
          </item>
          <item>
            <name>Sovereignty, recognition, national governance and status</name>
          </item>
          <item>
            <name>Sudan</name>
          </item>
          <item>
            <name>Terrorism</name>
          </item>
          <item>
            <name>War crimes, genocide, crimes against humanity</name>
          </item>
        </legislativeSubjects>
        <policyArea>
          <name>International Affairs</name>
        </policyArea>
      </billSubjects>
    </subjects>
    <laws />
    <calendarNumbers>
      <item>
        <number>0106</number>
        <calendar>Senate Calendar of Business</calendar>
      </item>
    </calendarNumbers>
    <notes />
    <actions>
      <actionTypeCounts>
        <referredToCommittee>1</referredToCommittee>
        <agreedToInSenate>1</agreedToInSenate>
        <passedAgreedToInSenate>1</passedAgreedToInSenate>
        <reportedToSenate>2</reportedToSenate>
        <introducedInSenate>1</introducedInSenate>
        <amendmentAgreedTo>2</amendmentAgreedTo>
        <measureLaidBeforeSenate>1</measureLaidBeforeSenate>
        <placedOnCalendarGeneralOrders>1</placedOnCalendarGeneralOrders>
        <orderedReported>1</orderedReported>
      </actionTypeCounts>
      <item>
        <actionDate>2019-07-09</actionDate>
        <committee />
        <links />
        <sourceSystem>
          <name>Senate</name>
          <code>0</code>
        </sourceSystem>
        <text>The committee amendment to the preamble withdrawn by Unanimous Consent.</text>
        <type>Floor</type>
      </item>
      <item>
        <actionDate>2019-07-09</actionDate>
        <committee />
        <links>
          <link>
            <name>S4736-4739</name>
            <url>https://www.congress.gov/congressional-record/volume-165/senate-section/page/S4736-4739</url>
          </link>
          <link>
            <name>S4738-4739</name>
            <url>https://www.congress.gov/congressional-record/volume-165/senate-section/page/S4738-4739</url>
          </link>
        </links>
        <sourceSystem>
          <name>Senate</name>
          <code>0</code>
        </sourceSystem>
        <text>Resolution agreed to in Senate with an amendment and an amended preamble by Unanimous Consent. (consideration: CR S4736-4739; text: CR S4738-4739)</text>
        <type>Floor</type>
      </item>
      <item>
        <links>
          <link>
            <name>S4736-4739</name>
            <url>https://www.congress.gov/congressional-record/volume-165/senate-section/page/S4736-4739</url>
          </link>
          <link>
            <name>S4738-4739</name>
            <url>https://www.congress.gov/congressional-record/volume-165/senate-section/page/S4738-4739</url>
          </link>
        </links>
        <sourceSystem>
          <name>Library of Congress</name>
          <code>9</code>
        </sourceSystem>
        <committee />
        <actionCode>17000</actionCode>
        <text>Passed/agreed to in Senate: Resolution agreed to in Senate with an amendment and an amended preamble by Unanimous Consent.(consideration: CR S4736-4739; text: CR S4738-4739)</text>
        <actionDate>2019-07-09</actionDate>
        <type>Floor</type>
      </item>
      <item>
        <actionDate>2019-07-09</actionDate>
        <committee />
        <links />
        <sourceSystem>
          <name>Senate</name>
          <code>0</code>
        </sourceSystem>
        <text>The committee substitute withdrawn by Unanimous Consent.</text>
        <type>Floor</type>
      </item>
      <item>
        <actionDate>2019-07-09</actionDate>
        <committee />
        <links />
        <sourceSystem>
          <name>Senate</name>
          <code>0</code>
        </sourceSystem>
        <text>Measure laid before Senate by unanimous consent.</text>
        <type>Floor</type>
      </item>
      <item>
        <actionDate>2019-06-03</actionDate>
        <committee />
        <links />
        <sourceSystem>
          <name>Senate</name>
          <code>0</code>
        </sourceSystem>
        <text>Placed on Senate Legislative Calendar under General Orders. Calendar No. 106.</text>
        <type>Calendars</type>
      </item>
      <item>
        <actionDate>2019-06-03</actionDate>
        <committee>
          <name>Foreign Relations Committee</name>
          <systemCode>ssfr00</systemCode>
        </committee>
        <links />
        <sourceSystem>
          <name>Senate</name>
          <code>0</code>
        </sourceSystem>
        <text>Committee on Foreign Relations. Reported by Senator Risch with an amendment in the nature of a substitute and with an amended preamble. Without written report.</text>
        <type>Committee</type>
      </item>
      <item>
        <links />
        <sourceSystem>
          <name>Library of Congress</name>
          <code>9</code>
        </sourceSystem>
        <committee>
          <name>Foreign Relations Committee</name>
          <systemCode>ssfr00</systemCode>
        </committee>
        <actionCode>14000</actionCode>
        <text>Committee on Foreign Relations. Reported by Senator Risch with an amendment in the nature of a substitute and with an amended preamble. Without written report.</text>
        <actionDate>2019-06-03</actionDate>
        <type>Committee</type>
      </item>
      <item>
        <actionDate>2019-05-22</actionDate>
        <committee>
          <name>Foreign Relations Committee</name>
          <systemCode>ssfr00</systemCode>
        </committee>
        <links />
        <sourceSystem>
          <name>Senate</name>
          <code>0</code>
        </sourceSystem>
        <text>Committee on Foreign Relations. Ordered to be reported with amendments favorably.</text>
        <type>Committee</type>
      </item>
      <item>
        <actionDate>2019-05-02</actionDate>
        <committee>
          <name>Foreign Relations Committee</name>
          <systemCode>ssfr00</systemCode>
        </committee>
        <links>
          <link>
            <name>S2622</name>
            <url>https://www.congress.gov/congressional-record/volume-165/senate-section/page/S2622</url>
          </link>
        </links>
        <sourceSystem>
          <name>Senate</name>
          <code>0</code>
        </sourceSystem>
        <text>Referred to the Committee on Foreign Relations. (text: CR S2622)</text>
        <type>IntroReferral</type>
      </item>
      <item>
        <links />
        <sourceSystem>
          <name>Library of Congress</name>
          <code>9</code>
        </sourceSystem>
        <committee />
        <actionCode>10000</actionCode>
        <text>Introduced in Senate</text>
        <actionDate>2019-05-02</actionDate>
        <type>IntroReferral</type>
      </item>
      <actionByCounts>
        <senate>11</senate>
      </actionByCounts>
    </actions>
    <originChamber>Senate</originChamber>
    <committees>
      <billCommittees>
        <item>
          <type>Standing</type>
          <name>Foreign Relations Committee</name>
          <activities>
            <item>
              <date>2019-06-03T23:11:21Z</date>
              <name>Reported by</name>
            </item>
            <item>
              <date>2019-05-22T17:45:02Z</date>
              <name>Markup by</name>
            </item>
            <item>
              <date>2019-05-02T20:26:34Z</date>
              <name>Referred to</name>
            </item>
          </activities>
          <subcommittees />
          <systemCode>ssfr00</systemCode>
          <chamber>Senate</chamber>
        </item>
      </billCommittees>
    </committees>
    <titles>
      <item>
        <title>A resolution encouraging a swift transfer of power by the military to a civilian-led political authority in the Republic of the Sudan, and for other purposes.</title>
        <parentTitleType />
        <titleType>Official Title as Introduced</titleType>
        <chamberName />
        <chamberCode />
      </item>
      <item>
        <title>A resolution encouraging a swift transfer of power by the military to a civilian-led political authority in the Republic of the Sudan, and for other purposes.</title>
        <parentTitleType />
        <titleType>Display Title</titleType>
        <chamberName />
        <chamberCode />
      </item>
    </titles>
    <summaries>
      <billSummaries />
    </summaries>
    <recordedVotes />
    <title>A resolution encouraging a swift transfer of power by the military to a civilian-led political authority in the Republic of the Sudan, and for other purposes.</title>
    <sponsors>
      <item>
        <party>R</party>
        <state>TX</state>
        <identifiers>
          <bioguideId>C001098</bioguideId>
          <lisID>2175</lisID>
          <gpoId />
        </identifiers>
        <middleName />
        <byRequestType />
        <bioguideId>C001098</bioguideId>
        <firstName>Ted</firstName>
        <fullName>Sen. Cruz, Ted [R-TX]</fullName>
        <lastName>Cruz</lastName>
      </item>
    </sponsors>
    <cosponsors>
      <item>
        <bioguideId>D000563</bioguideId>
        <state>IL</state>
        <party>D</party>
        <fullName>Sen. Durbin, Richard J. [D-IL]</fullName>
        <lastName>DURBIN</lastName>
        <sponsorshipWithdrawnDate />
        <isOriginalCosponsor>True</isOriginalCosponsor>
        <firstName>RICHARD</firstName>
        <identifiers>
          <bioguideId>D000563</bioguideId>
          <gpoId>8326</gpoId>
          <lisID>326</lisID>
        </identifiers>
        <middleName>J.</middleName>
        <sponsorshipDate>2019-05-02</sponsorshipDate>
      </item>
      <item>
        <bioguideId>R000584</bioguideId>
        <state>ID</state>
        <party>R</party>
        <fullName>Sen. Risch, James E. [R-ID]</fullName>
        <lastName>Risch</lastName>
        <sponsorshipWithdrawnDate />
        <isOriginalCosponsor>True</isOriginalCosponsor>
        <firstName>James</firstName>
        <identifiers>
          <lisID>1896</lisID>
          <gpoId>8274</gpoId>
          <bioguideId>R000584</bioguideId>
        </identifiers>
        <middleName>E.</middleName>
        <sponsorshipDate>2019-05-02</sponsorshipDate>
      </item>
      <item>
        <bioguideId>V000128</bioguideId>
        <state>MD</state>
        <party>D</party>
        <fullName>Sen. Van Hollen, Chris [D-MD]</fullName>
        <lastName>Van Hollen</lastName>
        <sponsorshipWithdrawnDate />
        <isOriginalCosponsor>True</isOriginalCosponsor>
        <firstName>Chris</firstName>
        <identifiers>
          <bioguideId>V000128</bioguideId>
          <gpoId>7983</gpoId>
          <lisID>1729</lisID>
        </identifiers>
        <middleName />
        <sponsorshipDate>2019-05-02</sponsorshipDate>
      </item>
      <item>
        <bioguideId>C001096</bioguideId>
        <state>ND</state>
        <party>R</party>
        <fullName>Sen. Cramer, Kevin [R-ND]</fullName>
        <lastName>Cramer</lastName>
        <sponsorshipWithdrawnDate />
        <isOriginalCosponsor>True</isOriginalCosponsor>
        <firstName>Kevin</firstName>
        <identifiers>
          <lisID>2144</lisID>
          <gpoId />
          <bioguideId>C001096</bioguideId>
        </identifiers>
        <middleName />
        <sponsorshipDate>2019-05-02</sponsorshipDate>
      </item>
      <item>
        <bioguideId>B001277</bioguideId>
        <state>CT</state>
        <party>D</party>
        <fullName>Sen. Blumenthal, Richard [D-CT]</fullName>
        <lastName>Blumenthal</lastName>
        <sponsorshipWithdrawnDate />
        <isOriginalCosponsor>True</isOriginalCosponsor>
        <firstName>Richard</firstName>
        <identifiers>
          <lisID>2076</lisID>
          <gpoId>8332</gpoId>
          <bioguideId>B001277</bioguideId>
        </identifiers>
        <middleName />
        <sponsorshipDate>2019-05-02</sponsorshipDate>
      </item>
      <item>
        <bioguideId>I000055</bioguideId>
        <state>GA</state>
        <party>R</party>
        <fullName>Sen. Isakson, Johnny [R-GA]</fullName>
        <lastName>Isakson</lastName>
        <sponsorshipWithdrawnDate />
        <isOriginalCosponsor>True</isOriginalCosponsor>
        <firstName>Johnny</firstName>
        <identifiers>
          <bioguideId>I000055</bioguideId>
          <lisID>1608</lisID>
          <gpoId>8323</gpoId>
        </identifiers>
        <middleName />
        <sponsorshipDate>2019-05-02</sponsorshipDate>
      </item>
      <item>
        <bioguideId>M001176</bioguideId>
        <state>OR</state>
        <party>D</party>
        <fullName>Sen. Merkley, Jeff [D-OR]</fullName>
        <lastName>Merkley</lastName>
        <sponsorshipWithdrawnDate />
        <isOriginalCosponsor>True</isOriginalCosponsor>
        <firstName>Jeff</firstName>
        <identifiers>
          <lisID>1900</lisID>
          <gpoId>8238</gpoId>
          <bioguideId>M001176</bioguideId>
        </identifiers>
        <middleName />
        <sponsorshipDate>2019-05-02</sponsorshipDate>
      </item>
      <item>
        <bioguideId>B001236</bioguideId>
        <state>AR</state>
        <party>R</party>
        <fullName>Sen. Boozman, John [R-AR]</fullName>
        <lastName>Boozman</lastName>
        <sponsorshipWithdrawnDate />
        <isOriginalCosponsor>True</isOriginalCosponsor>
        <firstName>John</firstName>
        <identifiers>
          <lisID>1687</lisID>
          <gpoId>8247</gpoId>
          <bioguideId>B001236</bioguideId>
        </identifiers>
        <middleName />
        <sponsorshipDate>2019-05-02</sponsorshipDate>
      </item>
      <item>
        <bioguideId>H001075</bioguideId>
        <state>CA</state>
        <party>D</party>
        <fullName>Sen. Harris, Kamala D. [D-CA]</fullName>
        <lastName>Harris</lastName>
        <sponsorshipWithdrawnDate />
        <isOriginalCosponsor>True</isOriginalCosponsor>
        <firstName>Kamala</firstName>
        <identifiers>
          <bioguideId>H001075</bioguideId>
          <lisID>2301</lisID>
          <gpoId />
        </identifiers>
        <middleName>D.</middleName>
        <sponsorshipDate>2019-05-02</sponsorshipDate>
      </item>
      <item>
        <bioguideId>Y000064</bioguideId>
        <state>IN</state>
        <party>R</party>
        <fullName>Sen. Young, Todd [R-IN]</fullName>
        <lastName>Young</lastName>
        <sponsorshipWithdrawnDate />
        <isOriginalCosponsor>True</isOriginalCosponsor>
        <firstName>Todd</firstName>
        <identifiers>
          <bioguideId>Y000064</bioguideId>
          <gpoId>7948</gpoId>
          <lisID>2019</lisID>
        </identifiers>
        <middleName />
        <sponsorshipDate>2019-05-02</sponsorshipDate>
      </item>
      <item>
        <bioguideId>C001088</bioguideId>
        <state>DE</state>
        <party>D</party>
        <fullName>Sen. Coons, Christopher A. [D-DE]</fullName>
        <lastName>Coons</lastName>
        <sponsorshipWithdrawnDate />
        <isOriginalCosponsor>True</isOriginalCosponsor>
        <firstName>Christopher</firstName>
        <identifiers>
          <lisID>1984</lisID>
          <gpoId>8297</gpoId>
          <bioguideId>C001088</bioguideId>
        </identifiers>
        <middleName>A.</middleName>
        <sponsorshipDate>2019-05-02</sponsorshipDate>
      </item>
      <item>
        <bioguideId>R000307</bioguideId>
        <state>KS</state>
        <party>R</party>
        <fullName>Sen. Roberts, Pat [R-KS]</fullName>
        <lastName>ROBERTS</lastName>
        <sponsorshipWithdrawnDate />
        <isOriginalCosponsor>True</isOriginalCosponsor>
        <firstName>PAT</firstName>
        <identifiers>
          <lisID>968</lisID>
          <gpoId>8275</gpoId>
          <bioguideId>R000307</bioguideId>
        </identifiers>
        <middleName />
        <sponsorshipDate>2019-05-02</sponsorshipDate>
      </item>
      <item>
        <bioguideId>C000141</bioguideId>
        <state>MD</state>
        <party>D</party>
        <fullName>Sen. Cardin, Benjamin L. [D-MD]</fullName>
        <lastName>CARDIN</lastName>
        <sponsorshipWithdrawnDate />
        <isOriginalCosponsor>True</isOriginalCosponsor>
        <firstName>BENJAMIN</firstName>
        <identifiers>
          <bioguideId>C000141</bioguideId>
          <gpoId>8287</gpoId>
          <lisID>174</lisID>
        </identifiers>
        <middleName>L.</middleName>
        <sponsorshipDate>2019-05-02</sponsorshipDate>
      </item>
      <item>
        <bioguideId>H001089</bioguideId>
        <state>MO</state>
        <party>R</party>
        <fullName>Sen. Hawley, Josh  [R-MO]</fullName>
        <lastName>Hawley</lastName>
        <sponsorshipWithdrawnDate />
        <isOriginalCosponsor>True</isOriginalCosponsor>
        <firstName>Josh</firstName>
        <identifiers>
          <bioguideId>H001089</bioguideId>
          <lisID>2464</lisID>
          <gpoId />
        </identifiers>
        <middleName />
        <sponsorshipDate>2019-05-02</sponsorshipDate>
      </item>
      <item>
        <bioguideId>K000367</bioguideId>
        <state>MN</state>
        <party>D</party>
        <fullName>Sen. Klobuchar, Amy [D-MN]</fullName>
        <lastName>Klobuchar</lastName>
        <sponsorshipWithdrawnDate />
        <isOriginalCosponsor>True</isOriginalCosponsor>
        <firstName>Amy</firstName>
        <identifiers>
          <lisID>1826</lisID>
          <gpoId>8249</gpoId>
          <bioguideId>K000367</bioguideId>
        </identifiers>
        <middleName />
        <sponsorshipDate>2019-05-02</sponsorshipDate>
      </item>
      <item>
        <bioguideId>R000595</bioguideId>
        <state>FL</state>
        <party>R</party>
        <fullName>Sen. Rubio, Marco [R-FL]</fullName>
        <lastName>Rubio</lastName>
        <sponsorshipWithdrawnDate />
        <isOriginalCosponsor>True</isOriginalCosponsor>
        <firstName>Marco</firstName>
        <identifiers>
          <lisID>2084</lisID>
          <gpoId>8242</gpoId>
          <bioguideId>R000595</bioguideId>
        </identifiers>
        <middleName />
        <sponsorshipDate>2019-05-02</sponsorshipDate>
      </item>
      <item>
        <bioguideId>G000359</bioguideId>
        <state>SC</state>
        <party>R</party>
        <fullName>Sen. Graham, Lindsey [R-SC]</fullName>
        <lastName>GRAHAM</lastName>
        <sponsorshipWithdrawnDate />
        <isOriginalCosponsor>True</isOriginalCosponsor>
        <firstName>LINDSEY</firstName>
        <identifiers>
          <lisID>452</lisID>
          <gpoId>8335</gpoId>
          <bioguideId>G000359</bioguideId>
        </identifiers>
        <middleName>O.</middleName>
        <sponsorshipDate>2019-05-02</sponsorshipDate>
      </item>
      <item>
        <bioguideId>P000595</bioguideId>
        <state>MI</state>
        <party>D</party>
        <fullName>Sen. Peters, Gary C. [D-MI]</fullName>
        <lastName>Peters</lastName>
        <sponsorshipWithdrawnDate />
        <isOriginalCosponsor>True</isOriginalCosponsor>
        <firstName>Gary</firstName>
        <identifiers>
          <lisID>1929</lisID>
          <gpoId>7994</gpoId>
          <bioguideId>P000595</bioguideId>
        </identifiers>
        <middleName>C.</middleName>
        <sponsorshipDate>2019-05-02</sponsorshipDate>
      </item>
      <item>
        <bioguideId>S001203</bioguideId>
        <state>MN</state>
        <party>D</party>
        <fullName>Sen. Smith, Tina  [D-MN]</fullName>
        <lastName>Smith</lastName>
        <sponsorshipWithdrawnDate />
        <isOriginalCosponsor>True</isOriginalCosponsor>
        <firstName>Tina</firstName>
        <identifiers>
          <lisID>2365</lisID>
          <gpoId />
          <bioguideId>S001203</bioguideId>
        </identifiers>
        <middleName />
        <sponsorshipDate>2019-05-02</sponsorshipDate>
      </item>
      <item>
        <bioguideId>F000062</bioguideId>
        <state>CA</state>
        <party>D</party>
        <fullName>Sen. Feinstein, Dianne [D-CA]</fullName>
        <lastName>FEINSTEIN</lastName>
        <sponsorshipWithdrawnDate />
        <isOriginalCosponsor>False</isOriginalCosponsor>
        <firstName>DIANNE</firstName>
        <identifiers>
          <lisID>1332</lisID>
          <gpoId>8338</gpoId>
          <bioguideId>F000062</bioguideId>
        </identifiers>
        <middleName />
        <sponsorshipDate>2019-05-06</sponsorshipDate>
      </item>
      <item>
        <bioguideId>W000817</bioguideId>
        <state>MA</state>
        <party>D</party>
        <fullName>Sen. Warren, Elizabeth [D-MA]</fullName>
        <lastName>Warren</lastName>
        <sponsorshipWithdrawnDate />
        <isOriginalCosponsor>False</isOriginalCosponsor>
        <firstName>Elizabeth</firstName>
        <identifiers>
          <lisID>2182</lisID>
          <gpoId />
          <bioguideId>W000817</bioguideId>
        </identifiers>
        <middleName>A.</middleName>
        <sponsorshipDate>2019-05-06</sponsorshipDate>
      </item>
      <item>
        <bioguideId>B001230</bioguideId>
        <state>WI</state>
        <party>D</party>
        <fullName>Sen. Baldwin, Tammy [D-WI]</fullName>
        <lastName>Baldwin</lastName>
        <sponsorshipWithdrawnDate />
        <isOriginalCosponsor>False</isOriginalCosponsor>
        <firstName>Tammy</firstName>
        <identifiers>
          <lisID>1558</lisID>
          <gpoId>8215</gpoId>
          <bioguideId>B001230</bioguideId>
        </identifiers>
        <middleName />
        <sponsorshipDate>2019-05-07</sponsorshipDate>
      </item>
      <item>
        <bioguideId>B001288</bioguideId>
        <state>NJ</state>
        <party>D</party>
        <fullName>Sen. Booker, Cory A. [D-NJ]</fullName>
        <lastName>Booker</lastName>
        <sponsorshipWithdrawnDate />
        <isOriginalCosponsor>False</isOriginalCosponsor>
        <firstName>Cory</firstName>
        <identifiers>
          <lisID>2194</lisID>
          <gpoId />
          <bioguideId>B001288</bioguideId>
        </identifiers>
        <middleName>A.</middleName>
        <sponsorshipDate>2019-05-08</sponsorshipDate>
      </item>
      <item>
        <bioguideId>B001310</bioguideId>
        <state>IN</state>
        <party>R</party>
        <fullName>Sen. Braun, Mike  [R-IN]</fullName>
        <lastName>Braun</lastName>
        <sponsorshipWithdrawnDate />
        <isOriginalCosponsor>False</isOriginalCosponsor>
        <firstName>Mike</firstName>
        <identifiers>
          <lisID>2462</lisID>
          <gpoId />
          <bioguideId>B001310</bioguideId>
        </identifiers>
        <middleName />
        <sponsorshipDate>2019-05-13</sponsorshipDate>
      </item>
      <item>
        <bioguideId>G000555</bioguideId>
        <state>NY</state>
        <party>D</party>
        <fullName>Sen. Gillibrand, Kirsten E. [D-NY]</fullName>
        <lastName>Gillibrand</lastName>
        <sponsorshipWithdrawnDate />
        <isOriginalCosponsor>False</isOriginalCosponsor>
        <firstName>Kirsten</firstName>
        <identifiers>
          <bioguideId>G000555</bioguideId>
          <lisID>1866</lisID>
          <gpoId>8336</gpoId>
        </identifiers>
        <middleName>E.</middleName>
        <sponsorshipDate>2019-05-13</sponsorshipDate>
      </item>
      <item>
        <bioguideId>K000384</bioguideId>
        <state>VA</state>
        <party>D</party>
        <fullName>Sen. Kaine, Tim [D-VA]</fullName>
        <lastName>Kaine</lastName>
        <sponsorshipWithdrawnDate />
        <isOriginalCosponsor>False</isOriginalCosponsor>
        <firstName>Timothy</firstName>
        <identifiers>
          <lisID>2176</lisID>
          <gpoId />
          <bioguideId>K000384</bioguideId>
        </identifiers>
        <middleName />
        <sponsorshipDate>2019-05-14</sponsorshipDate>
      </item>
      <item>
        <bioguideId>W000779</bioguideId>
        <state>OR</state>
        <party>D</party>
        <fullName>Sen. Wyden, Ron [D-OR]</fullName>
        <lastName>WYDEN</lastName>
        <sponsorshipWithdrawnDate />
        <isOriginalCosponsor>False</isOriginalCosponsor>
        <firstName>RON</firstName>
        <identifiers>
          <lisID>1247</lisID>
          <gpoId>8265</gpoId>
          <bioguideId>W000779</bioguideId>
        </identifiers>
        <middleName />
        <sponsorshipDate>2019-05-15</sponsorshipDate>
      </item>
      <item>
        <bioguideId>W000805</bioguideId>
        <state>VA</state>
        <party>D</party>
        <fullName>Sen. Warner, Mark R. [D-VA]</fullName>
        <lastName>Warner</lastName>
        <sponsorshipWithdrawnDate />
        <isOriginalCosponsor>False</isOriginalCosponsor>
        <firstName>Mark</firstName>
        <identifiers>
          <bioguideId>W000805</bioguideId>
          <gpoId>8269</gpoId>
          <lisID>1897</lisID>
        </identifiers>
        <middleName>R.</middleName>
        <sponsorshipDate>2019-06-19</sponsorshipDate>
      </item>
      <item>
        <bioguideId>C000880</bioguideId>
        <state>ID</state>
        <party>R</party>
        <fullName>Sen. Crapo, Mike [R-ID]</fullName>
        <lastName>CRAPO</lastName>
        <sponsorshipWithdrawnDate />
        <isOriginalCosponsor>False</isOriginalCosponsor>
        <firstName>MICHAEL</firstName>
        <identifiers>
          <lisID>250</lisID>
          <gpoId>8289</gpoId>
          <bioguideId>C000880</bioguideId>
        </identifiers>
        <middleName>D.</middleName>
        <sponsorshipDate>2019-06-25</sponsorshipDate>
      </item>
      <item>
        <bioguideId>M000133</bioguideId>
        <state>MA</state>
        <party>D</party>
        <fullName>Sen. Markey, Edward J. [D-MA]</fullName>
        <lastName>MARKEY</lastName>
        <sponsorshipWithdrawnDate />
        <isOriginalCosponsor>False</isOriginalCosponsor>
        <firstName>EDWARD</firstName>
        <identifiers>
          <lisID>735</lisID>
          <gpoId>7972</gpoId>
          <bioguideId>M000133</bioguideId>
        </identifiers>
        <middleName>J.</middleName>
        <sponsorshipDate>2019-06-28</sponsorshipDate>
      </item>
    </cosponsors>
    <billNumber>188</billNumber>
    <congress>116</congress>
    <latestAction>
      <links />
      <actionDate>2019-07-09</actionDate>
      <text>The committee amendment to the preamble withdrawn by Unanimous Consent.</text>
    </latestAction>
    <billType>SRES</billType>
    <updateDate>2019-11-15T21:56:30Z</updateDate>
    <createDate>2019-05-03T04:42:10Z</createDate>
    <version>1.0.0</version>
  </bill>
  <dublinCore xmlns:dc="http://purl.org/dc/elements/1.1/">
    <dc:format>text/xml</dc:format>
    <dc:language>EN</dc:language>
    <dc:rights>Pursuant to Title 17 Section 105 of the United States Code, this file is not subject to copyright protection and is in the public domain.</dc:rights>
    <dc:contributor>Congressional Research Service, Library of Congress</dc:contributor>
    <dc:description>This file contains bill summaries and statuses for federal legislation. A bill summary describes the most significant provisions of a piece of legislation and details the effects the legislative text may have on current law and federal programs. Bill summaries are authored by the Congressional Research Service (CRS) of the Library of Congress. As stated in Public Law 91-510 (2 USC 166 (d)(6)), one of the duties of CRS is "to prepare summaries and digests of bills and resolutions of a public general nature introduced in the Senate or House of Representatives". For more information, refer to the User Guide that accompanies this file.</dc:description>
  </dublinCore>
</billStatus>

