<?xml version="1.0" encoding="UTF-8"?>
<billStatus>
  <bill>
    <notes />
    <laws />
    <committees>
      <billCommittees />
    </committees>
    <titles>
      <item>
        <titleType>Official Title as Introduced</titleType>
        <chamberCode />
        <title>A resolution recognizing Vision To Learn as a national leader in improving access to prescription eyeglasses for students in low-income communities, thereby helping those students succeed in school, and for providing vision exams to 200,000 students since its founding.</title>
        <chamberName />
        <parentTitleType />
      </item>
      <item>
        <titleType>Display Title</titleType>
        <chamberCode />
        <title>A resolution recognizing Vision To Learn as a national leader in improving access to prescription eyeglasses for students in low-income communities, thereby helping those students succeed in school, and for providing vision exams to 200,000 students since its founding.</title>
        <chamberName />
        <parentTitleType />
      </item>
    </titles>
    <relatedBills />
    <textVersions>
      <item>
        <type>Agreed to Senate</type>
        <date>2019-05-23T04:00:00Z</date>
        <formats>
          <item>
            <url>https://www.govinfo.gov/content/pkg/BILLS-116sres222ats/xml/BILLS-116sres222ats.xml</url>
          </item>
        </formats>
      </item>
    </textVersions>
    <recordedVotes />
    <introducedDate>2019-05-23</introducedDate>
    <updateDate>2019-11-06T05:43:07Z</updateDate>
    <cboCostEstimates />
    <title>A resolution recognizing Vision To Learn as a national leader in improving access to prescription eyeglasses for students in low-income communities, thereby helping those students succeed in school, and for providing vision exams to 200,000 students since its founding.</title>
    <amendments />
    <originChamber>Senate</originChamber>
    <actions>
      <actionByCounts>
        <senate>3</senate>
      </actionByCounts>
      <actionTypeCounts>
        <passedAgreedToInSenate>1</passedAgreedToInSenate>
        <passedOrAgreedToInSenateDayOf>1</passedOrAgreedToInSenateDayOf>
        <introducedInSenate>1</introducedInSenate>
      </actionTypeCounts>
      <item>
        <actionDate>2019-05-23</actionDate>
        <committee />
        <links>
          <link>
            <url>https://www.congress.gov/congressional-record/volume-165/senate-section/page/S3116-3117</url>
            <name>S3116-3117</name>
          </link>
          <link>
            <url>https://www.congress.gov/congressional-record/volume-165/senate-section/page/S3127</url>
            <name>S3127</name>
          </link>
        </links>
        <sourceSystem>
          <code>0</code>
          <name>Senate</name>
        </sourceSystem>
        <text>Submitted in the Senate, considered, and agreed to without amendment and with a preamble by Voice Vote. (consideration: CR S3127; text: CR S3116-3117)</text>
        <type>Floor</type>
      </item>
      <item>
        <text>Passed/agreed to in Senate: Submitted in the Senate, considered, and agreed to without amendment and with a preamble by Voice Vote.(consideration: CR S3127; text: CR S3116-3117)</text>
        <type>Floor</type>
        <actionDate>2019-05-23</actionDate>
        <links>
          <link>
            <url>https://www.congress.gov/congressional-record/volume-165/senate-section/page/S3116-3117</url>
            <name>S3116-3117</name>
          </link>
          <link>
            <url>https://www.congress.gov/congressional-record/volume-165/senate-section/page/S3127</url>
            <name>S3127</name>
          </link>
        </links>
        <actionCode>17000</actionCode>
        <sourceSystem>
          <code>9</code>
          <name>Library of Congress</name>
        </sourceSystem>
        <committee />
      </item>
      <item>
        <text>Introduced in Senate</text>
        <type>IntroReferral</type>
        <actionDate>2019-05-23</actionDate>
        <links />
        <actionCode>10000</actionCode>
        <sourceSystem>
          <code>9</code>
          <name>Library of Congress</name>
        </sourceSystem>
        <committee />
      </item>
    </actions>
    <sponsors>
      <item>
        <fullName>Sen. Coons, Christopher A. [D-DE]</fullName>
        <firstName>Christopher</firstName>
        <identifiers>
          <lisID>1984</lisID>
          <bioguideId>C001088</bioguideId>
          <gpoId>8297</gpoId>
        </identifiers>
        <bioguideId>C001088</bioguideId>
        <middleName>A.</middleName>
        <lastName>Coons</lastName>
        <party>D</party>
        <byRequestType />
        <state>DE</state>
      </item>
    </sponsors>
    <billType>SRES</billType>
    <createDate>2019-05-24T05:27:12Z</createDate>
    <cosponsors>
      <item>
        <bioguideId>E000295</bioguideId>
        <firstName>Joni</firstName>
        <middleName />
        <party>R</party>
        <lastName>Ernst</lastName>
        <sponsorshipWithdrawnDate />
        <identifiers>
          <lisID>2283</lisID>
          <bioguideId>E000295</bioguideId>
          <gpoId />
        </identifiers>
        <sponsorshipDate>2019-05-23</sponsorshipDate>
        <isOriginalCosponsor>True</isOriginalCosponsor>
        <state>IA</state>
        <fullName>Sen. Ernst, Joni  [R-IA]</fullName>
      </item>
      <item>
        <bioguideId>H001075</bioguideId>
        <firstName>Kamala</firstName>
        <middleName>D.</middleName>
        <party>D</party>
        <lastName>Harris</lastName>
        <sponsorshipWithdrawnDate />
        <identifiers>
          <lisID>2301</lisID>
          <bioguideId>H001075</bioguideId>
          <gpoId />
        </identifiers>
        <sponsorshipDate>2019-05-23</sponsorshipDate>
        <isOriginalCosponsor>True</isOriginalCosponsor>
        <state>CA</state>
        <fullName>Sen. Harris, Kamala D. [D-CA]</fullName>
      </item>
      <item>
        <bioguideId>W000437</bioguideId>
        <firstName>ROGER</firstName>
        <middleName>F.</middleName>
        <party>R</party>
        <lastName>WICKER</lastName>
        <sponsorshipWithdrawnDate />
        <identifiers>
          <bioguideId>W000437</bioguideId>
          <lisID>1226</lisID>
          <gpoId>8263</gpoId>
        </identifiers>
        <sponsorshipDate>2019-05-23</sponsorshipDate>
        <isOriginalCosponsor>True</isOriginalCosponsor>
        <state>MS</state>
        <fullName>Sen. Wicker, Roger F. [R-MS]</fullName>
      </item>
      <item>
        <bioguideId>S000770</bioguideId>
        <firstName>DEBORAH</firstName>
        <middleName>ANN</middleName>
        <party>D</party>
        <lastName>STABENOW</lastName>
        <sponsorshipWithdrawnDate />
        <identifiers>
          <lisID>1531</lisID>
          <bioguideId>S000770</bioguideId>
          <gpoId>8261</gpoId>
        </identifiers>
        <sponsorshipDate>2019-05-23</sponsorshipDate>
        <isOriginalCosponsor>True</isOriginalCosponsor>
        <state>MI</state>
        <fullName>Sen. Stabenow, Debbie [D-MI]</fullName>
      </item>
      <item>
        <bioguideId>C001075</bioguideId>
        <firstName>Bill</firstName>
        <middleName />
        <party>R</party>
        <lastName>Cassidy</lastName>
        <sponsorshipWithdrawnDate />
        <identifiers>
          <lisID>1925</lisID>
          <bioguideId>C001075</bioguideId>
          <gpoId>7964</gpoId>
        </identifiers>
        <sponsorshipDate>2019-05-23</sponsorshipDate>
        <isOriginalCosponsor>True</isOriginalCosponsor>
        <state>LA</state>
        <fullName>Sen. Cassidy, Bill [R-LA]</fullName>
      </item>
      <item>
        <bioguideId>C000174</bioguideId>
        <firstName>THOMAS</firstName>
        <middleName>R.</middleName>
        <party>D</party>
        <lastName>CARPER</lastName>
        <sponsorshipWithdrawnDate />
        <identifiers>
          <lisID>179</lisID>
          <gpoId>8283</gpoId>
          <bioguideId>C000174</bioguideId>
        </identifiers>
        <sponsorshipDate>2019-05-23</sponsorshipDate>
        <isOriginalCosponsor>True</isOriginalCosponsor>
        <state>DE</state>
        <fullName>Sen. Carper, Thomas R. [D-DE]</fullName>
      </item>
      <item>
        <bioguideId>P000612</bioguideId>
        <firstName>David</firstName>
        <middleName>Alfred</middleName>
        <party>R</party>
        <lastName>Perdue</lastName>
        <sponsorshipWithdrawnDate />
        <identifiers>
          <lisID>2286</lisID>
          <gpoId />
          <bioguideId>P000612</bioguideId>
        </identifiers>
        <sponsorshipDate>2019-05-23</sponsorshipDate>
        <isOriginalCosponsor>True</isOriginalCosponsor>
        <state>GA</state>
        <fullName>Sen. Perdue, David [R-GA]</fullName>
      </item>
      <item>
        <bioguideId>M000639</bioguideId>
        <firstName>Robert</firstName>
        <middleName />
        <party>D</party>
        <lastName>Menendez</lastName>
        <sponsorshipWithdrawnDate />
        <identifiers>
          <lisID>791</lisID>
          <bioguideId>M000639</bioguideId>
          <gpoId>8239</gpoId>
        </identifiers>
        <sponsorshipDate>2019-05-23</sponsorshipDate>
        <isOriginalCosponsor>True</isOriginalCosponsor>
        <state>NJ</state>
        <fullName>Sen. Menendez, Robert [D-NJ]</fullName>
      </item>
      <item>
        <bioguideId>T000461</bioguideId>
        <firstName>Pat</firstName>
        <middleName />
        <party>R</party>
        <lastName>Toomey</lastName>
        <sponsorshipWithdrawnDate />
        <identifiers>
          <lisID>1594</lisID>
          <bioguideId>T000461</bioguideId>
          <gpoId />
        </identifiers>
        <sponsorshipDate>2019-05-23</sponsorshipDate>
        <isOriginalCosponsor>True</isOriginalCosponsor>
        <state>PA</state>
        <fullName>Sen. Toomey, Pat [R-PA]</fullName>
      </item>
      <item>
        <bioguideId>B000944</bioguideId>
        <firstName>Sherrod</firstName>
        <middleName />
        <party>D</party>
        <lastName>Brown</lastName>
        <sponsorshipWithdrawnDate />
        <identifiers>
          <lisID>136</lisID>
          <bioguideId>B000944</bioguideId>
          <gpoId>8309</gpoId>
        </identifiers>
        <sponsorshipDate>2019-05-23</sponsorshipDate>
        <isOriginalCosponsor>True</isOriginalCosponsor>
        <state>OH</state>
        <fullName>Sen. Brown, Sherrod [D-OH]</fullName>
      </item>
      <item>
        <bioguideId>H001079</bioguideId>
        <firstName>Cindy</firstName>
        <middleName />
        <party>R</party>
        <lastName>Hyde-Smith</lastName>
        <sponsorshipWithdrawnDate />
        <identifiers>
          <lisID>2366</lisID>
          <bioguideId>H001079</bioguideId>
          <gpoId />
        </identifiers>
        <sponsorshipDate>2019-05-23</sponsorshipDate>
        <isOriginalCosponsor>True</isOriginalCosponsor>
        <state>MS</state>
        <fullName>Sen. Hyde-Smith, Cindy [R-MS]</fullName>
      </item>
      <item>
        <bioguideId>C001070</bioguideId>
        <firstName>Bob</firstName>
        <middleName />
        <party>D</party>
        <lastName>Casey</lastName>
        <sponsorshipWithdrawnDate />
        <identifiers>
          <lisID>1828</lisID>
          <gpoId>8282</gpoId>
          <bioguideId>C001070</bioguideId>
        </identifiers>
        <sponsorshipDate>2019-05-23</sponsorshipDate>
        <isOriginalCosponsor>True</isOriginalCosponsor>
        <state>PA</state>
        <fullName>Sen. Casey, Robert P., Jr. [D-PA]</fullName>
      </item>
      <item>
        <bioguideId>B001236</bioguideId>
        <firstName>John</firstName>
        <middleName />
        <party>R</party>
        <lastName>Boozman</lastName>
        <sponsorshipWithdrawnDate />
        <identifiers>
          <lisID>1687</lisID>
          <bioguideId>B001236</bioguideId>
          <gpoId>8247</gpoId>
        </identifiers>
        <sponsorshipDate>2019-05-23</sponsorshipDate>
        <isOriginalCosponsor>True</isOriginalCosponsor>
        <state>AR</state>
        <fullName>Sen. Boozman, John [R-AR]</fullName>
      </item>
      <item>
        <bioguideId>R000605</bioguideId>
        <firstName>Mike</firstName>
        <middleName />
        <party>R</party>
        <lastName>Rounds</lastName>
        <sponsorshipWithdrawnDate />
        <identifiers>
          <lisID>2288</lisID>
          <gpoId />
          <bioguideId>R000605</bioguideId>
        </identifiers>
        <sponsorshipDate>2019-05-23</sponsorshipDate>
        <isOriginalCosponsor>True</isOriginalCosponsor>
        <state>SD</state>
        <fullName>Sen. Rounds, Mike  [R-SD]</fullName>
      </item>
      <item>
        <bioguideId>T000476</bioguideId>
        <firstName>Thomas</firstName>
        <middleName>Roland</middleName>
        <party>R</party>
        <lastName>Tillis</lastName>
        <sponsorshipWithdrawnDate />
        <identifiers>
          <bioguideId>T000476</bioguideId>
          <lisID>2291</lisID>
          <gpoId />
        </identifiers>
        <sponsorshipDate>2019-05-23</sponsorshipDate>
        <isOriginalCosponsor>True</isOriginalCosponsor>
        <state>NC</state>
        <fullName>Sen. Tillis, Thom [R-NC]</fullName>
      </item>
      <item>
        <bioguideId>G000386</bioguideId>
        <firstName>CHARLES</firstName>
        <middleName>ERNEST</middleName>
        <party>R</party>
        <lastName>GRASSLEY</lastName>
        <sponsorshipWithdrawnDate />
        <identifiers>
          <lisID>457</lisID>
          <bioguideId>G000386</bioguideId>
          <gpoId>8316</gpoId>
        </identifiers>
        <sponsorshipDate>2019-05-23</sponsorshipDate>
        <isOriginalCosponsor>True</isOriginalCosponsor>
        <state>IA</state>
        <fullName>Sen. Grassley, Chuck [R-IA]</fullName>
      </item>
      <item>
        <bioguideId>K000367</bioguideId>
        <firstName>Amy</firstName>
        <middleName />
        <party>D</party>
        <lastName>Klobuchar</lastName>
        <sponsorshipWithdrawnDate />
        <identifiers>
          <lisID>1826</lisID>
          <gpoId>8249</gpoId>
          <bioguideId>K000367</bioguideId>
        </identifiers>
        <sponsorshipDate>2019-05-23</sponsorshipDate>
        <isOriginalCosponsor>True</isOriginalCosponsor>
        <state>MN</state>
        <fullName>Sen. Klobuchar, Amy [D-MN]</fullName>
      </item>
      <item>
        <bioguideId>S001191</bioguideId>
        <firstName>Kyrsten</firstName>
        <middleName />
        <party>D</party>
        <lastName>Sinema</lastName>
        <sponsorshipWithdrawnDate />
        <identifiers>
          <lisID>2099</lisID>
          <bioguideId>S001191</bioguideId>
          <gpoId />
        </identifiers>
        <sponsorshipDate>2019-05-23</sponsorshipDate>
        <isOriginalCosponsor>True</isOriginalCosponsor>
        <state>AZ</state>
        <fullName>Sen. Sinema, Kyrsten [D-AZ]</fullName>
      </item>
      <item>
        <bioguideId>R000615</bioguideId>
        <firstName>Mitt</firstName>
        <middleName />
        <party>R</party>
        <lastName>Romney</lastName>
        <sponsorshipWithdrawnDate />
        <identifiers>
          <lisID>2466</lisID>
          <gpoId />
          <bioguideId>R000615</bioguideId>
        </identifiers>
        <sponsorshipDate>2019-05-23</sponsorshipDate>
        <isOriginalCosponsor>True</isOriginalCosponsor>
        <state>UT</state>
        <fullName>Sen. Romney, Mitt  [R-UT]</fullName>
      </item>
      <item>
        <bioguideId>B001135</bioguideId>
        <firstName>RICHARD</firstName>
        <middleName />
        <party>R</party>
        <lastName>BURR</lastName>
        <sponsorshipWithdrawnDate />
        <identifiers>
          <lisID>153</lisID>
          <bioguideId>B001135</bioguideId>
          <gpoId>8286</gpoId>
        </identifiers>
        <sponsorshipDate>2019-05-23</sponsorshipDate>
        <isOriginalCosponsor>True</isOriginalCosponsor>
        <state>NC</state>
        <fullName>Sen. Burr, Richard [R-NC]</fullName>
      </item>
      <item>
        <bioguideId>J000300</bioguideId>
        <firstName>Doug</firstName>
        <middleName />
        <party>D</party>
        <lastName>Jones</lastName>
        <sponsorshipWithdrawnDate />
        <identifiers>
          <lisID>2364</lisID>
          <bioguideId>J000300</bioguideId>
          <gpoId />
        </identifiers>
        <sponsorshipDate>2019-05-23</sponsorshipDate>
        <isOriginalCosponsor>True</isOriginalCosponsor>
        <state>AL</state>
        <fullName>Sen. Jones, Doug  [D-AL]</fullName>
      </item>
      <item>
        <bioguideId>B001243</bioguideId>
        <firstName>Marsha</firstName>
        <middleName />
        <party>R</party>
        <lastName>Blackburn</lastName>
        <sponsorshipWithdrawnDate />
        <identifiers>
          <bioguideId>B001243</bioguideId>
          <lisID>1748</lisID>
          <gpoId>8154</gpoId>
        </identifiers>
        <sponsorshipDate>2019-05-23</sponsorshipDate>
        <isOriginalCosponsor>True</isOriginalCosponsor>
        <state>TN</state>
        <fullName>Sen. Blackburn, Marsha [R-TN]</fullName>
      </item>
      <item>
        <bioguideId>K000384</bioguideId>
        <firstName>Timothy</firstName>
        <middleName />
        <party>D</party>
        <lastName>Kaine</lastName>
        <sponsorshipWithdrawnDate />
        <identifiers>
          <bioguideId>K000384</bioguideId>
          <lisID>2176</lisID>
          <gpoId />
        </identifiers>
        <sponsorshipDate>2019-05-23</sponsorshipDate>
        <isOriginalCosponsor>True</isOriginalCosponsor>
        <state>VA</state>
        <fullName>Sen. Kaine, Tim [D-VA]</fullName>
      </item>
      <item>
        <bioguideId>S001194</bioguideId>
        <firstName>Brian</firstName>
        <middleName />
        <party>D</party>
        <lastName>Schatz</lastName>
        <sponsorshipWithdrawnDate />
        <identifiers>
          <lisID>2173</lisID>
          <bioguideId>S001194</bioguideId>
          <gpoId />
        </identifiers>
        <sponsorshipDate>2019-05-23</sponsorshipDate>
        <isOriginalCosponsor>True</isOriginalCosponsor>
        <state>HI</state>
        <fullName>Sen. Schatz, Brian [D-HI]</fullName>
      </item>
      <item>
        <bioguideId>H001042</bioguideId>
        <firstName>Mazie</firstName>
        <middleName>K.</middleName>
        <party>D</party>
        <lastName>Hirono</lastName>
        <sponsorshipWithdrawnDate />
        <identifiers>
          <lisID>1844</lisID>
          <bioguideId>H001042</bioguideId>
          <gpoId>7913</gpoId>
        </identifiers>
        <sponsorshipDate>2019-05-23</sponsorshipDate>
        <isOriginalCosponsor>True</isOriginalCosponsor>
        <state>HI</state>
        <fullName>Sen. Hirono, Mazie K. [D-HI]</fullName>
      </item>
      <item>
        <bioguideId>V000128</bioguideId>
        <firstName>Chris</firstName>
        <middleName />
        <party>D</party>
        <lastName>Van Hollen</lastName>
        <sponsorshipWithdrawnDate />
        <identifiers>
          <lisID>1729</lisID>
          <bioguideId>V000128</bioguideId>
          <gpoId>7983</gpoId>
        </identifiers>
        <sponsorshipDate>2019-05-23</sponsorshipDate>
        <isOriginalCosponsor>True</isOriginalCosponsor>
        <state>MD</state>
        <fullName>Sen. Van Hollen, Chris [D-MD]</fullName>
      </item>
      <item>
        <bioguideId>S001184</bioguideId>
        <firstName>Tim</firstName>
        <middleName />
        <party>R</party>
        <lastName>Scott</lastName>
        <sponsorshipWithdrawnDate />
        <identifiers>
          <lisID>2056</lisID>
          <bioguideId>S001184</bioguideId>
          <gpoId>8141</gpoId>
        </identifiers>
        <sponsorshipDate>2019-05-23</sponsorshipDate>
        <isOriginalCosponsor>True</isOriginalCosponsor>
        <state>SC</state>
        <fullName>Sen. Scott, Tim [R-SC]</fullName>
      </item>
      <item>
        <bioguideId>C001035</bioguideId>
        <firstName>SUSAN</firstName>
        <middleName>MARGARET</middleName>
        <party>R</party>
        <lastName>COLLINS</lastName>
        <sponsorshipWithdrawnDate />
        <identifiers>
          <bioguideId>C001035</bioguideId>
          <lisID>1541</lisID>
          <gpoId>8291</gpoId>
        </identifiers>
        <sponsorshipDate>2019-05-23</sponsorshipDate>
        <isOriginalCosponsor>True</isOriginalCosponsor>
        <state>ME</state>
        <fullName>Sen. Collins, Susan M. [R-ME]</fullName>
      </item>
      <item>
        <bioguideId>F000062</bioguideId>
        <firstName>DIANNE</firstName>
        <middleName />
        <party>D</party>
        <lastName>FEINSTEIN</lastName>
        <sponsorshipWithdrawnDate />
        <identifiers>
          <lisID>1332</lisID>
          <bioguideId>F000062</bioguideId>
          <gpoId>8338</gpoId>
        </identifiers>
        <sponsorshipDate>2019-05-23</sponsorshipDate>
        <isOriginalCosponsor>True</isOriginalCosponsor>
        <state>CA</state>
        <fullName>Sen. Feinstein, Dianne [D-CA]</fullName>
      </item>
      <item>
        <bioguideId>R000307</bioguideId>
        <firstName>PAT</firstName>
        <middleName />
        <party>R</party>
        <lastName>ROBERTS</lastName>
        <sponsorshipWithdrawnDate />
        <identifiers>
          <lisID>968</lisID>
          <bioguideId>R000307</bioguideId>
          <gpoId>8275</gpoId>
        </identifiers>
        <sponsorshipDate>2019-05-23</sponsorshipDate>
        <isOriginalCosponsor>True</isOriginalCosponsor>
        <state>KS</state>
        <fullName>Sen. Roberts, Pat [R-KS]</fullName>
      </item>
      <item>
        <bioguideId>F000463</bioguideId>
        <firstName>Deb</firstName>
        <middleName />
        <party>R</party>
        <lastName>Fischer</lastName>
        <sponsorshipWithdrawnDate />
        <identifiers>
          <lisID>2179</lisID>
          <bioguideId>F000463</bioguideId>
          <gpoId />
        </identifiers>
        <sponsorshipDate>2019-05-23</sponsorshipDate>
        <isOriginalCosponsor>True</isOriginalCosponsor>
        <state>NE</state>
        <fullName>Sen. Fischer, Deb [R-NE]</fullName>
      </item>
      <item>
        <bioguideId>M000934</bioguideId>
        <firstName>Jerry</firstName>
        <middleName />
        <party>R</party>
        <lastName>Moran</lastName>
        <sponsorshipWithdrawnDate />
        <identifiers>
          <lisID>1507</lisID>
          <bioguideId>M000934</bioguideId>
          <gpoId>8307</gpoId>
        </identifiers>
        <sponsorshipDate>2019-05-23</sponsorshipDate>
        <isOriginalCosponsor>True</isOriginalCosponsor>
        <state>KS</state>
        <fullName>Sen. Moran, Jerry [R-KS]</fullName>
      </item>
      <item>
        <bioguideId>M001176</bioguideId>
        <firstName>Jeff</firstName>
        <middleName />
        <party>D</party>
        <lastName>Merkley</lastName>
        <sponsorshipWithdrawnDate />
        <identifiers>
          <lisID>1900</lisID>
          <gpoId>8238</gpoId>
          <bioguideId>M001176</bioguideId>
        </identifiers>
        <sponsorshipDate>2019-05-23</sponsorshipDate>
        <isOriginalCosponsor>True</isOriginalCosponsor>
        <state>OR</state>
        <fullName>Sen. Merkley, Jeff [D-OR]</fullName>
      </item>
      <item>
        <bioguideId>K000393</bioguideId>
        <firstName>John</firstName>
        <middleName>Neely</middleName>
        <party>R</party>
        <lastName>Kennedy</lastName>
        <sponsorshipWithdrawnDate />
        <identifiers>
          <bioguideId>K000393</bioguideId>
          <lisID>2303</lisID>
          <gpoId />
        </identifiers>
        <sponsorshipDate>2019-05-23</sponsorshipDate>
        <isOriginalCosponsor>True</isOriginalCosponsor>
        <state>LA</state>
        <fullName>Sen. Kennedy, John [R-LA]</fullName>
      </item>
      <item>
        <bioguideId>B001288</bioguideId>
        <firstName>Cory</firstName>
        <middleName>A.</middleName>
        <party>D</party>
        <lastName>Booker</lastName>
        <sponsorshipWithdrawnDate />
        <identifiers>
          <bioguideId>B001288</bioguideId>
          <lisID>2194</lisID>
          <gpoId />
        </identifiers>
        <sponsorshipDate>2019-05-23</sponsorshipDate>
        <isOriginalCosponsor>True</isOriginalCosponsor>
        <state>NJ</state>
        <fullName>Sen. Booker, Cory A. [D-NJ]</fullName>
      </item>
      <item>
        <bioguideId>C000880</bioguideId>
        <firstName>MICHAEL</firstName>
        <middleName>D.</middleName>
        <party>R</party>
        <lastName>CRAPO</lastName>
        <sponsorshipWithdrawnDate />
        <identifiers>
          <lisID>250</lisID>
          <bioguideId>C000880</bioguideId>
          <gpoId>8289</gpoId>
        </identifiers>
        <sponsorshipDate>2019-05-23</sponsorshipDate>
        <isOriginalCosponsor>True</isOriginalCosponsor>
        <state>ID</state>
        <fullName>Sen. Crapo, Mike [R-ID]</fullName>
      </item>
      <item>
        <bioguideId>D000618</bioguideId>
        <firstName>Steve</firstName>
        <middleName />
        <party>R</party>
        <lastName>Daines</lastName>
        <sponsorshipWithdrawnDate />
        <identifiers>
          <bioguideId>D000618</bioguideId>
          <lisID>2138</lisID>
          <gpoId />
        </identifiers>
        <sponsorshipDate>2019-05-23</sponsorshipDate>
        <isOriginalCosponsor>True</isOriginalCosponsor>
        <state>MT</state>
        <fullName>Sen. Daines, Steve [R-MT]</fullName>
      </item>
      <item>
        <bioguideId>I000055</bioguideId>
        <firstName>Johnny</firstName>
        <middleName />
        <party>R</party>
        <lastName>Isakson</lastName>
        <sponsorshipWithdrawnDate />
        <identifiers>
          <lisID>1608</lisID>
          <gpoId>8323</gpoId>
          <bioguideId>I000055</bioguideId>
        </identifiers>
        <sponsorshipDate>2019-05-23</sponsorshipDate>
        <isOriginalCosponsor>True</isOriginalCosponsor>
        <state>GA</state>
        <fullName>Sen. Isakson, Johnny [R-GA]</fullName>
      </item>
      <item>
        <bioguideId>B000575</bioguideId>
        <firstName>Roy</firstName>
        <middleName />
        <party>R</party>
        <lastName>Blunt</lastName>
        <sponsorshipWithdrawnDate />
        <identifiers>
          <lisID>1464</lisID>
          <bioguideId>B000575</bioguideId>
          <gpoId>8313</gpoId>
        </identifiers>
        <sponsorshipDate>2019-05-23</sponsorshipDate>
        <isOriginalCosponsor>True</isOriginalCosponsor>
        <state>MO</state>
        <fullName>Sen. Blunt, Roy [R-MO]</fullName>
      </item>
      <item>
        <bioguideId>T000250</bioguideId>
        <firstName>JOHN</firstName>
        <middleName>R.</middleName>
        <party>R</party>
        <lastName>THUNE</lastName>
        <sponsorshipWithdrawnDate />
        <identifiers>
          <bioguideId>T000250</bioguideId>
          <lisID>1534</lisID>
          <gpoId>8257</gpoId>
        </identifiers>
        <sponsorshipDate>2019-05-23</sponsorshipDate>
        <isOriginalCosponsor>True</isOriginalCosponsor>
        <state>SD</state>
        <fullName>Sen. Thune, John [R-SD]</fullName>
      </item>
      <item>
        <bioguideId>C000141</bioguideId>
        <firstName>BENJAMIN</firstName>
        <middleName>L.</middleName>
        <party>D</party>
        <lastName>CARDIN</lastName>
        <sponsorshipWithdrawnDate />
        <identifiers>
          <lisID>174</lisID>
          <bioguideId>C000141</bioguideId>
          <gpoId>8287</gpoId>
        </identifiers>
        <sponsorshipDate>2019-05-23</sponsorshipDate>
        <isOriginalCosponsor>True</isOriginalCosponsor>
        <state>MD</state>
        <fullName>Sen. Cardin, Benjamin L. [D-MD]</fullName>
      </item>
      <item>
        <bioguideId>D000563</bioguideId>
        <firstName>RICHARD</firstName>
        <middleName>J.</middleName>
        <party>D</party>
        <lastName>DURBIN</lastName>
        <sponsorshipWithdrawnDate />
        <identifiers>
          <lisID>326</lisID>
          <gpoId>8326</gpoId>
          <bioguideId>D000563</bioguideId>
        </identifiers>
        <sponsorshipDate>2019-05-23</sponsorshipDate>
        <isOriginalCosponsor>True</isOriginalCosponsor>
        <state>IL</state>
        <fullName>Sen. Durbin, Richard J. [D-IL]</fullName>
      </item>
      <item>
        <bioguideId>L000575</bioguideId>
        <firstName>James</firstName>
        <middleName />
        <party>R</party>
        <lastName>Lankford</lastName>
        <sponsorshipWithdrawnDate />
        <identifiers>
          <lisID>2050</lisID>
          <bioguideId>L000575</bioguideId>
          <gpoId>8113</gpoId>
        </identifiers>
        <sponsorshipDate>2019-05-23</sponsorshipDate>
        <isOriginalCosponsor>True</isOriginalCosponsor>
        <state>OK</state>
        <fullName>Sen. Lankford, James [R-OK]</fullName>
      </item>
      <item>
        <bioguideId>U000039</bioguideId>
        <firstName>TOM</firstName>
        <middleName />
        <party>D</party>
        <lastName>UDALL</lastName>
        <sponsorshipWithdrawnDate />
        <identifiers>
          <lisID>1567</lisID>
          <bioguideId>U000039</bioguideId>
          <gpoId>8260</gpoId>
        </identifiers>
        <sponsorshipDate>2019-05-23</sponsorshipDate>
        <isOriginalCosponsor>True</isOriginalCosponsor>
        <state>NM</state>
        <fullName>Sen. Udall, Tom [D-NM]</fullName>
      </item>
    </cosponsors>
    <subjects>
      <billSubjects>
        <policyArea>
          <name>Health</name>
        </policyArea>
        <legislativeSubjects>
          <item>
            <name>Child health</name>
          </item>
          <item>
            <name>Congressional tributes</name>
          </item>
          <item>
            <name>Education of the disadvantaged</name>
          </item>
          <item>
            <name>Elementary and secondary education</name>
          </item>
          <item>
            <name>Health care coverage and access</name>
          </item>
          <item>
            <name>Health technology, devices, supplies</name>
          </item>
          <item>
            <name>Hearing, speech, and vision care</name>
          </item>
          <item>
            <name>Social work, volunteer service, charitable organizations</name>
          </item>
        </legislativeSubjects>
      </billSubjects>
    </subjects>
    <congress>116</congress>
    <policyArea>
      <name>Health</name>
    </policyArea>
    <summaries>
      <billSummaries>
        <item>
          <updateDate>2019-05-23T04:00:00Z</updateDate>
          <name>Introduced in Senate</name>
          <versionCode>00</versionCode>
          <text><![CDATA[<p>This resolution congratulates Vision To Learn on helping 200,000 students and expresses support for its mission to ensure that no child goes without the glasses needed to succeed in school and life.<br /></p>]]></text>
          <actionDesc>Introduced in Senate</actionDesc>
          <actionDate>2019-05-23</actionDate>
          <lastSummaryUpdateDate>2019-11-01T18:41:46Z</lastSummaryUpdateDate>
        </item>
      </billSummaries>
    </summaries>
    <billNumber>222</billNumber>
    <calendarNumbers />
    <version>1.0.0</version>
    <committeeReports />
    <latestAction>
      <text>Submitted in the Senate, considered, and agreed to without amendment and with a preamble by Voice Vote. (consideration: CR S3127; text: CR S3116-3117)</text>
      <links />
      <actionDate>2019-05-23</actionDate>
    </latestAction>
  </bill>
  <dublinCore xmlns:dc="http://purl.org/dc/elements/1.1/">
    <dc:format>text/xml</dc:format>
    <dc:language>EN</dc:language>
    <dc:rights>Pursuant to Title 17 Section 105 of the United States Code, this file is not subject to copyright protection and is in the public domain.</dc:rights>
    <dc:contributor>Congressional Research Service, Library of Congress</dc:contributor>
    <dc:description>This file contains bill summaries and statuses for federal legislation. A bill summary describes the most significant provisions of a piece of legislation and details the effects the legislative text may have on current law and federal programs. Bill summaries are authored by the Congressional Research Service (CRS) of the Library of Congress. As stated in Public Law 91-510 (2 USC 166 (d)(6)), one of the duties of CRS is "to prepare summaries and digests of bills and resolutions of a public general nature introduced in the Senate or House of Representatives". For more information, refer to the User Guide that accompanies this file.</dc:description>
  </dublinCore>
</billStatus>

