<?xml version="1.0" encoding="UTF-8"?>
<billStatus>
  <bill>
    <billNumber>397</billNumber>
    <committeeReports />
    <cboCostEstimates />
    <summaries>
      <billSummaries />
    </summaries>
    <notes />
    <createDate>2019-11-01T04:57:37Z</createDate>
    <cosponsors>
      <item>
        <party>R</party>
        <state>MT</state>
        <identifiers>
          <lisID>2138</lisID>
          <gpoId />
          <bioguideId>D000618</bioguideId>
        </identifiers>
        <middleName />
        <sponsorshipWithdrawnDate />
        <bioguideId>D000618</bioguideId>
        <isOriginalCosponsor>True</isOriginalCosponsor>
        <firstName>Steve</firstName>
        <fullName>Sen. Daines, Steve [R-MT]</fullName>
        <sponsorshipDate>2019-10-31</sponsorshipDate>
        <lastName>Daines</lastName>
      </item>
    </cosponsors>
    <originChamber>Senate</originChamber>
    <amendments />
    <updateDate>2019-11-15T21:56:34Z</updateDate>
    <relatedBills />
    <latestAction>
      <text>Referred to the Committee on Foreign Relations. (text: CR S6340-6341)</text>
      <actionDate>2019-10-31</actionDate>
      <links />
    </latestAction>
    <introducedDate>2019-10-31</introducedDate>
    <laws />
    <subjects>
      <billSubjects>
        <legislativeSubjects />
        <policyArea>
          <name>International Affairs</name>
        </policyArea>
      </billSubjects>
    </subjects>
    <calendarNumbers />
    <textVersions>
      <item>
        <formats>
          <item>
            <url>https://www.govinfo.gov/content/pkg/BILLS-116sres397is/xml/BILLS-116sres397is.xml</url>
          </item>
        </formats>
        <date>2019-10-31T04:00:00Z</date>
        <type>Introduced in Senate</type>
      </item>
    </textVersions>
    <version>1.0.0</version>
    <policyArea>
      <name>International Affairs</name>
    </policyArea>
    <recordedVotes />
    <sponsors>
      <item>
        <bioguideId>T000464</bioguideId>
        <state>MT</state>
        <party>D</party>
        <fullName>Sen. Tester, Jon [D-MT]</fullName>
        <firstName>Jon</firstName>
        <lastName>Tester</lastName>
        <byRequestType />
        <middleName />
        <identifiers>
          <lisID>1829</lisID>
          <gpoId>8258</gpoId>
          <bioguideId>T000464</bioguideId>
        </identifiers>
      </item>
    </sponsors>
    <billType>SRES</billType>
    <title>A resolution celebrating the 25th anniversary of the passage of the Mike Mansfield Fellowship Act creating the Mike Mansfield Fellowship Program.</title>
    <congress>116</congress>
    <committees>
      <billCommittees>
        <item>
          <type>Standing</type>
          <name>Foreign Relations Committee</name>
          <activities>
            <item>
              <date>2019-10-31T19:48:41Z</date>
              <name>Referred to</name>
            </item>
          </activities>
          <subcommittees />
          <systemCode>ssfr00</systemCode>
          <chamber>Senate</chamber>
        </item>
      </billCommittees>
    </committees>
    <actions>
      <actionTypeCounts>
        <referredToCommittee>1</referredToCommittee>
        <introducedInSenate>1</introducedInSenate>
      </actionTypeCounts>
      <item>
        <actionDate>2019-10-31</actionDate>
        <committee>
          <name>Foreign Relations Committee</name>
          <systemCode>ssfr00</systemCode>
        </committee>
        <links>
          <link>
            <name>S6340-6341</name>
            <url>https://www.congress.gov/congressional-record/volume-165/senate-section/page/S6340-6341</url>
          </link>
        </links>
        <sourceSystem>
          <name>Senate</name>
          <code>0</code>
        </sourceSystem>
        <text>Referred to the Committee on Foreign Relations. (text: CR S6340-6341)</text>
        <type>IntroReferral</type>
      </item>
      <item>
        <links />
        <sourceSystem>
          <name>Library of Congress</name>
          <code>9</code>
        </sourceSystem>
        <committee />
        <actionCode>10000</actionCode>
        <text>Introduced in Senate</text>
        <actionDate>2019-10-31</actionDate>
        <type>IntroReferral</type>
      </item>
      <actionByCounts>
        <senate>2</senate>
      </actionByCounts>
    </actions>
    <titles>
      <item>
        <title>A resolution celebrating the 25th anniversary of the passage of the Mike Mansfield Fellowship Act creating the Mike Mansfield Fellowship Program.</title>
        <parentTitleType />
        <titleType>Official Title as Introduced</titleType>
        <chamberName />
        <chamberCode />
      </item>
      <item>
        <title>A resolution celebrating the 25th anniversary of the passage of the Mike Mansfield Fellowship Act creating the Mike Mansfield Fellowship Program.</title>
        <parentTitleType />
        <titleType>Display Title</titleType>
        <chamberName />
        <chamberCode />
      </item>
    </titles>
  </bill>
  <dublinCore xmlns:dc="http://purl.org/dc/elements/1.1/">
    <dc:format>text/xml</dc:format>
    <dc:language>EN</dc:language>
    <dc:rights>Pursuant to Title 17 Section 105 of the United States Code, this file is not subject to copyright protection and is in the public domain.</dc:rights>
    <dc:contributor>Congressional Research Service, Library of Congress</dc:contributor>
    <dc:description>This file contains bill summaries and statuses for federal legislation. A bill summary describes the most significant provisions of a piece of legislation and details the effects the legislative text may have on current law and federal programs. Bill summaries are authored by the Congressional Research Service (CRS) of the Library of Congress. As stated in Public Law 91-510 (2 USC 166 (d)(6)), one of the duties of CRS is "to prepare summaries and digests of bills and resolutions of a public general nature introduced in the Senate or House of Representatives". For more information, refer to the User Guide that accompanies this file.</dc:description>
  </dublinCore>
</billStatus>

