<?xml version="1.0" encoding="UTF-8"?>
<billStatus>
  <bill>
    <cosponsors>
      <item>
        <firstName>Joni</firstName>
        <middleName />
        <bioguideId>E000295</bioguideId>
        <party>R</party>
        <lastName>Ernst</lastName>
        <state>IA</state>
        <sponsorshipDate>2019-05-21</sponsorshipDate>
        <fullName>Sen. Ernst, Joni  [R-IA]</fullName>
        <isOriginalCosponsor>True</isOriginalCosponsor>
        <sponsorshipWithdrawnDate />
        <identifiers>
          <bioguideId>E000295</bioguideId>
          <lisID>2283</lisID>
          <gpoId />
        </identifiers>
      </item>
      <item>
        <firstName>Jeff</firstName>
        <middleName />
        <bioguideId>M001176</bioguideId>
        <party>D</party>
        <lastName>Merkley</lastName>
        <state>OR</state>
        <sponsorshipDate>2019-05-21</sponsorshipDate>
        <fullName>Sen. Merkley, Jeff [D-OR]</fullName>
        <isOriginalCosponsor>True</isOriginalCosponsor>
        <sponsorshipWithdrawnDate />
        <identifiers>
          <lisID>1900</lisID>
          <bioguideId>M001176</bioguideId>
          <gpoId>8238</gpoId>
        </identifiers>
      </item>
      <item>
        <firstName>Margaret</firstName>
        <middleName>Wood</middleName>
        <bioguideId>H001076</bioguideId>
        <party>D</party>
        <lastName>Hassan</lastName>
        <state>NH</state>
        <sponsorshipDate>2019-05-21</sponsorshipDate>
        <fullName>Sen. Hassan, Margaret Wood [D-NH]</fullName>
        <isOriginalCosponsor>True</isOriginalCosponsor>
        <sponsorshipWithdrawnDate />
        <identifiers>
          <lisID>2302</lisID>
          <bioguideId>H001076</bioguideId>
          <gpoId />
        </identifiers>
      </item>
    </cosponsors>
    <summaries>
      <billSummaries>
        <item>
          <actionDate>2019-05-21</actionDate>
          <versionCode>00</versionCode>
          <name>Introduced in Senate</name>
          <lastSummaryUpdateDate>2019-09-16T15:41:20Z</lastSummaryUpdateDate>
          <text><![CDATA[<p> This resolution recognizes the contributions made by the Air Force personnel responsible for operating and maintaining the Global Positioning System (GPS) constellation of satellites; those made by the Department of Transportation in coordinating interactions with civil users of the GPS; and the importance of continuous availability, accuracy, efficiency, robustness, reliability, and resiliency of the GPS constellation.</p>]]></text>
          <updateDate>2019-05-21T04:00:00Z</updateDate>
          <actionDesc>Introduced in Senate</actionDesc>
        </item>
      </billSummaries>
    </summaries>
    <calendarNumbers />
    <billNumber>216</billNumber>
    <relatedBills>
      <item>
        <congress>116</congress>
        <latestTitle>Recognizing the contributions made by the men and women of the Air Force who are responsible for operating and maintaining the Global Positioning System constellation and affirming the importance of continuous availability, accuracy, reliability, and resiliency of the Global Positioning System constellation.</latestTitle>
        <type>HRES</type>
        <number>219</number>
        <latestAction>
          <actionDate>2019-03-13</actionDate>
          <text>Referred to the Subcommittee on Strategic Forces.</text>
        </latestAction>
        <relationshipDetails>
          <item>
            <identifiedBy>CRS</identifiedBy>
            <type>Related bill</type>
          </item>
        </relationshipDetails>
      </item>
    </relatedBills>
    <version>1.0.0</version>
    <committees>
      <billCommittees />
    </committees>
    <recordedVotes />
    <committeeReports />
    <congress>116</congress>
    <cboCostEstimates />
    <title>A resolution recognizing the contributions made by the men and women of the Air Force who are responsible for operating and maintaining the Global Positioning System constellation and affirming the importance of continuous availability, accuracy, efficiency, robustness, reliability, and resiliency of the Global Positioning System constellation.</title>
    <originChamber>Senate</originChamber>
    <createDate>2019-05-22T04:42:11Z</createDate>
    <titles>
      <item>
        <chamberCode />
        <title>A resolution recognizing the contributions made by the men and women of the Air Force who are responsible for operating and maintaining the Global Positioning System constellation and affirming the importance of continuous availability, accuracy, efficiency, robustness, reliability, and resiliency of the Global Positioning System constellation.</title>
        <titleType>Official Title as Introduced</titleType>
        <parentTitleType />
        <chamberName />
      </item>
      <item>
        <chamberCode />
        <title>A resolution recognizing the contributions made by the men and women of the Air Force who are responsible for operating and maintaining the Global Positioning System constellation and affirming the importance of continuous availability, accuracy, efficiency, robustness, reliability, and resiliency of the Global Positioning System constellation.</title>
        <titleType>Display Title</titleType>
        <parentTitleType />
        <chamberName />
      </item>
    </titles>
    <latestAction>
      <actionDate>2019-05-21</actionDate>
      <text>Submitted in the Senate, considered, and agreed to without amendment and with a preamble by Unanimous Consent. (consideration: CR S3012; text: CR S3011)</text>
      <links />
    </latestAction>
    <laws />
    <amendments />
    <billType>SRES</billType>
    <policyArea>
      <name>Armed Forces and National Security</name>
    </policyArea>
    <textVersions>
      <item>
        <date>2019-05-21T04:00:00Z</date>
        <type>Agreed to Senate</type>
        <formats>
          <item>
            <url>https://www.govinfo.gov/content/pkg/BILLS-116sres216ats/xml/BILLS-116sres216ats.xml</url>
          </item>
        </formats>
      </item>
    </textVersions>
    <notes />
    <subjects>
      <billSubjects>
        <legislativeSubjects>
          <item>
            <name>Congressional tributes</name>
          </item>
          <item>
            <name>Department of Transportation</name>
          </item>
          <item>
            <name>Geography and mapping</name>
          </item>
          <item>
            <name>Military personnel and dependents</name>
          </item>
          <item>
            <name>Navigation, waterways, harbors</name>
          </item>
          <item>
            <name>Spacecraft and satellites</name>
          </item>
        </legislativeSubjects>
        <policyArea>
          <name>Armed Forces and National Security</name>
        </policyArea>
      </billSubjects>
    </subjects>
    <sponsors>
      <item>
        <state>IL</state>
        <byRequestType />
        <bioguideId>D000622</bioguideId>
        <identifiers>
          <lisID>2123</lisID>
          <bioguideId>D000622</bioguideId>
          <gpoId />
        </identifiers>
        <middleName />
        <fullName>Sen. Duckworth, Tammy [D-IL]</fullName>
        <lastName>Duckworth</lastName>
        <firstName>Tammy</firstName>
        <party>D</party>
      </item>
    </sponsors>
    <updateDate>2019-09-19T09:36:03Z</updateDate>
    <actions>
      <actionTypeCounts>
        <passedOrAgreedToInSenateDayOf>1</passedOrAgreedToInSenateDayOf>
        <passedAgreedToInSenate>1</passedAgreedToInSenate>
        <introducedInSenate>1</introducedInSenate>
      </actionTypeCounts>
      <actionByCounts>
        <senate>3</senate>
      </actionByCounts>
      <item>
        <actionDate>2019-05-21</actionDate>
        <committee />
        <links>
          <link>
            <url>https://www.congress.gov/congressional-record/volume-165/senate-section/page/S3011</url>
            <name>S3011</name>
          </link>
          <link>
            <url>https://www.congress.gov/congressional-record/volume-165/senate-section/page/S3012</url>
            <name>S3012</name>
          </link>
        </links>
        <sourceSystem>
          <code>0</code>
          <name>Senate</name>
        </sourceSystem>
        <text>Submitted in the Senate, considered, and agreed to without amendment and with a preamble by Unanimous Consent. (consideration: CR S3012; text: CR S3011)</text>
        <type>Floor</type>
      </item>
      <item>
        <actionDate>2019-05-21</actionDate>
        <actionCode>17000</actionCode>
        <type>Floor</type>
        <links>
          <link>
            <url>https://www.congress.gov/congressional-record/volume-165/senate-section/page/S3011</url>
            <name>S3011</name>
          </link>
          <link>
            <url>https://www.congress.gov/congressional-record/volume-165/senate-section/page/S3012</url>
            <name>S3012</name>
          </link>
        </links>
        <committee />
        <sourceSystem>
          <code>9</code>
          <name>Library of Congress</name>
        </sourceSystem>
        <text>Passed/agreed to in Senate: Submitted in the Senate, considered, and agreed to without amendment and with a preamble by Unanimous Consent.(consideration: CR S3012; text: CR S3011)</text>
      </item>
      <item>
        <actionDate>2019-05-21</actionDate>
        <actionCode>10000</actionCode>
        <type>IntroReferral</type>
        <links />
        <committee />
        <sourceSystem>
          <code>9</code>
          <name>Library of Congress</name>
        </sourceSystem>
        <text>Introduced in Senate</text>
      </item>
    </actions>
    <introducedDate>2019-05-21</introducedDate>
  </bill>
  <dublinCore xmlns:dc="http://purl.org/dc/elements/1.1/">
    <dc:format>text/xml</dc:format>
    <dc:language>EN</dc:language>
    <dc:rights>Pursuant to Title 17 Section 105 of the United States Code, this file is not subject to copyright protection and is in the public domain.</dc:rights>
    <dc:contributor>Congressional Research Service, Library of Congress</dc:contributor>
    <dc:description>This file contains bill summaries and statuses for federal legislation. A bill summary describes the most significant provisions of a piece of legislation and details the effects the legislative text may have on current law and federal programs. Bill summaries are authored by the Congressional Research Service (CRS) of the Library of Congress. As stated in Public Law 91-510 (2 USC 166 (d)(6)), one of the duties of CRS is "to prepare summaries and digests of bills and resolutions of a public general nature introduced in the Senate or House of Representatives". For more information, refer to the User Guide that accompanies this file.</dc:description>
  </dublinCore>
</billStatus>

