<?xml version="1.0" encoding="UTF-8"?>
<billStatus>
  <bill>
    <policyArea>
      <name>Public Lands and Natural Resources</name>
    </policyArea>
    <version>1.0.0</version>
    <recordedVotes />
    <amendments />
    <relatedBills>
      <item>
        <relationshipDetails>
          <item>
            <type>Related bill</type>
            <identifiedBy>CRS</identifiedBy>
          </item>
        </relationshipDetails>
        <congress>116</congress>
        <type>HRES</type>
        <latestTitle>Recognizing the September 11th National Memorial Trail as an important trail and greenway to be enjoyed by all in honor of the heroes of September 11th.</latestTitle>
        <number>384</number>
        <latestAction>
          <text>Referred to the Subcommittee on National Parks, Forests, and Public Lands.</text>
          <actionDate>2019-05-17</actionDate>
        </latestAction>
      </item>
    </relatedBills>
    <billNumber>267</billNumber>
    <subjects>
      <billSubjects>
        <legislativeSubjects>
          <item>
            <name>District of Columbia</name>
          </item>
          <item>
            <name>Maryland</name>
          </item>
          <item>
            <name>Monuments and memorials</name>
          </item>
          <item>
            <name>Museums, exhibitions, cultural centers</name>
          </item>
          <item>
            <name>New Jersey</name>
          </item>
          <item>
            <name>New York City</name>
          </item>
          <item>
            <name>Parks, recreation areas, trails</name>
          </item>
          <item>
            <name>Pennsylvania</name>
          </item>
          <item>
            <name>Terrorism</name>
          </item>
          <item>
            <name>Virginia</name>
          </item>
        </legislativeSubjects>
        <policyArea>
          <name>Public Lands and Natural Resources</name>
        </policyArea>
      </billSubjects>
    </subjects>
    <textVersions>
      <item>
        <date>2019-09-11T04:00:00Z</date>
        <type>Agreed to Senate</type>
        <formats>
          <item>
            <url>https://www.govinfo.gov/content/pkg/BILLS-116sres267ats/xml/BILLS-116sres267ats.xml</url>
          </item>
        </formats>
      </item>
      <item>
        <date>2019-06-27T04:00:00Z</date>
        <type>Introduced in Senate</type>
        <formats>
          <item>
            <url>https://www.govinfo.gov/content/pkg/BILLS-116sres267is/xml/BILLS-116sres267is.xml</url>
          </item>
        </formats>
      </item>
    </textVersions>
    <summaries>
      <billSummaries>
        <item>
          <updateDate>2019-06-27T04:00:00Z</updateDate>
          <name>Introduced in Senate</name>
          <versionCode>00</versionCode>
          <text><![CDATA[<p>This resolution recognizes the September 11th National Memorial Trail, which&nbsp;will pass through the states of Virginia, Maryland, West Virginia, Pennsylvania, New Jersey, New York, Delaware, and the District of Columbia, as an important trail and greenway honoring the heroes of the September 11, 2001, terrorist attack in the United States. </p>]]></text>
          <actionDesc>Introduced in Senate</actionDesc>
          <actionDate>2019-06-27</actionDate>
          <lastSummaryUpdateDate>2019-07-24T15:24:07Z</lastSummaryUpdateDate>
        </item>
      </billSummaries>
    </summaries>
    <billType>SRES</billType>
    <createDate>2019-06-28T04:42:11Z</createDate>
    <cosponsors>
      <item>
        <lastName>Warner</lastName>
        <fullName>Sen. Warner, Mark R. [D-VA]</fullName>
        <party>D</party>
        <isOriginalCosponsor>True</isOriginalCosponsor>
        <identifiers>
          <lisID>1897</lisID>
          <gpoId>8269</gpoId>
          <bioguideId>W000805</bioguideId>
        </identifiers>
        <firstName>Mark</firstName>
        <state>VA</state>
        <sponsorshipDate>2019-06-27</sponsorshipDate>
        <sponsorshipWithdrawnDate />
        <bioguideId>W000805</bioguideId>
        <middleName>R.</middleName>
      </item>
      <item>
        <lastName>Casey</lastName>
        <fullName>Sen. Casey, Robert P., Jr. [D-PA]</fullName>
        <party>D</party>
        <isOriginalCosponsor>False</isOriginalCosponsor>
        <identifiers>
          <lisID>1828</lisID>
          <bioguideId>C001070</bioguideId>
          <gpoId>8282</gpoId>
        </identifiers>
        <firstName>Bob</firstName>
        <state>PA</state>
        <sponsorshipDate>2019-09-09</sponsorshipDate>
        <sponsorshipWithdrawnDate />
        <bioguideId>C001070</bioguideId>
        <middleName />
      </item>
    </cosponsors>
    <sponsors>
      <item>
        <bioguideId>T000461</bioguideId>
        <firstName>Pat</firstName>
        <middleName />
        <identifiers>
          <bioguideId>T000461</bioguideId>
          <lisID>1594</lisID>
          <gpoId />
        </identifiers>
        <lastName>Toomey</lastName>
        <byRequestType />
        <party>R</party>
        <state>PA</state>
        <fullName>Sen. Toomey, Pat [R-PA]</fullName>
      </item>
    </sponsors>
    <titles>
      <item>
        <titleType>Official Title as Introduced</titleType>
        <parentTitleType />
        <chamberName />
        <title>A resolution recognizing the September 11th National Memorial Trail as an important trail and greenway all individuals should enjoy in honor of the heroes of September 11th.</title>
        <chamberCode />
      </item>
      <item>
        <titleType>Display Title</titleType>
        <parentTitleType />
        <chamberName />
        <title>A resolution recognizing the September 11th National Memorial Trail as an important trail and greenway all individuals should enjoy in honor of the heroes of September 11th.</title>
        <chamberCode />
      </item>
    </titles>
    <title>A resolution recognizing the September 11th National Memorial Trail as an important trail and greenway all individuals should enjoy in honor of the heroes of September 11th.</title>
    <committeeReports />
    <updateDate>2019-11-05T13:35:03Z</updateDate>
    <cboCostEstimates />
    <laws />
    <notes />
    <introducedDate>2019-06-27</introducedDate>
    <congress>116</congress>
    <originChamber>Senate</originChamber>
    <latestAction>
      <actionDate>2019-09-11</actionDate>
      <links />
      <text>Resolution agreed to in Senate without amendment and with a preamble by Unanimous Consent. (text: CR 06/27/2019 S4635-4636)</text>
    </latestAction>
    <actions>
      <actionTypeCounts>
        <referredToCommittee>1</referredToCommittee>
        <committeeDischarged>1</committeeDischarged>
        <introducedInSenate>1</introducedInSenate>
        <senateCommitteeDischarged>1</senateCommitteeDischarged>
        <passedAgreedToInSenate>1</passedAgreedToInSenate>
        <agreedToInSenate>1</agreedToInSenate>
      </actionTypeCounts>
      <actionByCounts>
        <senate>6</senate>
      </actionByCounts>
      <item>
        <actionDate>2019-09-11</actionDate>
        <committee />
        <links>
          <link>
            <url>https://www.congress.gov/congressional-record/volume-165/senate-section/page/S4635</url>
            <name>CR 06/27/2019 S4635</name>
          </link>
        </links>
        <sourceSystem>
          <code>0</code>
          <name>Senate</name>
        </sourceSystem>
        <text>Resolution agreed to in Senate without amendment and with a preamble by Unanimous Consent. (text: CR 06/27/2019 S4635-4636)</text>
        <type>Floor</type>
      </item>
      <item>
        <actionCode>17000</actionCode>
        <text>Passed/agreed to in Senate: Resolution agreed to in Senate without amendment and with a preamble by Unanimous Consent.(text: CR 06/27/2019 S4635-4636)</text>
        <links>
          <link>
            <url>https://www.congress.gov/congressional-record/volume-165/senate-section/page/S4635</url>
            <name>CR 06/27/2019 S4635</name>
          </link>
        </links>
        <committee />
        <type>Floor</type>
        <sourceSystem>
          <code>9</code>
          <name>Library of Congress</name>
        </sourceSystem>
        <actionDate>2019-09-11</actionDate>
      </item>
      <item>
        <actionDate>2019-09-11</actionDate>
        <committee>
          <systemCode>sseg00</systemCode>
          <name>Energy and Natural Resources Committee</name>
        </committee>
        <links>
          <link>
            <url>https://www.congress.gov/congressional-record/volume-165/senate-section/page/S5452</url>
            <name>S5452</name>
          </link>
        </links>
        <sourceSystem>
          <code>0</code>
          <name>Senate</name>
        </sourceSystem>
        <text>Senate Committee on Energy and Natural Resources discharged by Unanimous Consent. (consideration: CR S5452)</text>
        <type>Discharge</type>
      </item>
      <item>
        <actionCode>14500</actionCode>
        <text>Senate Committee on Energy and Natural Resources discharged by Unanimous Consent.(consideration: CR S5452)</text>
        <links>
          <link>
            <url>https://www.congress.gov/congressional-record/volume-165/senate-section/page/S5452</url>
            <name>S5452</name>
          </link>
        </links>
        <committee>
          <systemCode>sseg00</systemCode>
          <name>Energy and Natural Resources Committee</name>
        </committee>
        <type>Committee</type>
        <sourceSystem>
          <code>9</code>
          <name>Library of Congress</name>
        </sourceSystem>
        <actionDate>2019-09-11</actionDate>
      </item>
      <item>
        <actionDate>2019-06-27</actionDate>
        <committee>
          <systemCode>sseg00</systemCode>
          <name>Energy and Natural Resources Committee</name>
        </committee>
        <links />
        <sourceSystem>
          <code>0</code>
          <name>Senate</name>
        </sourceSystem>
        <text>Referred to the Committee on Energy and Natural Resources.</text>
        <type>IntroReferral</type>
      </item>
      <item>
        <actionCode>10000</actionCode>
        <text>Introduced in Senate</text>
        <links />
        <committee />
        <type>IntroReferral</type>
        <sourceSystem>
          <code>9</code>
          <name>Library of Congress</name>
        </sourceSystem>
        <actionDate>2019-06-27</actionDate>
      </item>
    </actions>
    <committees>
      <billCommittees>
        <item>
          <activities>
            <item>
              <date>2019-09-11T23:01:45Z</date>
              <name>Discharged from</name>
            </item>
            <item>
              <date>2019-06-27T17:02:43Z</date>
              <name>Referred to</name>
            </item>
          </activities>
          <chamber>Senate</chamber>
          <name>Energy and Natural Resources Committee</name>
          <subcommittees />
          <systemCode>sseg00</systemCode>
          <type>Standing</type>
        </item>
      </billCommittees>
    </committees>
    <calendarNumbers />
  </bill>
  <dublinCore xmlns:dc="http://purl.org/dc/elements/1.1/">
    <dc:format>text/xml</dc:format>
    <dc:language>EN</dc:language>
    <dc:rights>Pursuant to Title 17 Section 105 of the United States Code, this file is not subject to copyright protection and is in the public domain.</dc:rights>
    <dc:contributor>Congressional Research Service, Library of Congress</dc:contributor>
    <dc:description>This file contains bill summaries and statuses for federal legislation. A bill summary describes the most significant provisions of a piece of legislation and details the effects the legislative text may have on current law and federal programs. Bill summaries are authored by the Congressional Research Service (CRS) of the Library of Congress. As stated in Public Law 91-510 (2 USC 166 (d)(6)), one of the duties of CRS is "to prepare summaries and digests of bills and resolutions of a public general nature introduced in the Senate or House of Representatives". For more information, refer to the User Guide that accompanies this file.</dc:description>
  </dublinCore>
</billStatus>

