<?xml version="1.0" encoding="UTF-8"?>
<billStatus>
  <bill>
    <amendments />
    <summaries>
      <billSummaries>
        <item>
          <updateDate>2019-05-23T04:00:00Z</updateDate>
          <name>Introduced in Senate</name>
          <text><![CDATA[<p>This resolution expresses support for the goals of International Myalgic Encephalomyelitis/Chronic Fatigue Syndrome Awareness Day.</p>]]></text>
          <actionDate>2019-05-23</actionDate>
          <lastSummaryUpdateDate>2019-10-08T21:48:14Z</lastSummaryUpdateDate>
          <versionCode>00</versionCode>
          <actionDesc>Introduced in Senate</actionDesc>
        </item>
        <item>
          <updateDate>2019-05-23T11:52:41Z</updateDate>
          <name>Passed Senate</name>
          <text><![CDATA[<p>This resolution expresses support for the goals of International Myalgic Encephalomyelitis/Chronic Fatigue Syndrome Awareness Day.</p>]]></text>
          <actionDate>2019-05-23</actionDate>
          <lastSummaryUpdateDate>2019-10-08T21:48:42Z</lastSummaryUpdateDate>
          <versionCode>55</versionCode>
          <actionDesc>Passed Senate</actionDesc>
        </item>
      </billSummaries>
    </summaries>
    <laws />
    <committees>
      <billCommittees />
    </committees>
    <billNumber>225</billNumber>
    <subjects>
      <billSubjects>
        <legislativeSubjects>
          <item>
            <name>Commemorative events and holidays</name>
          </item>
          <item>
            <name>Disability and paralysis</name>
          </item>
          <item>
            <name>Health promotion and preventive care</name>
          </item>
          <item>
            <name>Medical research</name>
          </item>
        </legislativeSubjects>
        <policyArea>
          <name>Health</name>
        </policyArea>
      </billSubjects>
    </subjects>
    <actions>
      <actionTypeCounts>
        <passedAgreedToInSenate>1</passedAgreedToInSenate>
        <introducedInSenate>1</introducedInSenate>
        <passedOrAgreedToInSenateDayOf>1</passedOrAgreedToInSenateDayOf>
      </actionTypeCounts>
      <actionByCounts>
        <senate>3</senate>
      </actionByCounts>
      <item>
        <actionDate>2019-05-23</actionDate>
        <committee />
        <links>
          <link>
            <name>S3117-3118</name>
            <url>https://www.congress.gov/congressional-record/volume-165/senate-section/page/S3117-3118</url>
          </link>
          <link>
            <name>S3127</name>
            <url>https://www.congress.gov/congressional-record/volume-165/senate-section/page/S3127</url>
          </link>
        </links>
        <sourceSystem>
          <code>0</code>
          <name>Senate</name>
        </sourceSystem>
        <text>Submitted in the Senate, considered, and agreed to without amendment and with a preamble by Voice Vote. (consideration: CR S3127; text: CR S3117-3118)</text>
        <type>Floor</type>
      </item>
      <item>
        <sourceSystem>
          <code>9</code>
          <name>Library of Congress</name>
        </sourceSystem>
        <type>Floor</type>
        <actionDate>2019-05-23</actionDate>
        <actionCode>17000</actionCode>
        <committee />
        <links>
          <link>
            <name>S3117-3118</name>
            <url>https://www.congress.gov/congressional-record/volume-165/senate-section/page/S3117-3118</url>
          </link>
          <link>
            <name>S3127</name>
            <url>https://www.congress.gov/congressional-record/volume-165/senate-section/page/S3127</url>
          </link>
        </links>
        <text>Passed/agreed to in Senate: Submitted in the Senate, considered, and agreed to without amendment and with a preamble by Voice Vote.(consideration: CR S3127; text: CR S3117-3118)</text>
      </item>
      <item>
        <sourceSystem>
          <code>9</code>
          <name>Library of Congress</name>
        </sourceSystem>
        <type>IntroReferral</type>
        <actionDate>2019-05-23</actionDate>
        <actionCode>10000</actionCode>
        <committee />
        <links />
        <text>Introduced in Senate</text>
      </item>
    </actions>
    <policyArea>
      <name>Health</name>
    </policyArea>
    <calendarNumbers />
    <version>1.0.0</version>
    <congress>116</congress>
    <sponsors>
      <item>
        <middleName>J.</middleName>
        <bioguideId>M000133</bioguideId>
        <byRequestType />
        <state>MA</state>
        <fullName>Sen. Markey, Edward J. [D-MA]</fullName>
        <identifiers>
          <gpoId>7972</gpoId>
          <bioguideId>M000133</bioguideId>
          <lisID>735</lisID>
        </identifiers>
        <firstName>EDWARD</firstName>
        <lastName>MARKEY</lastName>
        <party>D</party>
      </item>
    </sponsors>
    <textVersions>
      <item>
        <date>2019-05-23T04:00:00Z</date>
        <formats>
          <item>
            <url>https://www.govinfo.gov/content/pkg/BILLS-116sres225ats/xml/BILLS-116sres225ats.xml</url>
          </item>
        </formats>
        <type>Agreed to Senate</type>
      </item>
    </textVersions>
    <originChamber>Senate</originChamber>
    <recordedVotes />
    <createDate>2019-05-24T05:27:12Z</createDate>
    <notes />
    <introducedDate>2019-05-23</introducedDate>
    <titles>
      <item>
        <titleType>Official Title as Introduced</titleType>
        <title>A resolution supporting the goals of International Myalgic Encephalomyelitis/Chronic Fatigue Syndrome Awareness Day.</title>
        <chamberCode />
        <parentTitleType />
        <chamberName />
      </item>
      <item>
        <titleType>Display Title</titleType>
        <title>A resolution supporting the goals of International Myalgic Encephalomyelitis/Chronic Fatigue Syndrome Awareness Day.</title>
        <chamberCode />
        <parentTitleType />
        <chamberName />
      </item>
    </titles>
    <committeeReports />
    <latestAction>
      <actionDate>2019-05-23</actionDate>
      <text>Submitted in the Senate, considered, and agreed to without amendment and with a preamble by Voice Vote. (consideration: CR S3127; text: CR S3117-3118)</text>
      <links />
    </latestAction>
    <cosponsors>
      <item>
        <bioguideId>C001035</bioguideId>
        <firstName>SUSAN</firstName>
        <party>R</party>
        <identifiers>
          <gpoId>8291</gpoId>
          <lisID>1541</lisID>
          <bioguideId>C001035</bioguideId>
        </identifiers>
        <middleName>MARGARET</middleName>
        <sponsorshipWithdrawnDate />
        <lastName>COLLINS</lastName>
        <state>ME</state>
        <sponsorshipDate>2019-05-23</sponsorshipDate>
        <fullName>Sen. Collins, Susan M. [R-ME]</fullName>
        <isOriginalCosponsor>True</isOriginalCosponsor>
      </item>
      <item>
        <bioguideId>C001096</bioguideId>
        <firstName>Kevin</firstName>
        <party>R</party>
        <identifiers>
          <gpoId />
          <bioguideId>C001096</bioguideId>
          <lisID>2144</lisID>
        </identifiers>
        <middleName />
        <sponsorshipWithdrawnDate />
        <lastName>Cramer</lastName>
        <state>ND</state>
        <sponsorshipDate>2019-05-23</sponsorshipDate>
        <fullName>Sen. Cramer, Kevin [R-ND]</fullName>
        <isOriginalCosponsor>True</isOriginalCosponsor>
      </item>
      <item>
        <bioguideId>B001277</bioguideId>
        <firstName>Richard</firstName>
        <party>D</party>
        <identifiers>
          <bioguideId>B001277</bioguideId>
          <lisID>2076</lisID>
          <gpoId>8332</gpoId>
        </identifiers>
        <middleName />
        <sponsorshipWithdrawnDate />
        <lastName>Blumenthal</lastName>
        <state>CT</state>
        <sponsorshipDate>2019-05-23</sponsorshipDate>
        <fullName>Sen. Blumenthal, Richard [D-CT]</fullName>
        <isOriginalCosponsor>True</isOriginalCosponsor>
      </item>
      <item>
        <bioguideId>C001088</bioguideId>
        <firstName>Christopher</firstName>
        <party>D</party>
        <identifiers>
          <lisID>1984</lisID>
          <bioguideId>C001088</bioguideId>
          <gpoId>8297</gpoId>
        </identifiers>
        <middleName>A.</middleName>
        <sponsorshipWithdrawnDate />
        <lastName>Coons</lastName>
        <state>DE</state>
        <sponsorshipDate>2019-05-23</sponsorshipDate>
        <fullName>Sen. Coons, Christopher A. [D-DE]</fullName>
        <isOriginalCosponsor>True</isOriginalCosponsor>
      </item>
      <item>
        <bioguideId>H001061</bioguideId>
        <firstName>John</firstName>
        <party>R</party>
        <identifiers>
          <gpoId>8331</gpoId>
          <lisID>2079</lisID>
          <bioguideId>H001061</bioguideId>
        </identifiers>
        <middleName />
        <sponsorshipWithdrawnDate />
        <lastName>Hoeven</lastName>
        <state>ND</state>
        <sponsorshipDate>2019-05-23</sponsorshipDate>
        <fullName>Sen. Hoeven, John [R-ND]</fullName>
        <isOriginalCosponsor>True</isOriginalCosponsor>
      </item>
      <item>
        <bioguideId>B001288</bioguideId>
        <firstName>Cory</firstName>
        <party>D</party>
        <identifiers>
          <bioguideId>B001288</bioguideId>
          <lisID>2194</lisID>
          <gpoId />
        </identifiers>
        <middleName>A.</middleName>
        <sponsorshipWithdrawnDate />
        <lastName>Booker</lastName>
        <state>NJ</state>
        <sponsorshipDate>2019-05-23</sponsorshipDate>
        <fullName>Sen. Booker, Cory A. [D-NJ]</fullName>
        <isOriginalCosponsor>True</isOriginalCosponsor>
      </item>
      <item>
        <bioguideId>V000128</bioguideId>
        <firstName>Chris</firstName>
        <party>D</party>
        <identifiers>
          <gpoId>7983</gpoId>
          <lisID>1729</lisID>
          <bioguideId>V000128</bioguideId>
        </identifiers>
        <middleName />
        <sponsorshipWithdrawnDate />
        <lastName>Van Hollen</lastName>
        <state>MD</state>
        <sponsorshipDate>2019-05-23</sponsorshipDate>
        <fullName>Sen. Van Hollen, Chris [D-MD]</fullName>
        <isOriginalCosponsor>True</isOriginalCosponsor>
      </item>
      <item>
        <bioguideId>F000062</bioguideId>
        <firstName>DIANNE</firstName>
        <party>D</party>
        <identifiers>
          <gpoId>8338</gpoId>
          <lisID>1332</lisID>
          <bioguideId>F000062</bioguideId>
        </identifiers>
        <middleName />
        <sponsorshipWithdrawnDate />
        <lastName>FEINSTEIN</lastName>
        <state>CA</state>
        <sponsorshipDate>2019-05-23</sponsorshipDate>
        <fullName>Sen. Feinstein, Dianne [D-CA]</fullName>
        <isOriginalCosponsor>True</isOriginalCosponsor>
      </item>
      <item>
        <bioguideId>K000383</bioguideId>
        <firstName>Angus</firstName>
        <party>I</party>
        <identifiers>
          <lisID>2185</lisID>
          <bioguideId>K000383</bioguideId>
          <gpoId />
        </identifiers>
        <middleName />
        <sponsorshipWithdrawnDate />
        <lastName>King</lastName>
        <state>ME</state>
        <sponsorshipDate>2019-05-23</sponsorshipDate>
        <fullName>Sen. King, Angus S., Jr. [I-ME]</fullName>
        <isOriginalCosponsor>True</isOriginalCosponsor>
      </item>
      <item>
        <bioguideId>S000770</bioguideId>
        <firstName>DEBORAH</firstName>
        <party>D</party>
        <identifiers>
          <bioguideId>S000770</bioguideId>
          <lisID>1531</lisID>
          <gpoId>8261</gpoId>
        </identifiers>
        <middleName>ANN</middleName>
        <sponsorshipWithdrawnDate />
        <lastName>STABENOW</lastName>
        <state>MI</state>
        <sponsorshipDate>2019-05-23</sponsorshipDate>
        <fullName>Sen. Stabenow, Debbie [D-MI]</fullName>
        <isOriginalCosponsor>True</isOriginalCosponsor>
      </item>
      <item>
        <bioguideId>S001191</bioguideId>
        <firstName>Kyrsten</firstName>
        <party>D</party>
        <identifiers>
          <bioguideId>S001191</bioguideId>
          <lisID>2099</lisID>
          <gpoId />
        </identifiers>
        <middleName />
        <sponsorshipWithdrawnDate />
        <lastName>Sinema</lastName>
        <state>AZ</state>
        <sponsorshipDate>2019-05-23</sponsorshipDate>
        <fullName>Sen. Sinema, Kyrsten [D-AZ]</fullName>
        <isOriginalCosponsor>True</isOriginalCosponsor>
      </item>
      <item>
        <bioguideId>C001070</bioguideId>
        <firstName>Bob</firstName>
        <party>D</party>
        <identifiers>
          <bioguideId>C001070</bioguideId>
          <lisID>1828</lisID>
          <gpoId>8282</gpoId>
        </identifiers>
        <middleName />
        <sponsorshipWithdrawnDate />
        <lastName>Casey</lastName>
        <state>PA</state>
        <sponsorshipDate>2019-05-23</sponsorshipDate>
        <fullName>Sen. Casey, Robert P., Jr. [D-PA]</fullName>
        <isOriginalCosponsor>True</isOriginalCosponsor>
      </item>
      <item>
        <bioguideId>H001075</bioguideId>
        <firstName>Kamala</firstName>
        <party>D</party>
        <identifiers>
          <lisID>2301</lisID>
          <bioguideId>H001075</bioguideId>
          <gpoId />
        </identifiers>
        <middleName>D.</middleName>
        <sponsorshipWithdrawnDate />
        <lastName>Harris</lastName>
        <state>CA</state>
        <sponsorshipDate>2019-05-23</sponsorshipDate>
        <fullName>Sen. Harris, Kamala D. [D-CA]</fullName>
        <isOriginalCosponsor>True</isOriginalCosponsor>
      </item>
      <item>
        <bioguideId>W000817</bioguideId>
        <firstName>Elizabeth</firstName>
        <party>D</party>
        <identifiers>
          <bioguideId>W000817</bioguideId>
          <lisID>2182</lisID>
          <gpoId />
        </identifiers>
        <middleName>A.</middleName>
        <sponsorshipWithdrawnDate />
        <lastName>Warren</lastName>
        <state>MA</state>
        <sponsorshipDate>2019-05-23</sponsorshipDate>
        <fullName>Sen. Warren, Elizabeth [D-MA]</fullName>
        <isOriginalCosponsor>True</isOriginalCosponsor>
      </item>
    </cosponsors>
    <title>A resolution supporting the goals of International Myalgic Encephalomyelitis/Chronic Fatigue Syndrome Awareness Day.</title>
    <updateDate>2019-10-11T04:27:34Z</updateDate>
    <billType>SRES</billType>
    <cboCostEstimates />
    <relatedBills>
      <item>
        <latestTitle>Supporting the goals and ideals of International Myalgic Encephalomyelitis/Chronic Fatigue Syndrome Awareness Day.</latestTitle>
        <number>399</number>
        <congress>116</congress>
        <type>HRES</type>
        <relationshipDetails>
          <item>
            <type>Related bill</type>
            <identifiedBy>CRS</identifiedBy>
          </item>
        </relationshipDetails>
        <latestAction>
          <actionDate>2019-05-22</actionDate>
          <text>Referred to the House Committee on Energy and Commerce.</text>
        </latestAction>
      </item>
    </relatedBills>
  </bill>
  <dublinCore xmlns:dc="http://purl.org/dc/elements/1.1/">
    <dc:format>text/xml</dc:format>
    <dc:language>EN</dc:language>
    <dc:rights>Pursuant to Title 17 Section 105 of the United States Code, this file is not subject to copyright protection and is in the public domain.</dc:rights>
    <dc:contributor>Congressional Research Service, Library of Congress</dc:contributor>
    <dc:description>This file contains bill summaries and statuses for federal legislation. A bill summary describes the most significant provisions of a piece of legislation and details the effects the legislative text may have on current law and federal programs. Bill summaries are authored by the Congressional Research Service (CRS) of the Library of Congress. As stated in Public Law 91-510 (2 USC 166 (d)(6)), one of the duties of CRS is "to prepare summaries and digests of bills and resolutions of a public general nature introduced in the Senate or House of Representatives". For more information, refer to the User Guide that accompanies this file.</dc:description>
  </dublinCore>
</billStatus>

