<?xml version="1.0" encoding="UTF-8"?>
<billStatus>
  <bill>
    <committeeReports />
    <latestAction>
      <actionDate>2019-01-28</actionDate>
      <text>Referred to the Committee on the Judiciary. (text: CR S701)</text>
      <links />
    </latestAction>
    <committees>
      <billCommittees>
        <item>
          <type>Standing</type>
          <chamber>Senate</chamber>
          <subcommittees />
          <name>Judiciary Committee</name>
          <systemCode>ssju00</systemCode>
          <activities>
            <item>
              <name>Referred to</name>
              <date>2019-01-28T21:06:43Z</date>
            </item>
          </activities>
        </item>
      </billCommittees>
    </committees>
    <introducedDate>2019-01-28</introducedDate>
    <notes />
    <congress>116</congress>
    <summaries>
      <billSummaries>
        <item>
          <text><![CDATA[<p>This resolution recognizes January 27, 2019, as the second anniversary of the executive order suspending the admission of individuals and refugees from specified Muslim-majority countries. </p> <p>It also affirms this Nation's proud history of refugee settlement, emphasizes the importance of the United States Refugee Admissions Program as a critical tool for U.S. global leadership, and calls upon the U.S. government to resettle a robust number of refugees to meet its share of the global need during FY2019-FY2020.</p>]]></text>
          <versionCode>00</versionCode>
          <actionDate>2019-01-28</actionDate>
          <lastSummaryUpdateDate>2019-02-04T21:14:49Z</lastSummaryUpdateDate>
          <updateDate>2019-01-28T05:00:00Z</updateDate>
          <name>Introduced in Senate</name>
          <actionDesc>Introduced in Senate</actionDesc>
        </item>
      </billSummaries>
    </summaries>
    <actions>
      <actionTypeCounts>
        <introducedInSenate>1</introducedInSenate>
        <referredToCommittee>1</referredToCommittee>
      </actionTypeCounts>
      <actionByCounts>
        <senate>2</senate>
      </actionByCounts>
      <item>
        <actionDate>2019-01-28</actionDate>
        <committee>
          <systemCode>ssju00</systemCode>
          <name>Judiciary Committee</name>
        </committee>
        <links>
          <link>
            <url>https://www.congress.gov/congressional-record/volume-165/senate-section/page/S701</url>
            <name>S701</name>
          </link>
        </links>
        <sourceSystem>
          <code>0</code>
          <name>Senate</name>
        </sourceSystem>
        <text>Referred to the Committee on the Judiciary. (text: CR S701)</text>
        <type>IntroReferral</type>
      </item>
      <item>
        <sourceSystem>
          <code>9</code>
          <name>Library of Congress</name>
        </sourceSystem>
        <links />
        <text>Introduced in Senate</text>
        <type>IntroReferral</type>
        <actionCode>10000</actionCode>
        <actionDate>2019-01-28</actionDate>
        <committee />
      </item>
    </actions>
    <cosponsors>
      <item>
        <middleName>R.</middleName>
        <lastName>CARPER</lastName>
        <bioguideId>C000174</bioguideId>
        <sponsorshipDate>2019-01-28</sponsorshipDate>
        <sponsorshipWithdrawnDate />
        <firstName>THOMAS</firstName>
        <party>D</party>
        <isOriginalCosponsor>True</isOriginalCosponsor>
        <fullName>Sen. Carper, Thomas R. [D-DE]</fullName>
        <identifiers>
          <lisID>179</lisID>
          <gpoId>8283</gpoId>
          <bioguideId>C000174</bioguideId>
        </identifiers>
        <state>DE</state>
      </item>
      <item>
        <middleName>J.</middleName>
        <lastName>MARKEY</lastName>
        <bioguideId>M000133</bioguideId>
        <sponsorshipDate>2019-01-28</sponsorshipDate>
        <sponsorshipWithdrawnDate />
        <firstName>EDWARD</firstName>
        <party>D</party>
        <isOriginalCosponsor>True</isOriginalCosponsor>
        <fullName>Sen. Markey, Edward J. [D-MA]</fullName>
        <identifiers>
          <lisID>735</lisID>
          <bioguideId>M000133</bioguideId>
          <gpoId>7972</gpoId>
        </identifiers>
        <state>MA</state>
      </item>
      <item>
        <middleName>K.</middleName>
        <lastName>Hirono</lastName>
        <bioguideId>H001042</bioguideId>
        <sponsorshipDate>2019-01-28</sponsorshipDate>
        <sponsorshipWithdrawnDate />
        <firstName>Mazie</firstName>
        <party>D</party>
        <isOriginalCosponsor>True</isOriginalCosponsor>
        <fullName>Sen. Hirono, Mazie K. [D-HI]</fullName>
        <identifiers>
          <lisID>1844</lisID>
          <gpoId>7913</gpoId>
          <bioguideId>H001042</bioguideId>
        </identifiers>
        <state>HI</state>
      </item>
      <item>
        <middleName>D.</middleName>
        <lastName>Harris</lastName>
        <bioguideId>H001075</bioguideId>
        <sponsorshipDate>2019-01-28</sponsorshipDate>
        <sponsorshipWithdrawnDate />
        <firstName>Kamala</firstName>
        <party>D</party>
        <isOriginalCosponsor>True</isOriginalCosponsor>
        <fullName>Sen. Harris, Kamala D. [D-CA]</fullName>
        <identifiers>
          <bioguideId>H001075</bioguideId>
          <gpoId />
          <lisID>2301</lisID>
        </identifiers>
        <state>CA</state>
      </item>
      <item>
        <middleName />
        <lastName>Klobuchar</lastName>
        <bioguideId>K000367</bioguideId>
        <sponsorshipDate>2019-01-28</sponsorshipDate>
        <sponsorshipWithdrawnDate />
        <firstName>Amy</firstName>
        <party>D</party>
        <isOriginalCosponsor>True</isOriginalCosponsor>
        <fullName>Sen. Klobuchar, Amy [D-MN]</fullName>
        <identifiers>
          <bioguideId>K000367</bioguideId>
          <gpoId>8249</gpoId>
          <lisID>1826</lisID>
        </identifiers>
        <state>MN</state>
      </item>
      <item>
        <middleName />
        <lastName>Brown</lastName>
        <bioguideId>B000944</bioguideId>
        <sponsorshipDate>2019-01-28</sponsorshipDate>
        <sponsorshipWithdrawnDate />
        <firstName>Sherrod</firstName>
        <party>D</party>
        <isOriginalCosponsor>True</isOriginalCosponsor>
        <fullName>Sen. Brown, Sherrod [D-OH]</fullName>
        <identifiers>
          <bioguideId>B000944</bioguideId>
          <gpoId>8309</gpoId>
          <lisID>136</lisID>
        </identifiers>
        <state>OH</state>
      </item>
      <item>
        <middleName />
        <lastName>MURRAY</lastName>
        <bioguideId>M001111</bioguideId>
        <sponsorshipDate>2019-01-28</sponsorshipDate>
        <sponsorshipWithdrawnDate />
        <firstName>PATTY</firstName>
        <party>D</party>
        <isOriginalCosponsor>True</isOriginalCosponsor>
        <fullName>Sen. Murray, Patty [D-WA]</fullName>
        <identifiers>
          <lisID>1409</lisID>
          <gpoId>8237</gpoId>
          <bioguideId>M001111</bioguideId>
        </identifiers>
        <state>WA</state>
      </item>
      <item>
        <middleName>JOSEPH</middleName>
        <lastName>LEAHY</lastName>
        <bioguideId>L000174</bioguideId>
        <sponsorshipDate>2019-01-28</sponsorshipDate>
        <sponsorshipWithdrawnDate />
        <firstName>PATRICK</firstName>
        <party>D</party>
        <isOriginalCosponsor>True</isOriginalCosponsor>
        <fullName>Sen. Leahy, Patrick J. [D-VT]</fullName>
        <identifiers>
          <bioguideId>L000174</bioguideId>
          <gpoId>8244</gpoId>
          <lisID>1383</lisID>
        </identifiers>
        <state>VT</state>
      </item>
      <item>
        <middleName />
        <lastName>CANTWELL</lastName>
        <bioguideId>C000127</bioguideId>
        <sponsorshipDate>2019-01-28</sponsorshipDate>
        <sponsorshipWithdrawnDate />
        <firstName>MARIA</firstName>
        <party>D</party>
        <isOriginalCosponsor>True</isOriginalCosponsor>
        <fullName>Sen. Cantwell, Maria [D-WA]</fullName>
        <identifiers>
          <gpoId>8288</gpoId>
          <lisID>172</lisID>
          <bioguideId>C000127</bioguideId>
        </identifiers>
        <state>WA</state>
      </item>
      <item>
        <middleName />
        <lastName>Smith</lastName>
        <bioguideId>S001203</bioguideId>
        <sponsorshipDate>2019-01-28</sponsorshipDate>
        <sponsorshipWithdrawnDate />
        <firstName>Tina</firstName>
        <party>D</party>
        <isOriginalCosponsor>True</isOriginalCosponsor>
        <fullName>Sen. Smith, Tina  [D-MN]</fullName>
        <identifiers>
          <bioguideId>S001203</bioguideId>
          <gpoId />
          <lisID>2365</lisID>
        </identifiers>
        <state>MN</state>
      </item>
      <item>
        <middleName />
        <lastName>Merkley</lastName>
        <bioguideId>M001176</bioguideId>
        <sponsorshipDate>2019-01-28</sponsorshipDate>
        <sponsorshipWithdrawnDate />
        <firstName>Jeff</firstName>
        <party>D</party>
        <isOriginalCosponsor>True</isOriginalCosponsor>
        <fullName>Sen. Merkley, Jeff [D-OR]</fullName>
        <identifiers>
          <lisID>1900</lisID>
          <gpoId>8238</gpoId>
          <bioguideId>M001176</bioguideId>
        </identifiers>
        <state>OR</state>
      </item>
      <item>
        <middleName>A.</middleName>
        <lastName>Booker</lastName>
        <bioguideId>B001288</bioguideId>
        <sponsorshipDate>2019-01-28</sponsorshipDate>
        <sponsorshipWithdrawnDate />
        <firstName>Cory</firstName>
        <party>D</party>
        <isOriginalCosponsor>True</isOriginalCosponsor>
        <fullName>Sen. Booker, Cory A. [D-NJ]</fullName>
        <identifiers>
          <bioguideId>B001288</bioguideId>
          <gpoId />
          <lisID>2194</lisID>
        </identifiers>
        <state>NJ</state>
      </item>
      <item>
        <middleName />
        <lastName>Van Hollen</lastName>
        <bioguideId>V000128</bioguideId>
        <sponsorshipDate>2019-01-28</sponsorshipDate>
        <sponsorshipWithdrawnDate />
        <firstName>Chris</firstName>
        <party>D</party>
        <isOriginalCosponsor>True</isOriginalCosponsor>
        <fullName>Sen. Van Hollen, Chris [D-MD]</fullName>
        <identifiers>
          <gpoId>7983</gpoId>
          <lisID>1729</lisID>
          <bioguideId>V000128</bioguideId>
        </identifiers>
        <state>MD</state>
      </item>
      <item>
        <middleName>J.</middleName>
        <lastName>DURBIN</lastName>
        <bioguideId>D000563</bioguideId>
        <sponsorshipDate>2019-01-28</sponsorshipDate>
        <sponsorshipWithdrawnDate />
        <firstName>RICHARD</firstName>
        <party>D</party>
        <isOriginalCosponsor>True</isOriginalCosponsor>
        <fullName>Sen. Durbin, Richard J. [D-IL]</fullName>
        <identifiers>
          <gpoId>8326</gpoId>
          <lisID>326</lisID>
          <bioguideId>D000563</bioguideId>
        </identifiers>
        <state>IL</state>
      </item>
      <item>
        <middleName />
        <lastName>Duckworth</lastName>
        <bioguideId>D000622</bioguideId>
        <sponsorshipDate>2019-01-28</sponsorshipDate>
        <sponsorshipWithdrawnDate />
        <firstName>Tammy</firstName>
        <party>D</party>
        <isOriginalCosponsor>True</isOriginalCosponsor>
        <fullName>Sen. Duckworth, Tammy [D-IL]</fullName>
        <identifiers>
          <bioguideId>D000622</bioguideId>
          <gpoId />
          <lisID>2123</lisID>
        </identifiers>
        <state>IL</state>
      </item>
    </cosponsors>
    <cboCostEstimates />
    <updateDate>2019-08-03T07:56:09Z</updateDate>
    <subjects>
      <billSubjects>
        <legislativeSubjects>
          <item>
            <name>Commemorative events and holidays</name>
          </item>
          <item>
            <name>Diplomacy, foreign officials, Americans abroad</name>
          </item>
          <item>
            <name>Foreign aid and international relief</name>
          </item>
          <item>
            <name>Immigration status and procedures</name>
          </item>
          <item>
            <name>Refugees, asylum, displaced persons</name>
          </item>
          <item>
            <name>Religion</name>
          </item>
        </legislativeSubjects>
        <policyArea>
          <name>Immigration</name>
        </policyArea>
      </billSubjects>
    </subjects>
    <textVersions>
      <item>
        <date>2019-01-28T05:00:00Z</date>
        <type>Introduced in Senate</type>
        <formats>
          <item>
            <url>https://www.govinfo.gov/content/pkg/BILLS-116sres32is/xml/BILLS-116sres32is.xml</url>
          </item>
        </formats>
      </item>
    </textVersions>
    <title>A resolution recognizing January 27, 2019, as the anniversary of the first refugee and Muslim ban, and urging the President to demonstrate true leadership on refugee resettlement.</title>
    <recordedVotes />
    <policyArea>
      <name>Immigration</name>
    </policyArea>
    <calendarNumbers />
    <amendments />
    <sponsors>
      <item>
        <party>D</party>
        <fullName>Sen. Blumenthal, Richard [D-CT]</fullName>
        <identifiers>
          <bioguideId>B001277</bioguideId>
          <gpoId>8332</gpoId>
          <lisID>2076</lisID>
        </identifiers>
        <bioguideId>B001277</bioguideId>
        <state>CT</state>
        <middleName />
        <lastName>Blumenthal</lastName>
        <byRequestType />
        <firstName>Richard</firstName>
      </item>
    </sponsors>
    <originChamber>Senate</originChamber>
    <relatedBills />
    <laws />
    <billType>SRES</billType>
    <version>1.0.0</version>
    <createDate>2019-01-29T05:25:14Z</createDate>
    <billNumber>32</billNumber>
    <titles>
      <item>
        <parentTitleType />
        <chamberName />
        <titleType>Official Title as Introduced</titleType>
        <title>A resolution recognizing January 27, 2019, as the anniversary of the first refugee and Muslim ban, and urging the President to demonstrate true leadership on refugee resettlement.</title>
        <chamberCode />
      </item>
      <item>
        <parentTitleType />
        <chamberName />
        <titleType>Display Title</titleType>
        <title>A resolution recognizing January 27, 2019, as the anniversary of the first refugee and Muslim ban, and urging the President to demonstrate true leadership on refugee resettlement.</title>
        <chamberCode />
      </item>
    </titles>
  </bill>
  <dublinCore xmlns:dc="http://purl.org/dc/elements/1.1/">
    <dc:format>text/xml</dc:format>
    <dc:language>EN</dc:language>
    <dc:rights>Pursuant to Title 17 Section 105 of the United States Code, this file is not subject to copyright protection and is in the public domain.</dc:rights>
    <dc:contributor>Congressional Research Service, Library of Congress</dc:contributor>
    <dc:description>This file contains bill summaries and statuses for federal legislation. A bill summary describes the most significant provisions of a piece of legislation and details the effects the legislative text may have on current law and federal programs. Bill summaries are authored by the Congressional Research Service (CRS) of the Library of Congress. As stated in Public Law 91-510 (2 USC 166 (d)(6)), one of the duties of CRS is "to prepare summaries and digests of bills and resolutions of a public general nature introduced in the Senate or House of Representatives". For more information, refer to the User Guide that accompanies this file.</dc:description>
  </dublinCore>
</billStatus>

