<?xml version="1.0" encoding="UTF-8"?>
<billStatus>
  <bill>
    <relatedBills />
    <calendarNumbers />
    <createDate>2019-09-26T04:27:29Z</createDate>
    <cosponsors>
      <item>
        <isOriginalCosponsor>True</isOriginalCosponsor>
        <state>CO</state>
        <fullName>Sen. Bennet, Michael F. [D-CO]</fullName>
        <bioguideId>B001267</bioguideId>
        <party>D</party>
        <lastName>Bennet</lastName>
        <middleName>F.</middleName>
        <firstName>Michael</firstName>
        <sponsorshipWithdrawnDate />
        <sponsorshipDate>2019-09-25</sponsorshipDate>
        <identifiers>
          <bioguideId>B001267</bioguideId>
          <gpoId>8302</gpoId>
          <lisID>1965</lisID>
        </identifiers>
      </item>
    </cosponsors>
    <originChamber>Senate</originChamber>
    <amendments />
    <committeeReports />
    <latestAction>
      <links />
      <text>Resolution agreed to in Senate without amendment by Voice Vote. (text: CR S5709)</text>
      <actionDate>2019-09-25</actionDate>
    </latestAction>
    <billType>SRES</billType>
    <actions>
      <item>
        <actionDate>2019-09-25</actionDate>
        <committee />
        <links />
        <sourceSystem>
          <code>0</code>
          <name>Senate</name>
        </sourceSystem>
        <text>Resolution agreed to in Senate without amendment by Voice Vote. (text: CR S5709)</text>
        <type>Floor</type>
      </item>
      <item>
        <sourceSystem>
          <code>9</code>
          <name>Library of Congress</name>
        </sourceSystem>
        <actionDate>2019-09-25</actionDate>
        <type>Floor</type>
        <links />
        <committee />
        <text>Passed/agreed to in Senate: Resolution agreed to in Senate without amendment by Voice Vote.(text: CR S5709)</text>
        <actionCode>17000</actionCode>
      </item>
      <item>
        <actionDate>2019-09-25</actionDate>
        <committee />
        <links />
        <sourceSystem>
          <code>0</code>
          <name>Senate</name>
        </sourceSystem>
        <text>Measure laid before Senate by unanimous consent. (consideration: CR S5681, S5693)</text>
        <type>Floor</type>
      </item>
      <item>
        <actionDate>2019-09-25</actionDate>
        <committee />
        <links />
        <sourceSystem>
          <code>0</code>
          <name>Senate</name>
        </sourceSystem>
        <text>Submitted in the Senate.</text>
        <type>IntroReferral</type>
      </item>
      <item>
        <sourceSystem>
          <code>9</code>
          <name>Library of Congress</name>
        </sourceSystem>
        <actionDate>2019-09-25</actionDate>
        <type>IntroReferral</type>
        <links />
        <committee />
        <text>Introduced in Senate</text>
        <actionCode>10000</actionCode>
      </item>
      <actionByCounts>
        <senate>5</senate>
      </actionByCounts>
      <actionTypeCounts>
        <agreedToInSenate>1</agreedToInSenate>
        <passedAgreedToInSenate>1</passedAgreedToInSenate>
        <measureLaidBeforeSenate>1</measureLaidBeforeSenate>
        <introducedInSenate>2</introducedInSenate>
      </actionTypeCounts>
    </actions>
    <policyArea>
      <name>Congress</name>
    </policyArea>
    <titles>
      <item>
        <titleType>Official Title as Introduced</titleType>
        <parentTitleType />
        <chamberCode />
        <title>A resolution instructing the managers on the part of the Senate on the bill S. 1790 (116th Congress) to insist upon the provisions contained in section 316 of the Senate bill (relating to a prohibition on the use of perfluoroalkyl substances and polyfluoroalkyl substances for land-based applications of firefighting foam).</title>
        <chamberName />
      </item>
      <item>
        <titleType>Display Title</titleType>
        <parentTitleType />
        <chamberCode />
        <title>A resolution instructing the managers on the part of the Senate on the bill S. 1790 (116th Congress) to insist upon the provisions contained in section 316 of the Senate bill (relating to a prohibition on the use of perfluoroalkyl substances and polyfluoroalkyl substances for land-based applications of firefighting foam).</title>
        <chamberName />
      </item>
    </titles>
    <congress>116</congress>
    <subjects>
      <billSubjects>
        <legislativeSubjects />
        <policyArea>
          <name>Congress</name>
        </policyArea>
      </billSubjects>
    </subjects>
    <summaries>
      <billSummaries />
    </summaries>
    <updateDate>2019-10-03T04:42:30Z</updateDate>
    <sponsors>
      <item>
        <state>MI</state>
        <fullName>Sen. Peters, Gary C. [D-MI]</fullName>
        <bioguideId>P000595</bioguideId>
        <party>D</party>
        <lastName>Peters</lastName>
        <middleName>C.</middleName>
        <identifiers>
          <lisID>1929</lisID>
          <gpoId>7994</gpoId>
          <bioguideId>P000595</bioguideId>
        </identifiers>
        <firstName>Gary</firstName>
        <byRequestType />
      </item>
    </sponsors>
    <committees>
      <billCommittees />
    </committees>
    <title>A resolution instructing the managers on the part of the Senate on the bill S. 1790 (116th Congress) to insist upon the provisions contained in section 316 of the Senate bill (relating to a prohibition on the use of perfluoroalkyl substances and polyfluoroalkyl substances for land-based applications of firefighting foam).</title>
    <version>1.0.0</version>
    <introducedDate>2019-09-25</introducedDate>
    <notes />
    <cboCostEstimates />
    <billNumber>334</billNumber>
    <laws />
    <recordedVotes />
    <textVersions>
      <item>
        <type>Agreed to Senate</type>
        <date>2019-09-25T04:00:00Z</date>
        <formats>
          <item>
            <url>https://www.govinfo.gov/content/pkg/BILLS-116sres334ats/xml/BILLS-116sres334ats.xml</url>
          </item>
        </formats>
      </item>
    </textVersions>
  </bill>
  <dublinCore xmlns:dc="http://purl.org/dc/elements/1.1/">
    <dc:format>text/xml</dc:format>
    <dc:language>EN</dc:language>
    <dc:rights>Pursuant to Title 17 Section 105 of the United States Code, this file is not subject to copyright protection and is in the public domain.</dc:rights>
    <dc:contributor>Congressional Research Service, Library of Congress</dc:contributor>
    <dc:description>This file contains bill summaries and statuses for federal legislation. A bill summary describes the most significant provisions of a piece of legislation and details the effects the legislative text may have on current law and federal programs. Bill summaries are authored by the Congressional Research Service (CRS) of the Library of Congress. As stated in Public Law 91-510 (2 USC 166 (d)(6)), one of the duties of CRS is "to prepare summaries and digests of bills and resolutions of a public general nature introduced in the Senate or House of Representatives". For more information, refer to the User Guide that accompanies this file.</dc:description>
  </dublinCore>
</billStatus>

