<?xml version="1.0" encoding="UTF-8"?>
<billStatus>
  <bill>
    <committeeReports />
    <billType>SRES</billType>
    <amendments />
    <cosponsors>
      <item>
        <party>R</party>
        <isOriginalCosponsor>True</isOriginalCosponsor>
        <lastName>Barrasso</lastName>
        <bioguideId>B001261</bioguideId>
        <firstName>John</firstName>
        <sponsorshipDate>2019-11-07</sponsorshipDate>
        <state>WY</state>
        <fullName>Sen. Barrasso, John [R-WY]</fullName>
        <identifiers>
          <gpoId>8300</gpoId>
          <lisID>1881</lisID>
          <bioguideId>B001261</bioguideId>
        </identifiers>
        <sponsorshipWithdrawnDate />
        <middleName />
      </item>
      <item>
        <party>R</party>
        <isOriginalCosponsor>False</isOriginalCosponsor>
        <lastName>INHOFE</lastName>
        <bioguideId>I000024</bioguideId>
        <firstName>JIM</firstName>
        <sponsorshipDate>2019-11-13</sponsorshipDate>
        <state>OK</state>
        <fullName>Sen. Inhofe, James M. [R-OK]</fullName>
        <identifiers>
          <bioguideId>I000024</bioguideId>
          <gpoId>8322</gpoId>
          <lisID>583</lisID>
        </identifiers>
        <sponsorshipWithdrawnDate />
        <middleName />
      </item>
      <item>
        <party>R</party>
        <isOriginalCosponsor>False</isOriginalCosponsor>
        <lastName>ENZI</lastName>
        <bioguideId>E000285</bioguideId>
        <firstName>MICHAEL</firstName>
        <sponsorshipDate>2019-11-13</sponsorshipDate>
        <state>WY</state>
        <fullName>Sen. Enzi, Michael B. [R-WY]</fullName>
        <identifiers>
          <gpoId>8328</gpoId>
          <lisID>1542</lisID>
          <bioguideId>E000285</bioguideId>
        </identifiers>
        <sponsorshipWithdrawnDate />
        <middleName>B.</middleName>
      </item>
      <item>
        <party>R</party>
        <isOriginalCosponsor>False</isOriginalCosponsor>
        <lastName>Cramer</lastName>
        <bioguideId>C001096</bioguideId>
        <firstName>Kevin</firstName>
        <sponsorshipDate>2019-11-13</sponsorshipDate>
        <state>ND</state>
        <fullName>Sen. Cramer, Kevin [R-ND]</fullName>
        <identifiers>
          <lisID>2144</lisID>
          <gpoId />
          <bioguideId>C001096</bioguideId>
        </identifiers>
        <sponsorshipWithdrawnDate />
        <middleName />
      </item>
      <item>
        <party>R</party>
        <isOriginalCosponsor>False</isOriginalCosponsor>
        <lastName>Hoeven</lastName>
        <bioguideId>H001061</bioguideId>
        <firstName>John</firstName>
        <sponsorshipDate>2019-11-14</sponsorshipDate>
        <state>ND</state>
        <fullName>Sen. Hoeven, John [R-ND]</fullName>
        <identifiers>
          <gpoId>8331</gpoId>
          <lisID>2079</lisID>
          <bioguideId>H001061</bioguideId>
        </identifiers>
        <sponsorshipWithdrawnDate />
        <middleName />
      </item>
      <item>
        <party>R</party>
        <isOriginalCosponsor>False</isOriginalCosponsor>
        <lastName>Johnson</lastName>
        <bioguideId>J000293</bioguideId>
        <firstName>Ron</firstName>
        <sponsorshipDate>2019-11-14</sponsorshipDate>
        <state>WI</state>
        <fullName>Sen. Johnson, Ron [R-WI]</fullName>
        <identifiers>
          <bioguideId>J000293</bioguideId>
          <gpoId>8355</gpoId>
          <lisID>2086</lisID>
        </identifiers>
        <sponsorshipWithdrawnDate />
        <middleName />
      </item>
      <item>
        <party>R</party>
        <isOriginalCosponsor>False</isOriginalCosponsor>
        <lastName>Moran</lastName>
        <bioguideId>M000934</bioguideId>
        <firstName>Jerry</firstName>
        <sponsorshipDate>2019-11-18</sponsorshipDate>
        <state>KS</state>
        <fullName>Sen. Moran, Jerry [R-KS]</fullName>
        <identifiers>
          <lisID>1507</lisID>
          <gpoId>8307</gpoId>
          <bioguideId>M000934</bioguideId>
        </identifiers>
        <sponsorshipWithdrawnDate />
        <middleName />
      </item>
      <item>
        <party>R</party>
        <isOriginalCosponsor>False</isOriginalCosponsor>
        <lastName>Blunt</lastName>
        <bioguideId>B000575</bioguideId>
        <firstName>Roy</firstName>
        <sponsorshipDate>2019-11-18</sponsorshipDate>
        <state>MO</state>
        <fullName>Sen. Blunt, Roy [R-MO]</fullName>
        <identifiers>
          <gpoId>8313</gpoId>
          <lisID>1464</lisID>
          <bioguideId>B000575</bioguideId>
        </identifiers>
        <sponsorshipWithdrawnDate />
        <middleName />
      </item>
      <item>
        <party>R</party>
        <isOriginalCosponsor>False</isOriginalCosponsor>
        <lastName>Paul</lastName>
        <bioguideId>P000603</bioguideId>
        <firstName>Rand</firstName>
        <sponsorshipDate>2019-11-18</sponsorshipDate>
        <state>KY</state>
        <fullName>Sen. Paul, Rand [R-KY]</fullName>
        <identifiers>
          <lisID>2082</lisID>
          <gpoId>8308</gpoId>
          <bioguideId>P000603</bioguideId>
        </identifiers>
        <sponsorshipWithdrawnDate />
        <middleName />
      </item>
      <item>
        <party>R</party>
        <isOriginalCosponsor>False</isOriginalCosponsor>
        <lastName>CAPITO</lastName>
        <bioguideId>C001047</bioguideId>
        <firstName>SHELLEY</firstName>
        <sponsorshipDate>2019-11-19</sponsorshipDate>
        <state>WV</state>
        <fullName>Sen. Capito, Shelley Moore [R-WV]</fullName>
        <identifiers>
          <bioguideId>C001047</bioguideId>
          <gpoId>8223</gpoId>
          <lisID>1676</lisID>
        </identifiers>
        <sponsorshipWithdrawnDate />
        <middleName>MOORE</middleName>
      </item>
    </cosponsors>
    <cboCostEstimates />
    <textVersions>
      <item>
        <formats>
          <item>
            <url>https://www.govinfo.gov/content/pkg/BILLS-116sres411is/xml/BILLS-116sres411is.xml</url>
          </item>
        </formats>
        <type>Introduced in Senate</type>
        <date>2019-11-07T05:00:00Z</date>
      </item>
    </textVersions>
    <relatedBills>
      <item>
        <type>HRES</type>
        <latestTitle>Affirming that States should maintain primacy for the regulation of hydraulic fracturing for oil and natural gas production on State and private lands and that the President should not declare a moratorium on the use of hydraulic fracturing on Federal lands (including the Outer Continental Shelf), State lands, private lands, or lands held in trust for an Indian Tribe unless such moratorium is authorized by an Act of Congress.</latestTitle>
        <latestAction>
          <actionDate>2019-10-29</actionDate>
          <text>Referred to the Committee on Natural Resources, and in addition to the Committee on Energy and Commerce, for a period to be subsequently determined by the Speaker, in each case for consideration of such provisions as fall within the jurisdiction of the committee concerned.</text>
        </latestAction>
        <congress>116</congress>
        <number>659</number>
        <relationshipDetails>
          <item>
            <type>Related bill</type>
            <identifiedBy>CRS</identifiedBy>
          </item>
        </relationshipDetails>
      </item>
    </relatedBills>
    <summaries>
      <billSummaries />
    </summaries>
    <latestAction>
      <links />
      <text>Referred to the Committee on Energy and Natural Resources. (text: CR S6480)</text>
      <actionDate>2019-11-07</actionDate>
    </latestAction>
    <actions>
      <actionTypeCounts>
        <introducedInSenate>1</introducedInSenate>
        <referredToCommittee>1</referredToCommittee>
      </actionTypeCounts>
      <actionByCounts>
        <senate>2</senate>
      </actionByCounts>
      <item>
        <actionDate>2019-11-07</actionDate>
        <committee>
          <name>Energy and Natural Resources Committee</name>
          <systemCode>sseg00</systemCode>
        </committee>
        <links>
          <link>
            <url>https://www.congress.gov/congressional-record/volume-165/senate-section/page/S6480</url>
            <name>S6480</name>
          </link>
        </links>
        <sourceSystem>
          <name>Senate</name>
          <code>0</code>
        </sourceSystem>
        <text>Referred to the Committee on Energy and Natural Resources. (text: CR S6480)</text>
        <type>IntroReferral</type>
      </item>
      <item>
        <links />
        <actionDate>2019-11-07</actionDate>
        <sourceSystem>
          <name>Library of Congress</name>
          <code>9</code>
        </sourceSystem>
        <actionCode>10000</actionCode>
        <type>IntroReferral</type>
        <committee />
        <text>Introduced in Senate</text>
      </item>
    </actions>
    <version>1.0.0</version>
    <policyArea>
      <name>Energy</name>
    </policyArea>
    <congress>116</congress>
    <billNumber>411</billNumber>
    <updateDate>2019-11-26T19:15:37Z</updateDate>
    <committees>
      <billCommittees>
        <item>
          <systemCode>sseg00</systemCode>
          <name>Energy and Natural Resources Committee</name>
          <subcommittees />
          <chamber>Senate</chamber>
          <type>Standing</type>
          <activities>
            <item>
              <date>2019-11-07T19:44:05Z</date>
              <name>Referred to</name>
            </item>
          </activities>
        </item>
      </billCommittees>
    </committees>
    <title>A resolution affirming that States maintain primacy for the regulation of hydraulic fracturing for oil and natural gas production on State and private lands, that the President has no authority to declare a moratorium on the use of hydraulic fracturing on State and private lands, and that the President should not attempt to declare a moratorium on the use of hydraulic fracturing on Federal lands (including the Outer Continental Shelf) or lands held in trust for an Indian Tribe, unless the moratorium is authorized by an Act of Congress.</title>
    <subjects>
      <billSubjects>
        <policyArea>
          <name>Energy</name>
        </policyArea>
        <legislativeSubjects>
          <item>
            <name>Administrative law and regulatory procedures</name>
          </item>
          <item>
            <name>Environmental regulatory procedures</name>
          </item>
          <item>
            <name>Intergovernmental relations</name>
          </item>
          <item>
            <name>Oil and gas</name>
          </item>
          <item>
            <name>Presidents and presidential powers, Vice Presidents</name>
          </item>
          <item>
            <name>State and local government operations</name>
          </item>
        </legislativeSubjects>
      </billSubjects>
    </subjects>
    <calendarNumbers />
    <recordedVotes />
    <introducedDate>2019-11-07</introducedDate>
    <createDate>2019-11-08T06:12:26Z</createDate>
    <originChamber>Senate</originChamber>
    <sponsors>
      <item>
        <firstName>Pat</firstName>
        <party>R</party>
        <fullName>Sen. Toomey, Pat [R-PA]</fullName>
        <identifiers>
          <bioguideId>T000461</bioguideId>
          <gpoId />
          <lisID>1594</lisID>
        </identifiers>
        <byRequestType />
        <bioguideId>T000461</bioguideId>
        <state>PA</state>
        <middleName />
        <lastName>Toomey</lastName>
      </item>
    </sponsors>
    <laws />
    <notes />
    <titles>
      <item>
        <chamberName />
        <parentTitleType />
        <chamberCode />
        <title>A resolution affirming that States maintain primacy for the regulation of hydraulic fracturing for oil and natural gas production on State and private lands, that the President has no authority to declare a moratorium on the use of hydraulic fracturing on State and private lands, and that the President should not attempt to declare a moratorium on the use of hydraulic fracturing on Federal lands (including the Outer Continental Shelf) or lands held in trust for an Indian Tribe, unless the moratorium is authorized by an Act of Congress.</title>
        <titleType>Official Title as Introduced</titleType>
      </item>
      <item>
        <chamberName />
        <parentTitleType />
        <chamberCode />
        <title>A resolution affirming that States maintain primacy for the regulation of hydraulic fracturing for oil and natural gas production on State and private lands, that the President has no authority to declare a moratorium on the use of hydraulic fracturing on State and private lands, and that the President should not attempt to declare a moratorium on the use of hydraulic fracturing on Federal lands (including the Outer Continental Shelf) or lands held in trust for an Indian Tribe, unless the moratorium is authorized by an Act of Congress.</title>
        <titleType>Display Title</titleType>
      </item>
    </titles>
  </bill>
  <dublinCore xmlns:dc="http://purl.org/dc/elements/1.1/">
    <dc:format>text/xml</dc:format>
    <dc:language>EN</dc:language>
    <dc:rights>Pursuant to Title 17 Section 105 of the United States Code, this file is not subject to copyright protection and is in the public domain.</dc:rights>
    <dc:contributor>Congressional Research Service, Library of Congress</dc:contributor>
    <dc:description>This file contains bill summaries and statuses for federal legislation. A bill summary describes the most significant provisions of a piece of legislation and details the effects the legislative text may have on current law and federal programs. Bill summaries are authored by the Congressional Research Service (CRS) of the Library of Congress. As stated in Public Law 91-510 (2 USC 166 (d)(6)), one of the duties of CRS is "to prepare summaries and digests of bills and resolutions of a public general nature introduced in the Senate or House of Representatives". For more information, refer to the User Guide that accompanies this file.</dc:description>
  </dublinCore>
</billStatus>

