<?xml version="1.0" encoding="UTF-8"?>
<billStatus>
  <bill>
    <summaries>
      <billSummaries />
    </summaries>
    <congress>116</congress>
    <titles>
      <item>
        <title>A resolution expressing the sense of the Senate on the importance and vitality of the United States alliances with Japan and the Republic of Korea, and our trilateral cooperation in the pursuit of shared interests.</title>
        <chamberCode />
        <parentTitleType />
        <titleType>Official Title as Introduced</titleType>
        <chamberName />
      </item>
      <item>
        <title>A resolution expressing the sense of the Senate on the importance and vitality of the United States alliances with Japan and the Republic of Korea, and our trilateral cooperation in the pursuit of shared interests.</title>
        <chamberCode />
        <parentTitleType />
        <titleType>Display Title</titleType>
        <chamberName />
      </item>
    </titles>
    <billType>SRES</billType>
    <updateDate>2019-11-15T21:56:28Z</updateDate>
    <title>A resolution expressing the sense of the Senate on the importance and vitality of the United States alliances with Japan and the Republic of Korea, and our trilateral cooperation in the pursuit of shared interests.</title>
    <recordedVotes />
    <committees>
      <billCommittees>
        <item>
          <type>Standing</type>
          <name>Foreign Relations Committee</name>
          <activities>
            <item>
              <date>2019-04-04T21:29:15Z</date>
              <name>Reported by</name>
            </item>
            <item>
              <date>2019-04-03T18:15:04Z</date>
              <name>Markup by</name>
            </item>
            <item>
              <date>2019-02-12T19:53:30Z</date>
              <name>Referred to</name>
            </item>
          </activities>
          <subcommittees />
          <systemCode>ssfr00</systemCode>
          <chamber>Senate</chamber>
        </item>
      </billCommittees>
    </committees>
    <actions>
      <actionByCounts>
        <senate>8</senate>
      </actionByCounts>
      <actionTypeCounts>
        <reportedToSenate>2</reportedToSenate>
        <introducedInSenate>1</introducedInSenate>
        <orderedReported>1</orderedReported>
        <passedAgreedToInSenate>1</passedAgreedToInSenate>
        <referredToCommittee>1</referredToCommittee>
        <agreedToInSenate>1</agreedToInSenate>
        <placedOnCalendarGeneralOrders>1</placedOnCalendarGeneralOrders>
      </actionTypeCounts>
      <item>
        <actionDate>2019-04-10</actionDate>
        <committee />
        <links>
          <link>
            <name>S2395-2397</name>
            <url>https://www.congress.gov/congressional-record/volume-165/senate-section/page/S2395-2397</url>
          </link>
          <link>
            <name>S2396-2397</name>
            <url>https://www.congress.gov/congressional-record/volume-165/senate-section/page/S2396-2397</url>
          </link>
        </links>
        <sourceSystem>
          <code>0</code>
          <name>Senate</name>
        </sourceSystem>
        <text>Resolution agreed to in Senate without amendment and an amended preamble by Voice Vote. (consideration: CR S2395-2397; text: CR S2396-2397)</text>
        <type>Floor</type>
      </item>
      <item>
        <type>Floor</type>
        <actionDate>2019-04-10</actionDate>
        <actionCode>17000</actionCode>
        <text>Passed/agreed to in Senate: Resolution agreed to in Senate without amendment and an amended preamble by Voice Vote.(consideration: CR S2395-2397; text: CR S2396-2397)</text>
        <links>
          <link>
            <name>S2395-2397</name>
            <url>https://www.congress.gov/congressional-record/volume-165/senate-section/page/S2395-2397</url>
          </link>
          <link>
            <name>S2396-2397</name>
            <url>https://www.congress.gov/congressional-record/volume-165/senate-section/page/S2396-2397</url>
          </link>
        </links>
        <sourceSystem>
          <code>9</code>
          <name>Library of Congress</name>
        </sourceSystem>
        <committee />
      </item>
      <item>
        <actionDate>2019-04-04</actionDate>
        <committee />
        <links />
        <sourceSystem>
          <code>0</code>
          <name>Senate</name>
        </sourceSystem>
        <text>Placed on Senate Legislative Calendar under General Orders. Calendar No. 59.</text>
        <type>Calendars</type>
      </item>
      <item>
        <actionDate>2019-04-04</actionDate>
        <committee>
          <name>Foreign Relations Committee</name>
          <systemCode>ssfr00</systemCode>
        </committee>
        <links />
        <sourceSystem>
          <code>0</code>
          <name>Senate</name>
        </sourceSystem>
        <text>Committee on Foreign Relations. Reported by Senator Risch without amendment and with an amended preamble. Without written report.</text>
        <type>Committee</type>
      </item>
      <item>
        <type>Committee</type>
        <actionDate>2019-04-04</actionDate>
        <sourceSystem>
          <code>9</code>
          <name>Library of Congress</name>
        </sourceSystem>
        <text>Committee on Foreign Relations. Reported by Senator Risch without amendment and with an amended preamble. Without written report.</text>
        <links />
        <actionCode>14000</actionCode>
        <committee>
          <name>Foreign Relations Committee</name>
          <systemCode>ssfr00</systemCode>
        </committee>
      </item>
      <item>
        <actionDate>2019-04-03</actionDate>
        <committee>
          <name>Foreign Relations Committee</name>
          <systemCode>ssfr00</systemCode>
        </committee>
        <links />
        <sourceSystem>
          <code>0</code>
          <name>Senate</name>
        </sourceSystem>
        <text>Committee on Foreign Relations. Ordered to be reported with an amendment favorably.</text>
        <type>Committee</type>
      </item>
      <item>
        <actionDate>2019-02-12</actionDate>
        <committee>
          <name>Foreign Relations Committee</name>
          <systemCode>ssfr00</systemCode>
        </committee>
        <links>
          <link>
            <name>S1279-1280</name>
            <url>https://www.congress.gov/congressional-record/volume-165/senate-section/page/S1279-1280</url>
          </link>
        </links>
        <sourceSystem>
          <code>0</code>
          <name>Senate</name>
        </sourceSystem>
        <text>Referred to the Committee on Foreign Relations. (text: CR S1279-1280)</text>
        <type>IntroReferral</type>
      </item>
      <item>
        <type>IntroReferral</type>
        <actionDate>2019-02-12</actionDate>
        <actionCode>10000</actionCode>
        <text>Introduced in Senate</text>
        <links />
        <sourceSystem>
          <code>9</code>
          <name>Library of Congress</name>
        </sourceSystem>
        <committee />
      </item>
    </actions>
    <createDate>2019-02-13T05:40:22Z</createDate>
    <policyArea>
      <name>International Affairs</name>
    </policyArea>
    <originChamber>Senate</originChamber>
    <committeeReports />
    <version>1.0.0</version>
    <textVersions>
      <item>
        <type>Agreed to Senate</type>
        <formats>
          <item>
            <url>https://www.govinfo.gov/content/pkg/BILLS-116sres67ats/xml/BILLS-116sres67ats.xml</url>
          </item>
        </formats>
        <date>2019-04-10T04:00:00Z</date>
      </item>
      <item>
        <type>Reported to Senate</type>
        <formats>
          <item>
            <url>https://www.govinfo.gov/content/pkg/BILLS-116sres67rs/xml/BILLS-116sres67rs.xml</url>
          </item>
        </formats>
        <date>2019-04-04T04:00:00Z</date>
      </item>
      <item>
        <type>Introduced in Senate</type>
        <formats>
          <item>
            <url>https://www.govinfo.gov/content/pkg/BILLS-116sres67is/xml/BILLS-116sres67is.xml</url>
          </item>
        </formats>
        <date>2019-02-12T05:00:00Z</date>
      </item>
    </textVersions>
    <billNumber>67</billNumber>
    <notes />
    <sponsors>
      <item>
        <firstName>Robert</firstName>
        <middleName />
        <lastName>Menendez</lastName>
        <identifiers>
          <lisID>791</lisID>
          <gpoId>8239</gpoId>
          <bioguideId>M000639</bioguideId>
        </identifiers>
        <bioguideId>M000639</bioguideId>
        <byRequestType />
        <state>NJ</state>
        <fullName>Sen. Menendez, Robert [D-NJ]</fullName>
        <party>D</party>
      </item>
    </sponsors>
    <calendarNumbers>
      <item>
        <calendar>Senate Calendar of Business</calendar>
        <number>0059</number>
      </item>
    </calendarNumbers>
    <introducedDate>2019-02-12</introducedDate>
    <amendments />
    <subjects>
      <billSubjects>
        <policyArea>
          <name>International Affairs</name>
        </policyArea>
        <legislativeSubjects>
          <item>
            <name>Alliances</name>
          </item>
          <item>
            <name>Asia</name>
          </item>
          <item>
            <name>Cultural exchanges and relations</name>
          </item>
          <item>
            <name>Diplomacy, foreign officials, Americans abroad</name>
          </item>
          <item>
            <name>Higher education</name>
          </item>
          <item>
            <name>Human rights</name>
          </item>
          <item>
            <name>International exchange and broadcasting</name>
          </item>
          <item>
            <name>Japan</name>
          </item>
          <item>
            <name>Military assistance, sales, and agreements</name>
          </item>
          <item>
            <name>North Korea</name>
          </item>
          <item>
            <name>Sanctions</name>
          </item>
          <item>
            <name>South Korea</name>
          </item>
          <item>
            <name>United Nations</name>
          </item>
          <item>
            <name>Women's rights</name>
          </item>
        </legislativeSubjects>
      </billSubjects>
    </subjects>
    <laws />
    <cosponsors>
      <item>
        <party>R</party>
        <lastName>Gardner</lastName>
        <firstName>Cory</firstName>
        <bioguideId>G000562</bioguideId>
        <state>CO</state>
        <sponsorshipDate>2019-02-12</sponsorshipDate>
        <fullName>Sen. Gardner, Cory [R-CO]</fullName>
        <identifiers>
          <bioguideId>G000562</bioguideId>
          <gpoId>7862</gpoId>
          <lisID>1998</lisID>
        </identifiers>
        <middleName />
        <sponsorshipWithdrawnDate />
        <isOriginalCosponsor>True</isOriginalCosponsor>
      </item>
      <item>
        <party>D</party>
        <lastName>MARKEY</lastName>
        <firstName>EDWARD</firstName>
        <bioguideId>M000133</bioguideId>
        <state>MA</state>
        <sponsorshipDate>2019-02-12</sponsorshipDate>
        <fullName>Sen. Markey, Edward J. [D-MA]</fullName>
        <identifiers>
          <lisID>735</lisID>
          <gpoId>7972</gpoId>
          <bioguideId>M000133</bioguideId>
        </identifiers>
        <middleName>J.</middleName>
        <sponsorshipWithdrawnDate />
        <isOriginalCosponsor>True</isOriginalCosponsor>
      </item>
      <item>
        <party>D</party>
        <lastName>Coons</lastName>
        <firstName>Christopher</firstName>
        <bioguideId>C001088</bioguideId>
        <state>DE</state>
        <sponsorshipDate>2019-04-08</sponsorshipDate>
        <fullName>Sen. Coons, Christopher A. [D-DE]</fullName>
        <identifiers>
          <lisID>1984</lisID>
          <gpoId>8297</gpoId>
          <bioguideId>C001088</bioguideId>
        </identifiers>
        <middleName>A.</middleName>
        <sponsorshipWithdrawnDate />
        <isOriginalCosponsor>False</isOriginalCosponsor>
      </item>
    </cosponsors>
    <relatedBills>
      <item>
        <latestAction>
          <actionTime>15:42:10</actionTime>
          <text>Motion to reconsider laid on the table Agreed to without objection.</text>
          <actionDate>2019-09-24</actionDate>
        </latestAction>
        <type>HRES</type>
        <relationshipDetails>
          <item>
            <type>Identical bill</type>
            <identifiedBy>CRS</identifiedBy>
          </item>
        </relationshipDetails>
        <congress>116</congress>
        <number>127</number>
        <latestTitle>Expressing the sense of the House of Representatives on the importance and vitality of the United States alliances with Japan and the Republic of Korea, and our trilateral cooperation in the pursuit of shared interests.</latestTitle>
      </item>
    </relatedBills>
    <cboCostEstimates />
    <latestAction>
      <text>Resolution agreed to in Senate without amendment and an amended preamble by Voice Vote. (consideration: CR S2395-2397; text: CR S2396-2397)</text>
      <links />
      <actionDate>2019-04-10</actionDate>
    </latestAction>
  </bill>
  <dublinCore xmlns:dc="http://purl.org/dc/elements/1.1/">
    <dc:format>text/xml</dc:format>
    <dc:language>EN</dc:language>
    <dc:rights>Pursuant to Title 17 Section 105 of the United States Code, this file is not subject to copyright protection and is in the public domain.</dc:rights>
    <dc:contributor>Congressional Research Service, Library of Congress</dc:contributor>
    <dc:description>This file contains bill summaries and statuses for federal legislation. A bill summary describes the most significant provisions of a piece of legislation and details the effects the legislative text may have on current law and federal programs. Bill summaries are authored by the Congressional Research Service (CRS) of the Library of Congress. As stated in Public Law 91-510 (2 USC 166 (d)(6)), one of the duties of CRS is "to prepare summaries and digests of bills and resolutions of a public general nature introduced in the Senate or House of Representatives". For more information, refer to the User Guide that accompanies this file.</dc:description>
  </dublinCore>
</billStatus>

