<?xml version="1.0" encoding="UTF-8"?>
<billStatus>
  <bill>
    <billNumber>135</billNumber>
    <committeeReports />
    <cboCostEstimates />
    <summaries>
      <billSummaries>
        <item>
          <text><![CDATA[<p> This resolution recognizes the 75th anniversary of the amphibious landing of the allied forces on D-Day, June 6, 1944, at Normandy, France, during World War II.</p> <p>The resolution</p> <ul> <li>expresses appreciation to the members of the U.S. Armed Forces who participated in the operations,</li> <li>thanks the young people of Normandy and the United States for their involvement in events celebrating the anniversary of the Normandy landings,</li> <li>recognizes the efforts of France and the people of Normandy to preserve the world heritage represented by the Normandy beaches and the sunken material remains of the landings by inscribing these on the UNESCO World Heritage List, and</li> <li> requests the President to issue a proclamation calling on the people of the United States to observe the 75th anniversary.</li> </ul>]]></text>
          <actionDate>2019-04-02</actionDate>
          <actionDesc>Introduced in Senate</actionDesc>
          <name>Introduced in Senate</name>
          <lastSummaryUpdateDate>2019-07-29T15:43:37Z</lastSummaryUpdateDate>
          <versionCode>00</versionCode>
          <updateDate>2019-04-02T04:00:00Z</updateDate>
        </item>
        <item>
          <text><![CDATA[<p> This resolution recognizes the 75th anniversary of the amphibious landing of the allied forces on D-Day, June 6, 1944, at Normandy, France, during World War II.</p> <p>The resolution</p> <ul> <li>expresses appreciation to the members of the U.S. Armed Forces who participated in the operations,</li> <li>thanks the young people of Normandy and the United States for their involvement in events celebrating the anniversary of the Normandy landings,</li> <li>recognizes the efforts of France and the people of Normandy to preserve the world heritage represented by the Normandy beaches and the sunken material remains of the landings by inscribing these on the UNESCO World Heritage List, and</li> <li> requests the President to issue a proclamation calling on the people of the United States to observe the 75th anniversary.</li> </ul>]]></text>
          <actionDate>2019-05-23</actionDate>
          <actionDesc>Reported to Senate</actionDesc>
          <name>Reported to Senate</name>
          <lastSummaryUpdateDate>2019-07-29T15:48:16Z</lastSummaryUpdateDate>
          <versionCode>25</versionCode>
          <updateDate>2019-05-23T11:49:05Z</updateDate>
        </item>
        <item>
          <text><![CDATA[<p> This resolution recognizes the 75th anniversary of the amphibious landing of the allied forces on D-Day, June 6, 1944, at Normandy, France, during World War II.</p> <p>The resolution</p> <ul> <li>expresses appreciation to the members of the U.S. Armed Forces who participated in the operations,</li> <li>thanks the young people of Normandy and the United States for their involvement in events celebrating the anniversary of the Normandy landings,</li> <li>recognizes the efforts of France and the people of Normandy to preserve the world heritage represented by the Normandy beaches and the sunken material remains of the landings by inscribing these on the UNESCO World Heritage List, and</li> <li> requests the President to issue a proclamation calling on the people of the United States to observe the 75th anniversary.</li> </ul>]]></text>
          <actionDate>2019-06-04</actionDate>
          <actionDesc>Passed Senate</actionDesc>
          <name>Passed Senate</name>
          <lastSummaryUpdateDate>2019-07-29T15:51:01Z</lastSummaryUpdateDate>
          <versionCode>55</versionCode>
          <updateDate>2019-06-04T13:09:45Z</updateDate>
        </item>
      </billSummaries>
    </summaries>
    <notes />
    <createDate>2019-04-03T04:42:06Z</createDate>
    <cosponsors>
      <item>
        <firstName>Christopher</firstName>
        <middleName>A.</middleName>
        <isOriginalCosponsor>True</isOriginalCosponsor>
        <state>DE</state>
        <bioguideId>C001088</bioguideId>
        <identifiers>
          <lisID>1984</lisID>
          <gpoId>8297</gpoId>
          <bioguideId>C001088</bioguideId>
        </identifiers>
        <sponsorshipWithdrawnDate />
        <sponsorshipDate>2019-04-02</sponsorshipDate>
        <fullName>Sen. Coons, Christopher A. [D-DE]</fullName>
        <party>D</party>
        <lastName>Coons</lastName>
      </item>
      <item>
        <firstName>JIM</firstName>
        <middleName />
        <isOriginalCosponsor>False</isOriginalCosponsor>
        <state>OK</state>
        <bioguideId>I000024</bioguideId>
        <identifiers>
          <lisID>583</lisID>
          <gpoId>8322</gpoId>
          <bioguideId>I000024</bioguideId>
        </identifiers>
        <sponsorshipWithdrawnDate />
        <sponsorshipDate>2019-04-04</sponsorshipDate>
        <fullName>Sen. Inhofe, James M. [R-OK]</fullName>
        <party>R</party>
        <lastName>INHOFE</lastName>
      </item>
      <item>
        <firstName>Marsha</firstName>
        <middleName />
        <isOriginalCosponsor>False</isOriginalCosponsor>
        <state>TN</state>
        <bioguideId>B001243</bioguideId>
        <identifiers>
          <bioguideId>B001243</bioguideId>
          <gpoId>8154</gpoId>
          <lisID>1748</lisID>
        </identifiers>
        <sponsorshipWithdrawnDate />
        <sponsorshipDate>2019-04-04</sponsorshipDate>
        <fullName>Sen. Blackburn, Marsha [R-TN]</fullName>
        <party>R</party>
        <lastName>Blackburn</lastName>
      </item>
      <item>
        <firstName>Roy</firstName>
        <middleName />
        <isOriginalCosponsor>False</isOriginalCosponsor>
        <state>MO</state>
        <bioguideId>B000575</bioguideId>
        <identifiers>
          <lisID>1464</lisID>
          <gpoId>8313</gpoId>
          <bioguideId>B000575</bioguideId>
        </identifiers>
        <sponsorshipWithdrawnDate />
        <sponsorshipDate>2019-04-04</sponsorshipDate>
        <fullName>Sen. Blunt, Roy [R-MO]</fullName>
        <party>R</party>
        <lastName>Blunt</lastName>
      </item>
      <item>
        <firstName>Jeanne</firstName>
        <middleName />
        <isOriginalCosponsor>False</isOriginalCosponsor>
        <state>NH</state>
        <bioguideId>S001181</bioguideId>
        <identifiers>
          <bioguideId>S001181</bioguideId>
          <lisID>1901</lisID>
          <gpoId>8276</gpoId>
        </identifiers>
        <sponsorshipWithdrawnDate />
        <sponsorshipDate>2019-04-04</sponsorshipDate>
        <fullName>Sen. Shaheen, Jeanne [D-NH]</fullName>
        <party>D</party>
        <lastName>Shaheen</lastName>
      </item>
      <item>
        <firstName>Kamala</firstName>
        <middleName>D.</middleName>
        <isOriginalCosponsor>False</isOriginalCosponsor>
        <state>CA</state>
        <bioguideId>H001075</bioguideId>
        <identifiers>
          <lisID>2301</lisID>
          <gpoId />
          <bioguideId>H001075</bioguideId>
        </identifiers>
        <sponsorshipWithdrawnDate />
        <sponsorshipDate>2019-04-04</sponsorshipDate>
        <fullName>Sen. Harris, Kamala D. [D-CA]</fullName>
        <party>D</party>
        <lastName>Harris</lastName>
      </item>
      <item>
        <firstName>Doug</firstName>
        <middleName />
        <isOriginalCosponsor>False</isOriginalCosponsor>
        <state>AL</state>
        <bioguideId>J000300</bioguideId>
        <identifiers>
          <lisID>2364</lisID>
          <gpoId />
          <bioguideId>J000300</bioguideId>
        </identifiers>
        <sponsorshipWithdrawnDate />
        <sponsorshipDate>2019-04-04</sponsorshipDate>
        <fullName>Sen. Jones, Doug  [D-AL]</fullName>
        <party>D</party>
        <lastName>Jones</lastName>
      </item>
      <item>
        <firstName>MARIA</firstName>
        <middleName />
        <isOriginalCosponsor>False</isOriginalCosponsor>
        <state>WA</state>
        <bioguideId>C000127</bioguideId>
        <identifiers>
          <lisID>172</lisID>
          <gpoId>8288</gpoId>
          <bioguideId>C000127</bioguideId>
        </identifiers>
        <sponsorshipWithdrawnDate />
        <sponsorshipDate>2019-04-04</sponsorshipDate>
        <fullName>Sen. Cantwell, Maria [D-WA]</fullName>
        <party>D</party>
        <lastName>CANTWELL</lastName>
      </item>
      <item>
        <firstName>TOM</firstName>
        <middleName />
        <isOriginalCosponsor>False</isOriginalCosponsor>
        <state>NM</state>
        <bioguideId>U000039</bioguideId>
        <identifiers>
          <lisID>1567</lisID>
          <gpoId>8260</gpoId>
          <bioguideId>U000039</bioguideId>
        </identifiers>
        <sponsorshipWithdrawnDate />
        <sponsorshipDate>2019-04-04</sponsorshipDate>
        <fullName>Sen. Udall, Tom [D-NM]</fullName>
        <party>D</party>
        <lastName>UDALL</lastName>
      </item>
      <item>
        <firstName>Chris</firstName>
        <middleName />
        <isOriginalCosponsor>False</isOriginalCosponsor>
        <state>MD</state>
        <bioguideId>V000128</bioguideId>
        <identifiers>
          <bioguideId>V000128</bioguideId>
          <gpoId>7983</gpoId>
          <lisID>1729</lisID>
        </identifiers>
        <sponsorshipWithdrawnDate />
        <sponsorshipDate>2019-04-04</sponsorshipDate>
        <fullName>Sen. Van Hollen, Chris [D-MD]</fullName>
        <party>D</party>
        <lastName>Van Hollen</lastName>
      </item>
      <item>
        <firstName>SUSAN</firstName>
        <middleName>MARGARET</middleName>
        <isOriginalCosponsor>False</isOriginalCosponsor>
        <state>ME</state>
        <bioguideId>C001035</bioguideId>
        <identifiers>
          <bioguideId>C001035</bioguideId>
          <gpoId>8291</gpoId>
          <lisID>1541</lisID>
        </identifiers>
        <sponsorshipWithdrawnDate />
        <sponsorshipDate>2019-04-04</sponsorshipDate>
        <fullName>Sen. Collins, Susan M. [R-ME]</fullName>
        <party>R</party>
        <lastName>COLLINS</lastName>
      </item>
      <item>
        <firstName>Mike</firstName>
        <middleName />
        <isOriginalCosponsor>False</isOriginalCosponsor>
        <state>IN</state>
        <bioguideId>B001310</bioguideId>
        <identifiers>
          <lisID>2462</lisID>
          <gpoId />
          <bioguideId>B001310</bioguideId>
        </identifiers>
        <sponsorshipWithdrawnDate />
        <sponsorshipDate>2019-04-04</sponsorshipDate>
        <fullName>Sen. Braun, Mike  [R-IN]</fullName>
        <party>R</party>
        <lastName>Braun</lastName>
      </item>
      <item>
        <firstName>Lisa</firstName>
        <middleName />
        <isOriginalCosponsor>False</isOriginalCosponsor>
        <state>AK</state>
        <bioguideId>M001153</bioguideId>
        <identifiers>
          <bioguideId>M001153</bioguideId>
          <gpoId>8234</gpoId>
          <lisID>1694</lisID>
        </identifiers>
        <sponsorshipWithdrawnDate />
        <sponsorshipDate>2019-04-04</sponsorshipDate>
        <fullName>Sen. Murkowski, Lisa [R-AK]</fullName>
        <party>R</party>
        <lastName>Murkowski</lastName>
      </item>
      <item>
        <firstName>John</firstName>
        <middleName />
        <isOriginalCosponsor>False</isOriginalCosponsor>
        <state>WY</state>
        <bioguideId>B001261</bioguideId>
        <identifiers>
          <lisID>1881</lisID>
          <gpoId>8300</gpoId>
          <bioguideId>B001261</bioguideId>
        </identifiers>
        <sponsorshipWithdrawnDate />
        <sponsorshipDate>2019-04-04</sponsorshipDate>
        <fullName>Sen. Barrasso, John [R-WY]</fullName>
        <party>R</party>
        <lastName>Barrasso</lastName>
      </item>
      <item>
        <firstName>Christopher</firstName>
        <middleName />
        <isOriginalCosponsor>False</isOriginalCosponsor>
        <state>CT</state>
        <bioguideId>M001169</bioguideId>
        <identifiers>
          <lisID>1837</lisID>
          <gpoId>7870</gpoId>
          <bioguideId>M001169</bioguideId>
        </identifiers>
        <sponsorshipWithdrawnDate />
        <sponsorshipDate>2019-04-04</sponsorshipDate>
        <fullName>Sen. Murphy, Christopher [D-CT]</fullName>
        <party>D</party>
        <lastName>Murphy</lastName>
      </item>
      <item>
        <firstName>RICHARD</firstName>
        <middleName>J.</middleName>
        <isOriginalCosponsor>False</isOriginalCosponsor>
        <state>IL</state>
        <bioguideId>D000563</bioguideId>
        <identifiers>
          <bioguideId>D000563</bioguideId>
          <gpoId>8326</gpoId>
          <lisID>326</lisID>
        </identifiers>
        <sponsorshipWithdrawnDate />
        <sponsorshipDate>2019-04-04</sponsorshipDate>
        <fullName>Sen. Durbin, Richard J. [D-IL]</fullName>
        <party>D</party>
        <lastName>DURBIN</lastName>
      </item>
      <item>
        <firstName>ROGER</firstName>
        <middleName>F.</middleName>
        <isOriginalCosponsor>False</isOriginalCosponsor>
        <state>MS</state>
        <bioguideId>W000437</bioguideId>
        <identifiers>
          <bioguideId>W000437</bioguideId>
          <gpoId>8263</gpoId>
          <lisID>1226</lisID>
        </identifiers>
        <sponsorshipWithdrawnDate />
        <sponsorshipDate>2019-04-04</sponsorshipDate>
        <fullName>Sen. Wicker, Roger F. [R-MS]</fullName>
        <party>R</party>
        <lastName>WICKER</lastName>
      </item>
      <item>
        <firstName>James</firstName>
        <middleName />
        <isOriginalCosponsor>False</isOriginalCosponsor>
        <state>OK</state>
        <bioguideId>L000575</bioguideId>
        <identifiers>
          <bioguideId>L000575</bioguideId>
          <lisID>2050</lisID>
          <gpoId>8113</gpoId>
        </identifiers>
        <sponsorshipWithdrawnDate />
        <sponsorshipDate>2019-04-09</sponsorshipDate>
        <fullName>Sen. Lankford, James [R-OK]</fullName>
        <party>R</party>
        <lastName>Lankford</lastName>
      </item>
      <item>
        <firstName>Jerry</firstName>
        <middleName />
        <isOriginalCosponsor>False</isOriginalCosponsor>
        <state>KS</state>
        <bioguideId>M000934</bioguideId>
        <identifiers>
          <bioguideId>M000934</bioguideId>
          <lisID>1507</lisID>
          <gpoId>8307</gpoId>
        </identifiers>
        <sponsorshipWithdrawnDate />
        <sponsorshipDate>2019-04-09</sponsorshipDate>
        <fullName>Sen. Moran, Jerry [R-KS]</fullName>
        <party>R</party>
        <lastName>Moran</lastName>
      </item>
      <item>
        <firstName>Kirsten</firstName>
        <middleName>E.</middleName>
        <isOriginalCosponsor>False</isOriginalCosponsor>
        <state>NY</state>
        <bioguideId>G000555</bioguideId>
        <identifiers>
          <bioguideId>G000555</bioguideId>
          <lisID>1866</lisID>
          <gpoId>8336</gpoId>
        </identifiers>
        <sponsorshipWithdrawnDate />
        <sponsorshipDate>2019-04-09</sponsorshipDate>
        <fullName>Sen. Gillibrand, Kirsten E. [D-NY]</fullName>
        <party>D</party>
        <lastName>Gillibrand</lastName>
      </item>
      <item>
        <firstName>Dan</firstName>
        <middleName />
        <isOriginalCosponsor>False</isOriginalCosponsor>
        <state>AK</state>
        <bioguideId>S001198</bioguideId>
        <identifiers>
          <lisID>2290</lisID>
          <gpoId />
          <bioguideId>S001198</bioguideId>
        </identifiers>
        <sponsorshipWithdrawnDate />
        <sponsorshipDate>2019-04-09</sponsorshipDate>
        <fullName>Sen. Sullivan, Dan  [R-AK]</fullName>
        <party>R</party>
        <lastName>Sullivan</lastName>
      </item>
      <item>
        <firstName>Margaret</firstName>
        <middleName>Wood</middleName>
        <isOriginalCosponsor>False</isOriginalCosponsor>
        <state>NH</state>
        <bioguideId>H001076</bioguideId>
        <identifiers>
          <lisID>2302</lisID>
          <gpoId />
          <bioguideId>H001076</bioguideId>
        </identifiers>
        <sponsorshipWithdrawnDate />
        <sponsorshipDate>2019-04-09</sponsorshipDate>
        <fullName>Sen. Hassan, Margaret Wood [D-NH]</fullName>
        <party>D</party>
        <lastName>Hassan</lastName>
      </item>
      <item>
        <firstName>Mike</firstName>
        <middleName />
        <isOriginalCosponsor>False</isOriginalCosponsor>
        <state>SD</state>
        <bioguideId>R000605</bioguideId>
        <identifiers>
          <lisID>2288</lisID>
          <gpoId />
          <bioguideId>R000605</bioguideId>
        </identifiers>
        <sponsorshipWithdrawnDate />
        <sponsorshipDate>2019-04-09</sponsorshipDate>
        <fullName>Sen. Rounds, Mike  [R-SD]</fullName>
        <party>R</party>
        <lastName>Rounds</lastName>
      </item>
      <item>
        <firstName>Deb</firstName>
        <middleName />
        <isOriginalCosponsor>False</isOriginalCosponsor>
        <state>NE</state>
        <bioguideId>F000463</bioguideId>
        <identifiers>
          <lisID>2179</lisID>
          <gpoId />
          <bioguideId>F000463</bioguideId>
        </identifiers>
        <sponsorshipWithdrawnDate />
        <sponsorshipDate>2019-04-29</sponsorshipDate>
        <fullName>Sen. Fischer, Deb [R-NE]</fullName>
        <party>R</party>
        <lastName>Fischer</lastName>
      </item>
      <item>
        <firstName>Martha</firstName>
        <middleName />
        <isOriginalCosponsor>False</isOriginalCosponsor>
        <state>AZ</state>
        <bioguideId>M001197</bioguideId>
        <identifiers>
          <lisID>2225</lisID>
          <gpoId />
          <bioguideId>M001197</bioguideId>
        </identifiers>
        <sponsorshipWithdrawnDate />
        <sponsorshipDate>2019-04-29</sponsorshipDate>
        <fullName>Sen. McSally, Martha [R-AZ]</fullName>
        <party>R</party>
        <lastName>McSally</lastName>
      </item>
      <item>
        <firstName>Cindy</firstName>
        <middleName />
        <isOriginalCosponsor>False</isOriginalCosponsor>
        <state>MS</state>
        <bioguideId>H001079</bioguideId>
        <identifiers>
          <lisID>2366</lisID>
          <gpoId />
          <bioguideId>H001079</bioguideId>
        </identifiers>
        <sponsorshipWithdrawnDate />
        <sponsorshipDate>2019-04-29</sponsorshipDate>
        <fullName>Sen. Hyde-Smith, Cindy [R-MS]</fullName>
        <party>R</party>
        <lastName>Hyde-Smith</lastName>
      </item>
      <item>
        <firstName>Steve</firstName>
        <middleName />
        <isOriginalCosponsor>False</isOriginalCosponsor>
        <state>MT</state>
        <bioguideId>D000618</bioguideId>
        <identifiers>
          <lisID>2138</lisID>
          <gpoId />
          <bioguideId>D000618</bioguideId>
        </identifiers>
        <sponsorshipWithdrawnDate />
        <sponsorshipDate>2019-04-29</sponsorshipDate>
        <fullName>Sen. Daines, Steve [R-MT]</fullName>
        <party>R</party>
        <lastName>Daines</lastName>
      </item>
      <item>
        <firstName>Rick</firstName>
        <middleName />
        <isOriginalCosponsor>False</isOriginalCosponsor>
        <state>FL</state>
        <bioguideId>S001217</bioguideId>
        <identifiers>
          <lisID>2470</lisID>
          <gpoId />
          <bioguideId>S001217</bioguideId>
        </identifiers>
        <sponsorshipWithdrawnDate />
        <sponsorshipDate>2019-04-29</sponsorshipDate>
        <fullName>Sen. Scott, Rick  [R-FL]</fullName>
        <party>R</party>
        <lastName>Scott</lastName>
      </item>
      <item>
        <firstName>SHELLEY</firstName>
        <middleName>MOORE</middleName>
        <isOriginalCosponsor>False</isOriginalCosponsor>
        <state>WV</state>
        <bioguideId>C001047</bioguideId>
        <identifiers>
          <lisID>1676</lisID>
          <gpoId>8223</gpoId>
          <bioguideId>C001047</bioguideId>
        </identifiers>
        <sponsorshipWithdrawnDate />
        <sponsorshipDate>2019-04-29</sponsorshipDate>
        <fullName>Sen. Capito, Shelley Moore [R-WV]</fullName>
        <party>R</party>
        <lastName>CAPITO</lastName>
      </item>
      <item>
        <firstName>Ted</firstName>
        <middleName />
        <isOriginalCosponsor>False</isOriginalCosponsor>
        <state>TX</state>
        <bioguideId>C001098</bioguideId>
        <identifiers>
          <bioguideId>C001098</bioguideId>
          <lisID>2175</lisID>
          <gpoId />
        </identifiers>
        <sponsorshipWithdrawnDate />
        <sponsorshipDate>2019-04-29</sponsorshipDate>
        <fullName>Sen. Cruz, Ted [R-TX]</fullName>
        <party>R</party>
        <lastName>Cruz</lastName>
      </item>
      <item>
        <firstName>ROB</firstName>
        <middleName />
        <isOriginalCosponsor>False</isOriginalCosponsor>
        <state>OH</state>
        <bioguideId>P000449</bioguideId>
        <identifiers>
          <lisID>924</lisID>
          <gpoId>8266</gpoId>
          <bioguideId>P000449</bioguideId>
        </identifiers>
        <sponsorshipWithdrawnDate />
        <sponsorshipDate>2019-04-29</sponsorshipDate>
        <fullName>Sen. Portman, Rob [R-OH]</fullName>
        <party>R</party>
        <lastName>PORTMAN</lastName>
      </item>
      <item>
        <firstName>Tammy</firstName>
        <middleName />
        <isOriginalCosponsor>False</isOriginalCosponsor>
        <state>IL</state>
        <bioguideId>D000622</bioguideId>
        <identifiers>
          <lisID>2123</lisID>
          <gpoId />
          <bioguideId>D000622</bioguideId>
        </identifiers>
        <sponsorshipWithdrawnDate />
        <sponsorshipDate>2019-04-29</sponsorshipDate>
        <fullName>Sen. Duckworth, Tammy [D-IL]</fullName>
        <party>D</party>
        <lastName>Duckworth</lastName>
      </item>
      <item>
        <firstName>PATRICK</firstName>
        <middleName>JOSEPH</middleName>
        <isOriginalCosponsor>False</isOriginalCosponsor>
        <state>VT</state>
        <bioguideId>L000174</bioguideId>
        <identifiers>
          <bioguideId>L000174</bioguideId>
          <gpoId>8244</gpoId>
          <lisID>1383</lisID>
        </identifiers>
        <sponsorshipWithdrawnDate />
        <sponsorshipDate>2019-04-29</sponsorshipDate>
        <fullName>Sen. Leahy, Patrick J. [D-VT]</fullName>
        <party>D</party>
        <lastName>LEAHY</lastName>
      </item>
      <item>
        <firstName>Johnny</firstName>
        <middleName />
        <isOriginalCosponsor>False</isOriginalCosponsor>
        <state>GA</state>
        <bioguideId>I000055</bioguideId>
        <identifiers>
          <bioguideId>I000055</bioguideId>
          <lisID>1608</lisID>
          <gpoId>8323</gpoId>
        </identifiers>
        <sponsorshipWithdrawnDate />
        <sponsorshipDate>2019-05-06</sponsorshipDate>
        <fullName>Sen. Isakson, Johnny [R-GA]</fullName>
        <party>R</party>
        <lastName>Isakson</lastName>
      </item>
      <item>
        <firstName>John</firstName>
        <middleName />
        <isOriginalCosponsor>False</isOriginalCosponsor>
        <state>ND</state>
        <bioguideId>H001061</bioguideId>
        <identifiers>
          <lisID>2079</lisID>
          <gpoId>8331</gpoId>
          <bioguideId>H001061</bioguideId>
        </identifiers>
        <sponsorshipWithdrawnDate />
        <sponsorshipDate>2019-05-06</sponsorshipDate>
        <fullName>Sen. Hoeven, John [R-ND]</fullName>
        <party>R</party>
        <lastName>Hoeven</lastName>
      </item>
      <item>
        <firstName>Pat</firstName>
        <middleName />
        <isOriginalCosponsor>False</isOriginalCosponsor>
        <state>PA</state>
        <bioguideId>T000461</bioguideId>
        <identifiers>
          <lisID>1594</lisID>
          <gpoId />
          <bioguideId>T000461</bioguideId>
        </identifiers>
        <sponsorshipWithdrawnDate />
        <sponsorshipDate>2019-05-16</sponsorshipDate>
        <fullName>Sen. Toomey, Pat [R-PA]</fullName>
        <party>R</party>
        <lastName>Toomey</lastName>
      </item>
      <item>
        <firstName>Thomas</firstName>
        <middleName>Roland</middleName>
        <isOriginalCosponsor>False</isOriginalCosponsor>
        <state>NC</state>
        <bioguideId>T000476</bioguideId>
        <identifiers>
          <bioguideId>T000476</bioguideId>
          <gpoId />
          <lisID>2291</lisID>
        </identifiers>
        <sponsorshipWithdrawnDate />
        <sponsorshipDate>2019-05-20</sponsorshipDate>
        <fullName>Sen. Tillis, Thom [R-NC]</fullName>
        <party>R</party>
        <lastName>Tillis</lastName>
      </item>
      <item>
        <firstName>Kevin</firstName>
        <middleName />
        <isOriginalCosponsor>False</isOriginalCosponsor>
        <state>ND</state>
        <bioguideId>C001096</bioguideId>
        <identifiers>
          <lisID>2144</lisID>
          <gpoId />
          <bioguideId>C001096</bioguideId>
        </identifiers>
        <sponsorshipWithdrawnDate />
        <sponsorshipDate>2019-05-20</sponsorshipDate>
        <fullName>Sen. Cramer, Kevin [R-ND]</fullName>
        <party>R</party>
        <lastName>Cramer</lastName>
      </item>
      <item>
        <firstName>Mitt</firstName>
        <middleName />
        <isOriginalCosponsor>False</isOriginalCosponsor>
        <state>UT</state>
        <bioguideId>R000615</bioguideId>
        <identifiers>
          <bioguideId>R000615</bioguideId>
          <gpoId />
          <lisID>2466</lisID>
        </identifiers>
        <sponsorshipWithdrawnDate />
        <sponsorshipDate>2019-05-20</sponsorshipDate>
        <fullName>Sen. Romney, Mitt  [R-UT]</fullName>
        <party>R</party>
        <lastName>Romney</lastName>
      </item>
      <item>
        <firstName>MICHAEL</firstName>
        <middleName>D.</middleName>
        <isOriginalCosponsor>False</isOriginalCosponsor>
        <state>ID</state>
        <bioguideId>C000880</bioguideId>
        <identifiers>
          <lisID>250</lisID>
          <gpoId>8289</gpoId>
          <bioguideId>C000880</bioguideId>
        </identifiers>
        <sponsorshipWithdrawnDate />
        <sponsorshipDate>2019-05-20</sponsorshipDate>
        <fullName>Sen. Crapo, Mike [R-ID]</fullName>
        <party>R</party>
        <lastName>CRAPO</lastName>
      </item>
      <item>
        <firstName>John</firstName>
        <middleName />
        <isOriginalCosponsor>False</isOriginalCosponsor>
        <state>TX</state>
        <bioguideId>C001056</bioguideId>
        <identifiers>
          <lisID>1692</lisID>
          <gpoId>8295</gpoId>
          <bioguideId>C001056</bioguideId>
        </identifiers>
        <sponsorshipWithdrawnDate />
        <sponsorshipDate>2019-05-20</sponsorshipDate>
        <fullName>Sen. Cornyn, John [R-TX]</fullName>
        <party>R</party>
        <lastName>Cornyn</lastName>
      </item>
      <item>
        <firstName>Jacklyn</firstName>
        <middleName />
        <isOriginalCosponsor>False</isOriginalCosponsor>
        <state>NV</state>
        <bioguideId>R000608</bioguideId>
        <identifiers>
          <lisID>2339</lisID>
          <gpoId />
          <bioguideId>R000608</bioguideId>
        </identifiers>
        <sponsorshipWithdrawnDate />
        <sponsorshipDate>2019-05-20</sponsorshipDate>
        <fullName>Sen. Rosen, Jacky [D-NV]</fullName>
        <party>D</party>
        <lastName>Rosen</lastName>
      </item>
      <item>
        <firstName>BENJAMIN</firstName>
        <middleName>L.</middleName>
        <isOriginalCosponsor>False</isOriginalCosponsor>
        <state>MD</state>
        <bioguideId>C000141</bioguideId>
        <identifiers>
          <bioguideId>C000141</bioguideId>
          <gpoId>8287</gpoId>
          <lisID>174</lisID>
        </identifiers>
        <sponsorshipWithdrawnDate />
        <sponsorshipDate>2019-05-22</sponsorshipDate>
        <fullName>Sen. Cardin, Benjamin L. [D-MD]</fullName>
        <party>D</party>
        <lastName>CARDIN</lastName>
      </item>
      <item>
        <firstName>MICHAEL</firstName>
        <middleName>B.</middleName>
        <isOriginalCosponsor>False</isOriginalCosponsor>
        <state>WY</state>
        <bioguideId>E000285</bioguideId>
        <identifiers>
          <lisID>1542</lisID>
          <gpoId>8328</gpoId>
          <bioguideId>E000285</bioguideId>
        </identifiers>
        <sponsorshipWithdrawnDate />
        <sponsorshipDate>2019-05-22</sponsorshipDate>
        <fullName>Sen. Enzi, Michael B. [R-WY]</fullName>
        <party>R</party>
        <lastName>ENZI</lastName>
      </item>
      <item>
        <firstName>Marco</firstName>
        <middleName />
        <isOriginalCosponsor>False</isOriginalCosponsor>
        <state>FL</state>
        <bioguideId>R000595</bioguideId>
        <identifiers>
          <lisID>2084</lisID>
          <gpoId>8242</gpoId>
          <bioguideId>R000595</bioguideId>
        </identifiers>
        <sponsorshipWithdrawnDate />
        <sponsorshipDate>2019-05-22</sponsorshipDate>
        <fullName>Sen. Rubio, Marco [R-FL]</fullName>
        <party>R</party>
        <lastName>Rubio</lastName>
      </item>
      <item>
        <firstName>Tim</firstName>
        <middleName />
        <isOriginalCosponsor>False</isOriginalCosponsor>
        <state>SC</state>
        <bioguideId>S001184</bioguideId>
        <identifiers>
          <lisID>2056</lisID>
          <gpoId>8141</gpoId>
          <bioguideId>S001184</bioguideId>
        </identifiers>
        <sponsorshipWithdrawnDate />
        <sponsorshipDate>2019-05-23</sponsorshipDate>
        <fullName>Sen. Scott, Tim [R-SC]</fullName>
        <party>R</party>
        <lastName>Scott</lastName>
      </item>
      <item>
        <firstName>Elizabeth</firstName>
        <middleName>A.</middleName>
        <isOriginalCosponsor>False</isOriginalCosponsor>
        <state>MA</state>
        <bioguideId>W000817</bioguideId>
        <identifiers>
          <lisID>2182</lisID>
          <gpoId />
          <bioguideId>W000817</bioguideId>
        </identifiers>
        <sponsorshipWithdrawnDate />
        <sponsorshipDate>2019-06-03</sponsorshipDate>
        <fullName>Sen. Warren, Elizabeth [D-MA]</fullName>
        <party>D</party>
        <lastName>Warren</lastName>
      </item>
    </cosponsors>
    <originChamber>Senate</originChamber>
    <amendments />
    <updateDate>2019-11-15T21:56:30Z</updateDate>
    <relatedBills />
    <latestAction>
      <text>Resolution agreed to in Senate without amendment and an amended preamble by Unanimous Consent. (consideration: CR S3199-3200; text: CR S3199-3200)</text>
      <actionDate>2019-06-04</actionDate>
      <links />
    </latestAction>
    <introducedDate>2019-04-02</introducedDate>
    <laws />
    <subjects>
      <billSubjects>
        <policyArea>
          <name>Armed Forces and National Security</name>
        </policyArea>
        <legislativeSubjects>
          <item>
            <name>Alliances</name>
          </item>
          <item>
            <name>Commemorative events and holidays</name>
          </item>
          <item>
            <name>Conflicts and wars</name>
          </item>
          <item>
            <name>Congressional tributes</name>
          </item>
          <item>
            <name>Europe</name>
          </item>
          <item>
            <name>France</name>
          </item>
          <item>
            <name>Historic sites and heritage areas</name>
          </item>
          <item>
            <name>Military history</name>
          </item>
          <item>
            <name>Military personnel and dependents</name>
          </item>
          <item>
            <name>Veterans' organizations and recognition</name>
          </item>
          <item>
            <name>World history</name>
          </item>
        </legislativeSubjects>
      </billSubjects>
    </subjects>
    <calendarNumbers>
      <item>
        <calendar>Senate Calendar of Business</calendar>
        <number>0098</number>
      </item>
    </calendarNumbers>
    <textVersions>
      <item>
        <type>Agreed to Senate</type>
        <date>2019-06-04T04:00:00Z</date>
        <formats>
          <item>
            <url>https://www.govinfo.gov/content/pkg/BILLS-116sres135ats/xml/BILLS-116sres135ats.xml</url>
          </item>
        </formats>
      </item>
      <item>
        <type>Reported to Senate</type>
        <date>2019-05-23T04:00:00Z</date>
        <formats>
          <item>
            <url>https://www.govinfo.gov/content/pkg/BILLS-116sres135rs/xml/BILLS-116sres135rs.xml</url>
          </item>
        </formats>
      </item>
      <item>
        <type>Introduced in Senate</type>
        <date>2019-04-02T04:00:00Z</date>
        <formats>
          <item>
            <url>https://www.govinfo.gov/content/pkg/BILLS-116sres135is/xml/BILLS-116sres135is.xml</url>
          </item>
        </formats>
      </item>
    </textVersions>
    <version>1.0.0</version>
    <policyArea>
      <name>Armed Forces and National Security</name>
    </policyArea>
    <recordedVotes />
    <sponsors>
      <item>
        <bioguideId>B001236</bioguideId>
        <state>AR</state>
        <party>R</party>
        <fullName>Sen. Boozman, John [R-AR]</fullName>
        <firstName>John</firstName>
        <lastName>Boozman</lastName>
        <byRequestType />
        <middleName />
        <identifiers>
          <lisID>1687</lisID>
          <gpoId>8247</gpoId>
          <bioguideId>B001236</bioguideId>
        </identifiers>
      </item>
    </sponsors>
    <billType>SRES</billType>
    <title>A resolution expressing the gratitude and appreciation of the Senate for the acts of heroism and valor by the members of the United States Armed Forces who participated in the June 6, 1944, amphibious landing at Normandy, France, and commending those individuals for leadership and bravery in an operation that helped bring an end to World War II.</title>
    <congress>116</congress>
    <committees>
      <billCommittees>
        <item>
          <subcommittees />
          <type>Standing</type>
          <systemCode>ssfr00</systemCode>
          <chamber>Senate</chamber>
          <name>Foreign Relations Committee</name>
          <activities>
            <item>
              <date>2019-05-23T22:11:39Z</date>
              <name>Reported by</name>
            </item>
            <item>
              <date>2019-05-22T17:45:00Z</date>
              <name>Markup by</name>
            </item>
            <item>
              <date>2019-04-02T16:21:24Z</date>
              <name>Referred to</name>
            </item>
          </activities>
        </item>
      </billCommittees>
    </committees>
    <actions>
      <actionTypeCounts>
        <introducedInSenate>1</introducedInSenate>
        <agreedToInSenate>1</agreedToInSenate>
        <placedOnCalendarGeneralOrders>1</placedOnCalendarGeneralOrders>
        <referredToCommittee>1</referredToCommittee>
        <reportedToSenate>2</reportedToSenate>
        <passedAgreedToInSenate>1</passedAgreedToInSenate>
        <orderedReported>1</orderedReported>
      </actionTypeCounts>
      <item>
        <actionDate>2019-06-04</actionDate>
        <committee />
        <links>
          <link>
            <url>https://www.congress.gov/congressional-record/volume-165/senate-section/page/S3199-3200</url>
            <name>S3199-3200</name>
          </link>
        </links>
        <sourceSystem>
          <code>0</code>
          <name>Senate</name>
        </sourceSystem>
        <text>Resolution agreed to in Senate without amendment and an amended preamble by Unanimous Consent. (consideration: CR S3199-3200; text: CR S3199-3200)</text>
        <type>Floor</type>
      </item>
      <item>
        <actionCode>17000</actionCode>
        <text>Passed/agreed to in Senate: Resolution agreed to in Senate without amendment and an amended preamble by Unanimous Consent.(consideration: CR S3199-3200; text: CR S3199-3200)</text>
        <sourceSystem>
          <code>9</code>
          <name>Library of Congress</name>
        </sourceSystem>
        <actionDate>2019-06-04</actionDate>
        <type>Floor</type>
        <links>
          <link>
            <url>https://www.congress.gov/congressional-record/volume-165/senate-section/page/S3199-3200</url>
            <name>S3199-3200</name>
          </link>
        </links>
        <committee />
      </item>
      <item>
        <actionDate>2019-05-23</actionDate>
        <committee />
        <links />
        <sourceSystem>
          <code>0</code>
          <name>Senate</name>
        </sourceSystem>
        <text>Placed on Senate Legislative Calendar under General Orders. Calendar No. 98.</text>
        <type>Calendars</type>
      </item>
      <item>
        <actionDate>2019-05-23</actionDate>
        <committee>
          <systemCode>ssfr00</systemCode>
          <name>Foreign Relations Committee</name>
        </committee>
        <links />
        <sourceSystem>
          <code>0</code>
          <name>Senate</name>
        </sourceSystem>
        <text>Committee on Foreign Relations. Reported by Senator Risch without amendment and with an amended preamble. Without written report.</text>
        <type>Committee</type>
      </item>
      <item>
        <actionCode>14000</actionCode>
        <text>Committee on Foreign Relations. Reported by Senator Risch without amendment and with an amended preamble. Without written report.</text>
        <sourceSystem>
          <code>9</code>
          <name>Library of Congress</name>
        </sourceSystem>
        <actionDate>2019-05-23</actionDate>
        <type>Committee</type>
        <links />
        <committee>
          <systemCode>ssfr00</systemCode>
          <name>Foreign Relations Committee</name>
        </committee>
      </item>
      <item>
        <actionDate>2019-05-22</actionDate>
        <committee>
          <systemCode>ssfr00</systemCode>
          <name>Foreign Relations Committee</name>
        </committee>
        <links />
        <sourceSystem>
          <code>0</code>
          <name>Senate</name>
        </sourceSystem>
        <text>Committee on Foreign Relations. Ordered to be reported with an amendment favorably.</text>
        <type>Committee</type>
      </item>
      <item>
        <actionDate>2019-04-02</actionDate>
        <committee>
          <systemCode>ssfr00</systemCode>
          <name>Foreign Relations Committee</name>
        </committee>
        <links>
          <link>
            <url>https://www.congress.gov/congressional-record/volume-165/senate-section/page/S2193</url>
            <name>S2193</name>
          </link>
        </links>
        <sourceSystem>
          <code>0</code>
          <name>Senate</name>
        </sourceSystem>
        <text>Referred to the Committee on Foreign Relations. (text: CR S2193)</text>
        <type>IntroReferral</type>
      </item>
      <item>
        <actionCode>10000</actionCode>
        <text>Introduced in Senate</text>
        <sourceSystem>
          <code>9</code>
          <name>Library of Congress</name>
        </sourceSystem>
        <actionDate>2019-04-02</actionDate>
        <type>IntroReferral</type>
        <links />
        <committee />
      </item>
      <actionByCounts>
        <senate>8</senate>
      </actionByCounts>
    </actions>
    <titles>
      <item>
        <chamberName />
        <title>A resolution expressing the gratitude and appreciation of the Senate for the acts of heroism and valor by the members of the United States Armed Forces who participated in the June 6, 1944, amphibious landing at Normandy, France, and commending those individuals for leadership and bravery in an operation that helped bring an end to World War II.</title>
        <parentTitleType />
        <titleType>Official Title as Introduced</titleType>
        <chamberCode />
      </item>
      <item>
        <chamberName />
        <title>A resolution expressing the gratitude and appreciation of the Senate for the acts of heroism and valor by the members of the United States Armed Forces who participated in the June 6, 1944, amphibious landing at Normandy, France, and commending those individuals for leadership and bravery in an operation that helped bring an end to World War II.</title>
        <parentTitleType />
        <titleType>Display Title</titleType>
        <chamberCode />
      </item>
    </titles>
  </bill>
  <dublinCore xmlns:dc="http://purl.org/dc/elements/1.1/">
    <dc:format>text/xml</dc:format>
    <dc:language>EN</dc:language>
    <dc:rights>Pursuant to Title 17 Section 105 of the United States Code, this file is not subject to copyright protection and is in the public domain.</dc:rights>
    <dc:contributor>Congressional Research Service, Library of Congress</dc:contributor>
    <dc:description>This file contains bill summaries and statuses for federal legislation. A bill summary describes the most significant provisions of a piece of legislation and details the effects the legislative text may have on current law and federal programs. Bill summaries are authored by the Congressional Research Service (CRS) of the Library of Congress. As stated in Public Law 91-510 (2 USC 166 (d)(6)), one of the duties of CRS is "to prepare summaries and digests of bills and resolutions of a public general nature introduced in the Senate or House of Representatives". For more information, refer to the User Guide that accompanies this file.</dc:description>
  </dublinCore>
</billStatus>

