<?xml version="1.0" encoding="UTF-8"?>
<billStatus>
  <bill>
    <subjects>
      <billSubjects>
        <legislativeSubjects>
          <item>
            <name>Commemorative events and holidays</name>
          </item>
          <item>
            <name>Conflicts and wars</name>
          </item>
          <item>
            <name>Military history</name>
          </item>
          <item>
            <name>U.S. history</name>
          </item>
          <item>
            <name>Women's employment</name>
          </item>
        </legislativeSubjects>
        <policyArea>
          <name>Labor and Employment</name>
        </policyArea>
      </billSubjects>
    </subjects>
    <cosponsors>
      <item>
        <fullName>Sen. Shaheen, Jeanne [D-NH]</fullName>
        <party>D</party>
        <middleName />
        <identifiers>
          <bioguideId>S001181</bioguideId>
          <gpoId>8276</gpoId>
          <lisID>1901</lisID>
        </identifiers>
        <isOriginalCosponsor>True</isOriginalCosponsor>
        <firstName>Jeanne</firstName>
        <state>NH</state>
        <sponsorshipWithdrawnDate />
        <bioguideId>S001181</bioguideId>
        <sponsorshipDate>2019-03-14</sponsorshipDate>
        <lastName>Shaheen</lastName>
      </item>
      <item>
        <fullName>Sen. Capito, Shelley Moore [R-WV]</fullName>
        <party>R</party>
        <middleName>MOORE</middleName>
        <identifiers>
          <lisID>1676</lisID>
          <bioguideId>C001047</bioguideId>
          <gpoId>8223</gpoId>
        </identifiers>
        <isOriginalCosponsor>True</isOriginalCosponsor>
        <firstName>SHELLEY</firstName>
        <state>WV</state>
        <sponsorshipWithdrawnDate />
        <bioguideId>C001047</bioguideId>
        <sponsorshipDate>2019-03-14</sponsorshipDate>
        <lastName>CAPITO</lastName>
      </item>
      <item>
        <fullName>Sen. Coons, Christopher A. [D-DE]</fullName>
        <party>D</party>
        <middleName>A.</middleName>
        <identifiers>
          <lisID>1984</lisID>
          <bioguideId>C001088</bioguideId>
          <gpoId>8297</gpoId>
        </identifiers>
        <isOriginalCosponsor>True</isOriginalCosponsor>
        <firstName>Christopher</firstName>
        <state>DE</state>
        <sponsorshipWithdrawnDate />
        <bioguideId>C001088</bioguideId>
        <sponsorshipDate>2019-03-14</sponsorshipDate>
        <lastName>Coons</lastName>
      </item>
      <item>
        <fullName>Sen. Isakson, Johnny [R-GA]</fullName>
        <party>R</party>
        <middleName />
        <identifiers>
          <gpoId>8323</gpoId>
          <lisID>1608</lisID>
          <bioguideId>I000055</bioguideId>
        </identifiers>
        <isOriginalCosponsor>True</isOriginalCosponsor>
        <firstName>Johnny</firstName>
        <state>GA</state>
        <sponsorshipWithdrawnDate />
        <bioguideId>I000055</bioguideId>
        <sponsorshipDate>2019-03-14</sponsorshipDate>
        <lastName>Isakson</lastName>
      </item>
    </cosponsors>
    <policyArea>
      <name>Labor and Employment</name>
    </policyArea>
    <billType>SRES</billType>
    <textVersions>
      <item>
        <date>2019-03-14T04:00:00Z</date>
        <type>Agreed to Senate</type>
        <formats>
          <item>
            <url>https://www.govinfo.gov/content/pkg/BILLS-116sres114ats/xml/BILLS-116sres114ats.xml</url>
          </item>
        </formats>
      </item>
    </textVersions>
    <titles>
      <item>
        <chamberName />
        <parentTitleType />
        <title>A resolution expressing support for the designation of March 21, 2019, as "National Rosie the Riveter Day".</title>
        <titleType>Official Title as Introduced</titleType>
        <chamberCode />
      </item>
      <item>
        <chamberName />
        <parentTitleType />
        <title>A resolution expressing support for the designation of March 21, 2019, as "National Rosie the Riveter Day".</title>
        <titleType>Display Title</titleType>
        <chamberCode />
      </item>
    </titles>
    <originChamber>Senate</originChamber>
    <updateDate>2019-05-31T04:27:19Z</updateDate>
    <cboCostEstimates />
    <committeeReports />
    <recordedVotes />
    <billNumber>114</billNumber>
    <createDate>2019-03-15T04:42:06Z</createDate>
    <latestAction>
      <actionDate>2019-03-14</actionDate>
      <links />
      <text>Submitted in the Senate, considered, and agreed to without amendment and with a preamble by Unanimous Consent. (consideration: CR S1911; text: CR S1908)</text>
    </latestAction>
    <congress>116</congress>
    <notes />
    <amendments />
    <laws />
    <actions>
      <actionByCounts>
        <senate>3</senate>
      </actionByCounts>
      <item>
        <actionDate>2019-03-14</actionDate>
        <committee />
        <links>
          <link>
            <name>S1908</name>
            <url>https://www.congress.gov/congressional-record/volume-165/senate-section/page/S1908</url>
          </link>
          <link>
            <name>S1911</name>
            <url>https://www.congress.gov/congressional-record/volume-165/senate-section/page/S1911</url>
          </link>
        </links>
        <sourceSystem>
          <name>Senate</name>
          <code>0</code>
        </sourceSystem>
        <text>Submitted in the Senate, considered, and agreed to without amendment and with a preamble by Unanimous Consent. (consideration: CR S1911; text: CR S1908)</text>
        <type>Floor</type>
      </item>
      <item>
        <text>Passed/agreed to in Senate: Submitted in the Senate, considered, and agreed to without amendment and with a preamble by Unanimous Consent.(consideration: CR S1911; text: CR S1908)</text>
        <actionDate>2019-03-14</actionDate>
        <type>Floor</type>
        <sourceSystem>
          <name>Library of Congress</name>
          <code>9</code>
        </sourceSystem>
        <actionCode>17000</actionCode>
        <links>
          <link>
            <name>S1908</name>
            <url>https://www.congress.gov/congressional-record/volume-165/senate-section/page/S1908</url>
          </link>
          <link>
            <name>S1911</name>
            <url>https://www.congress.gov/congressional-record/volume-165/senate-section/page/S1911</url>
          </link>
        </links>
        <committee />
      </item>
      <item>
        <text>Introduced in Senate</text>
        <actionDate>2019-03-14</actionDate>
        <type>IntroReferral</type>
        <sourceSystem>
          <name>Library of Congress</name>
          <code>9</code>
        </sourceSystem>
        <actionCode>10000</actionCode>
        <links />
        <committee />
      </item>
      <actionTypeCounts>
        <passedOrAgreedToInSenateDayOf>1</passedOrAgreedToInSenateDayOf>
        <introducedInSenate>1</introducedInSenate>
        <passedAgreedToInSenate>1</passedAgreedToInSenate>
      </actionTypeCounts>
    </actions>
    <sponsors>
      <item>
        <party>D</party>
        <lastName>Casey</lastName>
        <bioguideId>C001070</bioguideId>
        <state>PA</state>
        <identifiers>
          <lisID>1828</lisID>
          <bioguideId>C001070</bioguideId>
          <gpoId>8282</gpoId>
        </identifiers>
        <firstName>Bob</firstName>
        <fullName>Sen. Casey, Robert P., Jr. [D-PA]</fullName>
        <middleName />
        <byRequestType />
      </item>
    </sponsors>
    <calendarNumbers />
    <committees>
      <billCommittees />
    </committees>
    <summaries>
      <billSummaries>
        <item>
          <actionDesc>Introduced in Senate</actionDesc>
          <name>Introduced in Senate</name>
          <lastSummaryUpdateDate>2019-05-30T14:53:13Z</lastSummaryUpdateDate>
          <actionDate>2019-03-14</actionDate>
          <versionCode>00</versionCode>
          <text><![CDATA[<p>This resolution supports the designation of March 21, 2019, as National Rosie the Riveter Day and acknowledges the important role played by women during World War II.</p>]]></text>
          <updateDate>2019-03-14T04:00:00Z</updateDate>
        </item>
        <item>
          <actionDesc>Passed Senate</actionDesc>
          <name>Passed Senate</name>
          <lastSummaryUpdateDate>2019-05-30T14:50:19Z</lastSummaryUpdateDate>
          <actionDate>2019-03-14</actionDate>
          <versionCode>55</versionCode>
          <text><![CDATA[<p>This resolution supports the designation of March 21, 2019, as National Rosie the Riveter Day and acknowledges the important role played by women during World War II.</p>]]></text>
          <updateDate>2019-03-14T17:25:55Z</updateDate>
        </item>
      </billSummaries>
    </summaries>
    <relatedBills />
    <version>1.0.0</version>
    <introducedDate>2019-03-14</introducedDate>
    <title>A resolution expressing support for the designation of March 21, 2019, as "National Rosie the Riveter Day".</title>
  </bill>
  <dublinCore xmlns:dc="http://purl.org/dc/elements/1.1/">
    <dc:format>text/xml</dc:format>
    <dc:language>EN</dc:language>
    <dc:rights>Pursuant to Title 17 Section 105 of the United States Code, this file is not subject to copyright protection and is in the public domain.</dc:rights>
    <dc:contributor>Congressional Research Service, Library of Congress</dc:contributor>
    <dc:description>This file contains bill summaries and statuses for federal legislation. A bill summary describes the most significant provisions of a piece of legislation and details the effects the legislative text may have on current law and federal programs. Bill summaries are authored by the Congressional Research Service (CRS) of the Library of Congress. As stated in Public Law 91-510 (2 USC 166 (d)(6)), one of the duties of CRS is "to prepare summaries and digests of bills and resolutions of a public general nature introduced in the Senate or House of Representatives". For more information, refer to the User Guide that accompanies this file.</dc:description>
  </dublinCore>
</billStatus>

