<?xml version="1.0" encoding="UTF-8"?>
<billStatus>
  <bill>
    <policyArea>
      <name>Congress</name>
    </policyArea>
    <relatedBills />
    <introducedDate>2019-02-07</introducedDate>
    <committeeReports />
    <amendments />
    <textVersions>
      <item>
        <type>Introduced in Senate</type>
        <date>2019-02-07T05:00:00Z</date>
        <formats>
          <item>
            <url>https://www.govinfo.gov/content/pkg/BILLS-116sres56is/xml/BILLS-116sres56is.xml</url>
          </item>
        </formats>
      </item>
    </textVersions>
    <cboCostEstimates />
    <subjects>
      <billSubjects>
        <legislativeSubjects>
          <item>
            <name>Congressional committees</name>
          </item>
          <item>
            <name>Senate Committee on Foreign Relations</name>
          </item>
        </legislativeSubjects>
        <policyArea>
          <name>Congress</name>
        </policyArea>
      </billSubjects>
    </subjects>
    <laws />
    <calendarNumbers />
    <notes />
    <actions>
      <actionTypeCounts>
        <reportedToSenate>1</reportedToSenate>
        <originalBillReported>1</originalBillReported>
        <introducedInSenate>1</introducedInSenate>
        <referredToCommittee>1</referredToCommittee>
      </actionTypeCounts>
      <item>
        <actionDate>2019-02-07</actionDate>
        <committee>
          <systemCode>ssra00</systemCode>
          <name>Rules and Administration Committee</name>
        </committee>
        <links>
          <link>
            <url>https://www.congress.gov/congressional-record/volume-165/senate-section/page/S1139</url>
            <name>S1139</name>
          </link>
        </links>
        <sourceSystem>
          <code>0</code>
          <name>Senate</name>
        </sourceSystem>
        <text>Referred to the Committee on Rules and Administration. (text: CR S1139)</text>
        <type>IntroReferral</type>
      </item>
      <item>
        <actionDate>2019-02-07</actionDate>
        <committee>
          <systemCode>ssfr00</systemCode>
          <name>Foreign Relations Committee</name>
        </committee>
        <links />
        <sourceSystem>
          <code>0</code>
          <name>Senate</name>
        </sourceSystem>
        <text>Committee on Foreign Relations. Original measure reported to Senate by Senator Risch. Without written report.</text>
        <type>Committee</type>
      </item>
      <item>
        <actionCode>14000</actionCode>
        <text>Committee on Foreign Relations. Original measure reported to Senate by Senator Risch. Without written report.</text>
        <sourceSystem>
          <code>9</code>
          <name>Library of Congress</name>
        </sourceSystem>
        <actionDate>2019-02-07</actionDate>
        <type>Committee</type>
        <links />
        <committee>
          <systemCode>ssfr00</systemCode>
          <name>Foreign Relations Committee</name>
        </committee>
      </item>
      <item>
        <actionCode>10000</actionCode>
        <text>Introduced in Senate</text>
        <sourceSystem>
          <code>9</code>
          <name>Library of Congress</name>
        </sourceSystem>
        <actionDate>2019-02-07</actionDate>
        <type>IntroReferral</type>
        <links />
        <committee />
      </item>
      <actionByCounts>
        <senate>4</senate>
      </actionByCounts>
    </actions>
    <originChamber>Senate</originChamber>
    <committees>
      <billCommittees>
        <item>
          <type>Standing</type>
          <name>Rules and Administration Committee</name>
          <activities>
            <item>
              <date>2019-02-07T20:08:22Z</date>
              <name>Referred to</name>
            </item>
          </activities>
          <subcommittees />
          <systemCode>ssra00</systemCode>
          <chamber>Senate</chamber>
        </item>
        <item>
          <type>Standing</type>
          <name>Foreign Relations Committee</name>
          <activities>
            <item>
              <date>2019-02-07T20:08:00Z</date>
              <name>Reported original measure</name>
            </item>
          </activities>
          <subcommittees />
          <systemCode>ssfr00</systemCode>
          <chamber>Senate</chamber>
        </item>
      </billCommittees>
    </committees>
    <titles>
      <item>
        <chamberName />
        <title>An original resolution authorizing expenditures by the Committee on Foreign Relations.</title>
        <parentTitleType />
        <titleType>Official Title as Introduced</titleType>
        <chamberCode />
      </item>
      <item>
        <chamberName />
        <title>An original resolution authorizing expenditures by the Committee on Foreign Relations.</title>
        <parentTitleType />
        <titleType>Display Title</titleType>
        <chamberCode />
      </item>
    </titles>
    <summaries>
      <billSummaries>
        <item>
          <text><![CDATA[<p>This resolution authorizes expenditures by the Senate Committee on Foreign Relations for the 116th Congress.</p>]]></text>
          <actionDate>2019-02-07</actionDate>
          <actionDesc>Introduced in Senate</actionDesc>
          <name>Introduced in Senate</name>
          <lastSummaryUpdateDate>2019-04-04T21:04:05Z</lastSummaryUpdateDate>
          <versionCode>00</versionCode>
          <updateDate>2019-02-07T05:00:00Z</updateDate>
        </item>
        <item>
          <text><![CDATA[<p>This resolution authorizes expenditures by the Senate Committee on Foreign Relations for the 116th Congress.</p>]]></text>
          <actionDate>2019-02-07</actionDate>
          <actionDesc>Reported to Senate</actionDesc>
          <name>Reported to Senate</name>
          <lastSummaryUpdateDate>2019-04-04T21:03:57Z</lastSummaryUpdateDate>
          <versionCode>25</versionCode>
          <updateDate>2019-02-07T20:08:00Z</updateDate>
        </item>
      </billSummaries>
    </summaries>
    <recordedVotes />
    <title>An original resolution authorizing expenditures by the Committee on Foreign Relations.</title>
    <sponsors>
      <item>
        <party>R</party>
        <state>ID</state>
        <identifiers>
          <lisID>1896</lisID>
          <gpoId>8274</gpoId>
          <bioguideId>R000584</bioguideId>
        </identifiers>
        <middleName>E.</middleName>
        <byRequestType />
        <bioguideId>R000584</bioguideId>
        <firstName>James</firstName>
        <fullName>Sen. Risch, James E. [R-ID]</fullName>
        <lastName>Risch</lastName>
      </item>
    </sponsors>
    <cosponsors />
    <billNumber>56</billNumber>
    <congress>116</congress>
    <latestAction>
      <links />
      <actionDate>2019-02-07</actionDate>
      <text>Referred to the Committee on Rules and Administration. (text: CR S1139)</text>
    </latestAction>
    <billType>SRES</billType>
    <updateDate>2019-11-15T21:56:25Z</updateDate>
    <createDate>2019-02-08T05:55:23Z</createDate>
    <version>1.0.0</version>
  </bill>
  <dublinCore xmlns:dc="http://purl.org/dc/elements/1.1/">
    <dc:format>text/xml</dc:format>
    <dc:language>EN</dc:language>
    <dc:rights>Pursuant to Title 17 Section 105 of the United States Code, this file is not subject to copyright protection and is in the public domain.</dc:rights>
    <dc:contributor>Congressional Research Service, Library of Congress</dc:contributor>
    <dc:description>This file contains bill summaries and statuses for federal legislation. A bill summary describes the most significant provisions of a piece of legislation and details the effects the legislative text may have on current law and federal programs. Bill summaries are authored by the Congressional Research Service (CRS) of the Library of Congress. As stated in Public Law 91-510 (2 USC 166 (d)(6)), one of the duties of CRS is "to prepare summaries and digests of bills and resolutions of a public general nature introduced in the Senate or House of Representatives". For more information, refer to the User Guide that accompanies this file.</dc:description>
  </dublinCore>
</billStatus>

