<?xml version="1.0" encoding="UTF-8"?>
<billStatus>
  <bill>
    <laws />
    <originChamber>Senate</originChamber>
    <congress>116</congress>
    <createDate>2019-06-27T04:42:10Z</createDate>
    <relatedBills />
    <cboCostEstimates />
    <latestAction>
      <actionDate>2019-06-26</actionDate>
      <links />
      <text>Submitted in the Senate, considered, and agreed to without amendment and with a preamble by Unanimous Consent. (consideration: CR S4584; text: CR S4579-4580)</text>
    </latestAction>
    <recordedVotes />
    <notes />
    <summaries>
      <billSummaries>
        <item>
          <actionDate>2019-06-26</actionDate>
          <name>Introduced in Senate</name>
          <text><![CDATA[<p>This resolution congratulates the St. Louis Blues for becoming the 2019 National Hockey League Stanley Cup champions.</p>]]></text>
          <updateDate>2019-06-26T04:00:00Z</updateDate>
          <versionCode>00</versionCode>
          <actionDesc>Introduced in Senate</actionDesc>
          <lastSummaryUpdateDate>2019-07-02T14:37:29Z</lastSummaryUpdateDate>
        </item>
        <item>
          <actionDate>2019-06-26</actionDate>
          <name>Passed Senate</name>
          <text><![CDATA[<p>This resolution congratulates the St. Louis Blues for becoming the 2019 National Hockey League Stanley Cup champions.</p>]]></text>
          <updateDate>2019-06-26T18:06:04Z</updateDate>
          <versionCode>55</versionCode>
          <actionDesc>Passed Senate</actionDesc>
          <lastSummaryUpdateDate>2019-07-08T22:19:35Z</lastSummaryUpdateDate>
        </item>
      </billSummaries>
    </summaries>
    <billType>SRES</billType>
    <calendarNumbers />
    <actions>
      <actionTypeCounts>
        <passedAgreedToInSenate>1</passedAgreedToInSenate>
        <passedOrAgreedToInSenateDayOf>1</passedOrAgreedToInSenateDayOf>
        <introducedInSenate>1</introducedInSenate>
      </actionTypeCounts>
      <item>
        <actionDate>2019-06-26</actionDate>
        <committee />
        <links>
          <link>
            <url>https://www.congress.gov/congressional-record/volume-165/senate-section/page/S4579-4580</url>
            <name>S4579-4580</name>
          </link>
          <link>
            <url>https://www.congress.gov/congressional-record/volume-165/senate-section/page/S4584</url>
            <name>S4584</name>
          </link>
        </links>
        <sourceSystem>
          <code>0</code>
          <name>Senate</name>
        </sourceSystem>
        <text>Submitted in the Senate, considered, and agreed to without amendment and with a preamble by Unanimous Consent. (consideration: CR S4584; text: CR S4579-4580)</text>
        <type>Floor</type>
      </item>
      <item>
        <committee />
        <type>Floor</type>
        <text>Passed/agreed to in Senate: Submitted in the Senate, considered, and agreed to without amendment and with a preamble by Unanimous Consent.(consideration: CR S4584; text: CR S4579-4580)</text>
        <actionDate>2019-06-26</actionDate>
        <sourceSystem>
          <code>9</code>
          <name>Library of Congress</name>
        </sourceSystem>
        <links>
          <link>
            <url>https://www.congress.gov/congressional-record/volume-165/senate-section/page/S4579-4580</url>
            <name>S4579-4580</name>
          </link>
          <link>
            <url>https://www.congress.gov/congressional-record/volume-165/senate-section/page/S4584</url>
            <name>S4584</name>
          </link>
        </links>
        <actionCode>17000</actionCode>
      </item>
      <item>
        <committee />
        <type>IntroReferral</type>
        <text>Introduced in Senate</text>
        <actionDate>2019-06-26</actionDate>
        <sourceSystem>
          <code>9</code>
          <name>Library of Congress</name>
        </sourceSystem>
        <links />
        <actionCode>10000</actionCode>
      </item>
      <actionByCounts>
        <senate>3</senate>
      </actionByCounts>
    </actions>
    <introducedDate>2019-06-26</introducedDate>
    <committees>
      <billCommittees />
    </committees>
    <policyArea>
      <name>Sports and Recreation</name>
    </policyArea>
    <subjects>
      <billSubjects>
        <legislativeSubjects>
          <item>
            <name>Athletes</name>
          </item>
          <item>
            <name>Congressional tributes</name>
          </item>
          <item>
            <name>Missouri</name>
          </item>
          <item>
            <name>Professional sports</name>
          </item>
        </legislativeSubjects>
        <policyArea>
          <name>Sports and Recreation</name>
        </policyArea>
      </billSubjects>
    </subjects>
    <titles>
      <item>
        <chamberCode />
        <titleType>Official Title as Introduced</titleType>
        <title>A resolution congratulating the St. Louis Blues for winning the 2019 Stanley Cup Final.</title>
        <parentTitleType />
        <chamberName />
      </item>
      <item>
        <chamberCode />
        <titleType>Display Title</titleType>
        <title>A resolution congratulating the St. Louis Blues for winning the 2019 Stanley Cup Final.</title>
        <parentTitleType />
        <chamberName />
      </item>
    </titles>
    <amendments />
    <updateDate>2019-07-16T03:51:49Z</updateDate>
    <billNumber>266</billNumber>
    <sponsors>
      <item>
        <fullName>Sen. Hawley, Josh  [R-MO]</fullName>
        <bioguideId>H001089</bioguideId>
        <firstName>Josh</firstName>
        <byRequestType />
        <identifiers>
          <bioguideId>H001089</bioguideId>
          <gpoId />
          <lisID>2464</lisID>
        </identifiers>
        <state>MO</state>
        <middleName />
        <party>R</party>
        <lastName>Hawley</lastName>
      </item>
    </sponsors>
    <title>A resolution congratulating the St. Louis Blues for winning the 2019 Stanley Cup Final.</title>
    <committeeReports />
    <textVersions>
      <item>
        <formats>
          <item>
            <url>https://www.govinfo.gov/content/pkg/BILLS-116sres266ats/xml/BILLS-116sres266ats.xml</url>
          </item>
        </formats>
        <date>2019-06-26T04:00:00Z</date>
        <type>Agreed to Senate</type>
      </item>
    </textVersions>
    <cosponsors>
      <item>
        <identifiers>
          <gpoId>8313</gpoId>
          <bioguideId>B000575</bioguideId>
          <lisID>1464</lisID>
        </identifiers>
        <sponsorshipDate>2019-06-26</sponsorshipDate>
        <fullName>Sen. Blunt, Roy [R-MO]</fullName>
        <lastName>Blunt</lastName>
        <party>R</party>
        <isOriginalCosponsor>True</isOriginalCosponsor>
        <state>MO</state>
        <bioguideId>B000575</bioguideId>
        <firstName>Roy</firstName>
        <sponsorshipWithdrawnDate />
        <middleName />
      </item>
    </cosponsors>
    <version>1.0.0</version>
  </bill>
  <dublinCore xmlns:dc="http://purl.org/dc/elements/1.1/">
    <dc:format>text/xml</dc:format>
    <dc:language>EN</dc:language>
    <dc:rights>Pursuant to Title 17 Section 105 of the United States Code, this file is not subject to copyright protection and is in the public domain.</dc:rights>
    <dc:contributor>Congressional Research Service, Library of Congress</dc:contributor>
    <dc:description>This file contains bill summaries and statuses for federal legislation. A bill summary describes the most significant provisions of a piece of legislation and details the effects the legislative text may have on current law and federal programs. Bill summaries are authored by the Congressional Research Service (CRS) of the Library of Congress. As stated in Public Law 91-510 (2 USC 166 (d)(6)), one of the duties of CRS is "to prepare summaries and digests of bills and resolutions of a public general nature introduced in the Senate or House of Representatives". For more information, refer to the User Guide that accompanies this file.</dc:description>
  </dublinCore>
</billStatus>

