<?xml version="1.0" encoding="UTF-8"?>
<billStatus>
  <bill>
    <version>1.0.0</version>
    <titles>
      <item>
        <parentTitleType />
        <chamberCode />
        <title>A resolution designating August 16, 2019, as "National Airborne Day".</title>
        <titleType>Official Title as Introduced</titleType>
        <chamberName />
      </item>
      <item>
        <parentTitleType />
        <chamberCode />
        <title>A resolution designating August 16, 2019, as "National Airborne Day".</title>
        <titleType>Display Title</titleType>
        <chamberName />
      </item>
    </titles>
    <recordedVotes />
    <originChamber>Senate</originChamber>
    <laws />
    <createDate>2019-08-01T07:42:14Z</createDate>
    <notes />
    <summaries>
      <billSummaries>
        <item>
          <actionDesc>Introduced in Senate</actionDesc>
          <versionCode>00</versionCode>
          <actionDate>2019-07-31</actionDate>
          <name>Introduced in Senate</name>
          <text><![CDATA[<p>This resolution designates August 16, 2019, as National Airborne Day.</p>]]></text>
          <lastSummaryUpdateDate>2019-08-06T21:25:53Z</lastSummaryUpdateDate>
          <updateDate>2019-07-31T04:00:00Z</updateDate>
        </item>
        <item>
          <actionDesc>Passed Senate</actionDesc>
          <versionCode>55</versionCode>
          <actionDate>2019-07-31</actionDate>
          <name>Passed Senate</name>
          <text><![CDATA[<p>This resolution designates August 16, 2019, as National Airborne Day.</p>]]></text>
          <lastSummaryUpdateDate>2019-08-06T21:28:46Z</lastSummaryUpdateDate>
          <updateDate>2019-07-31T18:19:31Z</updateDate>
        </item>
      </billSummaries>
    </summaries>
    <policyArea>
      <name>Armed Forces and National Security</name>
    </policyArea>
    <updateDate>2019-10-30T16:41:29Z</updateDate>
    <committeeReports />
    <textVersions>
      <item>
        <date>2019-07-31T04:00:00Z</date>
        <formats>
          <item>
            <url>https://www.govinfo.gov/content/pkg/BILLS-116sres294ats/xml/BILLS-116sres294ats.xml</url>
          </item>
        </formats>
        <type>Agreed to Senate</type>
      </item>
    </textVersions>
    <sponsors>
      <item>
        <party>D</party>
        <middleName>F.</middleName>
        <firstName>JOHN</firstName>
        <fullName>Sen. Reed, Jack [D-RI]</fullName>
        <state>RI</state>
        <byRequestType />
        <identifiers>
          <lisID>949</lisID>
          <gpoId>8272</gpoId>
          <bioguideId>R000122</bioguideId>
        </identifiers>
        <lastName>REED</lastName>
        <bioguideId>R000122</bioguideId>
      </item>
    </sponsors>
    <calendarNumbers />
    <cosponsors>
      <item>
        <party>R</party>
        <isOriginalCosponsor>True</isOriginalCosponsor>
        <firstName>Lisa</firstName>
        <fullName>Sen. Murkowski, Lisa [R-AK]</fullName>
        <state>AK</state>
        <sponsorshipDate>2019-07-31</sponsorshipDate>
        <middleName />
        <sponsorshipWithdrawnDate />
        <identifiers>
          <lisID>1694</lisID>
          <bioguideId>M001153</bioguideId>
          <gpoId>8234</gpoId>
        </identifiers>
        <lastName>Murkowski</lastName>
        <bioguideId>M001153</bioguideId>
      </item>
      <item>
        <party>R</party>
        <isOriginalCosponsor>True</isOriginalCosponsor>
        <firstName>Johnny</firstName>
        <fullName>Sen. Isakson, Johnny [R-GA]</fullName>
        <state>GA</state>
        <sponsorshipDate>2019-07-31</sponsorshipDate>
        <middleName />
        <sponsorshipWithdrawnDate />
        <identifiers>
          <gpoId>8323</gpoId>
          <lisID>1608</lisID>
          <bioguideId>I000055</bioguideId>
        </identifiers>
        <lastName>Isakson</lastName>
        <bioguideId>I000055</bioguideId>
      </item>
      <item>
        <party>D</party>
        <isOriginalCosponsor>True</isOriginalCosponsor>
        <firstName>Tammy</firstName>
        <fullName>Sen. Duckworth, Tammy [D-IL]</fullName>
        <state>IL</state>
        <sponsorshipDate>2019-07-31</sponsorshipDate>
        <middleName />
        <sponsorshipWithdrawnDate />
        <identifiers>
          <gpoId />
          <bioguideId>D000622</bioguideId>
          <lisID>2123</lisID>
        </identifiers>
        <lastName>Duckworth</lastName>
        <bioguideId>D000622</bioguideId>
      </item>
      <item>
        <party>D</party>
        <isOriginalCosponsor>True</isOriginalCosponsor>
        <firstName>Jeanne</firstName>
        <fullName>Sen. Shaheen, Jeanne [D-NH]</fullName>
        <state>NH</state>
        <sponsorshipDate>2019-07-31</sponsorshipDate>
        <middleName />
        <sponsorshipWithdrawnDate />
        <identifiers>
          <lisID>1901</lisID>
          <gpoId>8276</gpoId>
          <bioguideId>S001181</bioguideId>
        </identifiers>
        <lastName>Shaheen</lastName>
        <bioguideId>S001181</bioguideId>
      </item>
      <item>
        <party>R</party>
        <isOriginalCosponsor>True</isOriginalCosponsor>
        <firstName>Thomas</firstName>
        <fullName>Sen. Tillis, Thom [R-NC]</fullName>
        <state>NC</state>
        <sponsorshipDate>2019-07-31</sponsorshipDate>
        <middleName>Roland</middleName>
        <sponsorshipWithdrawnDate />
        <identifiers>
          <gpoId />
          <bioguideId>T000476</bioguideId>
          <lisID>2291</lisID>
        </identifiers>
        <lastName>Tillis</lastName>
        <bioguideId>T000476</bioguideId>
      </item>
      <item>
        <party>R</party>
        <isOriginalCosponsor>True</isOriginalCosponsor>
        <firstName>Dan</firstName>
        <fullName>Sen. Sullivan, Dan  [R-AK]</fullName>
        <state>AK</state>
        <sponsorshipDate>2019-07-31</sponsorshipDate>
        <middleName />
        <sponsorshipWithdrawnDate />
        <identifiers>
          <lisID>2290</lisID>
          <bioguideId>S001198</bioguideId>
          <gpoId />
        </identifiers>
        <lastName>Sullivan</lastName>
        <bioguideId>S001198</bioguideId>
      </item>
      <item>
        <party>D</party>
        <isOriginalCosponsor>True</isOriginalCosponsor>
        <firstName>Chris</firstName>
        <fullName>Sen. Van Hollen, Chris [D-MD]</fullName>
        <state>MD</state>
        <sponsorshipDate>2019-07-31</sponsorshipDate>
        <middleName />
        <sponsorshipWithdrawnDate />
        <identifiers>
          <lisID>1729</lisID>
          <bioguideId>V000128</bioguideId>
          <gpoId>7983</gpoId>
        </identifiers>
        <lastName>Van Hollen</lastName>
        <bioguideId>V000128</bioguideId>
      </item>
      <item>
        <party>D</party>
        <isOriginalCosponsor>True</isOriginalCosponsor>
        <firstName>Mazie</firstName>
        <fullName>Sen. Hirono, Mazie K. [D-HI]</fullName>
        <state>HI</state>
        <sponsorshipDate>2019-07-31</sponsorshipDate>
        <middleName>K.</middleName>
        <sponsorshipWithdrawnDate />
        <identifiers>
          <lisID>1844</lisID>
          <bioguideId>H001042</bioguideId>
          <gpoId>7913</gpoId>
        </identifiers>
        <lastName>Hirono</lastName>
        <bioguideId>H001042</bioguideId>
      </item>
      <item>
        <party>R</party>
        <isOriginalCosponsor>True</isOriginalCosponsor>
        <firstName>Marsha</firstName>
        <fullName>Sen. Blackburn, Marsha [R-TN]</fullName>
        <state>TN</state>
        <sponsorshipDate>2019-07-31</sponsorshipDate>
        <middleName />
        <sponsorshipWithdrawnDate />
        <identifiers>
          <lisID>1748</lisID>
          <bioguideId>B001243</bioguideId>
          <gpoId>8154</gpoId>
        </identifiers>
        <lastName>Blackburn</lastName>
        <bioguideId>B001243</bioguideId>
      </item>
      <item>
        <party>D</party>
        <isOriginalCosponsor>True</isOriginalCosponsor>
        <firstName>Bob</firstName>
        <fullName>Sen. Casey, Robert P., Jr. [D-PA]</fullName>
        <state>PA</state>
        <sponsorshipDate>2019-07-31</sponsorshipDate>
        <middleName />
        <sponsorshipWithdrawnDate />
        <identifiers>
          <gpoId>8282</gpoId>
          <bioguideId>C001070</bioguideId>
          <lisID>1828</lisID>
        </identifiers>
        <lastName>Casey</lastName>
        <bioguideId>C001070</bioguideId>
      </item>
      <item>
        <party>D</party>
        <isOriginalCosponsor>True</isOriginalCosponsor>
        <firstName>Robert</firstName>
        <fullName>Sen. Menendez, Robert [D-NJ]</fullName>
        <state>NJ</state>
        <sponsorshipDate>2019-07-31</sponsorshipDate>
        <middleName />
        <sponsorshipWithdrawnDate />
        <identifiers>
          <gpoId>8239</gpoId>
          <lisID>791</lisID>
          <bioguideId>M000639</bioguideId>
        </identifiers>
        <lastName>Menendez</lastName>
        <bioguideId>M000639</bioguideId>
      </item>
      <item>
        <party>I</party>
        <isOriginalCosponsor>True</isOriginalCosponsor>
        <firstName>Angus</firstName>
        <fullName>Sen. King, Angus S., Jr. [I-ME]</fullName>
        <state>ME</state>
        <sponsorshipDate>2019-07-31</sponsorshipDate>
        <middleName />
        <sponsorshipWithdrawnDate />
        <identifiers>
          <lisID>2185</lisID>
          <bioguideId>K000383</bioguideId>
          <gpoId />
        </identifiers>
        <lastName>King</lastName>
        <bioguideId>K000383</bioguideId>
      </item>
      <item>
        <party>D</party>
        <isOriginalCosponsor>True</isOriginalCosponsor>
        <firstName>Jacklyn</firstName>
        <fullName>Sen. Rosen, Jacky [D-NV]</fullName>
        <state>NV</state>
        <sponsorshipDate>2019-07-31</sponsorshipDate>
        <middleName />
        <sponsorshipWithdrawnDate />
        <identifiers>
          <gpoId />
          <lisID>2339</lisID>
          <bioguideId>R000608</bioguideId>
        </identifiers>
        <lastName>Rosen</lastName>
        <bioguideId>R000608</bioguideId>
      </item>
      <item>
        <party>R</party>
        <isOriginalCosponsor>True</isOriginalCosponsor>
        <firstName>MITCH</firstName>
        <fullName>Sen. McConnell, Mitch [R-KY]</fullName>
        <state>KY</state>
        <sponsorshipDate>2019-07-31</sponsorshipDate>
        <middleName />
        <sponsorshipWithdrawnDate />
        <identifiers>
          <lisID>1395</lisID>
          <gpoId>8254</gpoId>
          <bioguideId>M000355</bioguideId>
        </identifiers>
        <lastName>MCCONNELL</lastName>
        <bioguideId>M000355</bioguideId>
      </item>
      <item>
        <party>R</party>
        <isOriginalCosponsor>True</isOriginalCosponsor>
        <firstName>Cory</firstName>
        <fullName>Sen. Gardner, Cory [R-CO]</fullName>
        <state>CO</state>
        <sponsorshipDate>2019-07-31</sponsorshipDate>
        <middleName />
        <sponsorshipWithdrawnDate />
        <identifiers>
          <lisID>1998</lisID>
          <gpoId>7862</gpoId>
          <bioguideId>G000562</bioguideId>
        </identifiers>
        <lastName>Gardner</lastName>
        <bioguideId>G000562</bioguideId>
      </item>
      <item>
        <party>D</party>
        <isOriginalCosponsor>True</isOriginalCosponsor>
        <firstName>Joe</firstName>
        <fullName>Sen. Manchin, Joe, III [D-WV]</fullName>
        <state>WV</state>
        <sponsorshipDate>2019-07-31</sponsorshipDate>
        <middleName />
        <sponsorshipWithdrawnDate />
        <identifiers>
          <lisID>1983</lisID>
          <gpoId>8256</gpoId>
          <bioguideId>M001183</bioguideId>
        </identifiers>
        <lastName>Manchin</lastName>
        <bioguideId>M001183</bioguideId>
      </item>
    </cosponsors>
    <congress>116</congress>
    <subjects>
      <billSubjects>
        <legislativeSubjects>
          <item>
            <name>Commemorative events and holidays</name>
          </item>
          <item>
            <name>Military history</name>
          </item>
          <item>
            <name>Military personnel and dependents</name>
          </item>
        </legislativeSubjects>
        <policyArea>
          <name>Armed Forces and National Security</name>
        </policyArea>
      </billSubjects>
    </subjects>
    <latestAction>
      <text>Submitted in the Senate, considered, and agreed to without amendment and with a preamble by Unanimous Consent. (consideration: CR S5217; text: CR S5256)</text>
      <links />
      <actionDate>2019-07-31</actionDate>
    </latestAction>
    <billType>SRES</billType>
    <billNumber>294</billNumber>
    <cboCostEstimates />
    <relatedBills />
    <committees>
      <billCommittees />
    </committees>
    <actions>
      <item>
        <actionDate>2019-07-31</actionDate>
        <committee />
        <links>
          <link>
            <name>S5217</name>
            <url>https://www.congress.gov/congressional-record/volume-165/senate-section/page/S5217</url>
          </link>
          <link>
            <name>S5256</name>
            <url>https://www.congress.gov/congressional-record/volume-165/senate-section/page/S5256</url>
          </link>
        </links>
        <sourceSystem>
          <name>Senate</name>
          <code>0</code>
        </sourceSystem>
        <text>Submitted in the Senate, considered, and agreed to without amendment and with a preamble by Unanimous Consent. (consideration: CR S5217; text: CR S5256)</text>
        <type>Floor</type>
      </item>
      <item>
        <actionCode>17000</actionCode>
        <committee />
        <sourceSystem>
          <name>Library of Congress</name>
          <code>9</code>
        </sourceSystem>
        <actionDate>2019-07-31</actionDate>
        <type>Floor</type>
        <links>
          <link>
            <name>S5217</name>
            <url>https://www.congress.gov/congressional-record/volume-165/senate-section/page/S5217</url>
          </link>
          <link>
            <name>S5256</name>
            <url>https://www.congress.gov/congressional-record/volume-165/senate-section/page/S5256</url>
          </link>
        </links>
        <text>Passed/agreed to in Senate: Submitted in the Senate, considered, and agreed to without amendment and with a preamble by Unanimous Consent.(consideration: CR S5217; text: CR S5256)</text>
      </item>
      <item>
        <actionCode>10000</actionCode>
        <committee />
        <sourceSystem>
          <name>Library of Congress</name>
          <code>9</code>
        </sourceSystem>
        <actionDate>2019-07-31</actionDate>
        <type>IntroReferral</type>
        <links />
        <text>Introduced in Senate</text>
      </item>
      <actionByCounts>
        <senate>3</senate>
      </actionByCounts>
      <actionTypeCounts>
        <passedOrAgreedToInSenateDayOf>1</passedOrAgreedToInSenateDayOf>
        <introducedInSenate>1</introducedInSenate>
        <passedAgreedToInSenate>1</passedAgreedToInSenate>
      </actionTypeCounts>
    </actions>
    <title>A resolution designating August 16, 2019, as "National Airborne Day".</title>
    <introducedDate>2019-07-31</introducedDate>
    <amendments />
  </bill>
  <dublinCore xmlns:dc="http://purl.org/dc/elements/1.1/">
    <dc:format>text/xml</dc:format>
    <dc:language>EN</dc:language>
    <dc:rights>Pursuant to Title 17 Section 105 of the United States Code, this file is not subject to copyright protection and is in the public domain.</dc:rights>
    <dc:contributor>Congressional Research Service, Library of Congress</dc:contributor>
    <dc:description>This file contains bill summaries and statuses for federal legislation. A bill summary describes the most significant provisions of a piece of legislation and details the effects the legislative text may have on current law and federal programs. Bill summaries are authored by the Congressional Research Service (CRS) of the Library of Congress. As stated in Public Law 91-510 (2 USC 166 (d)(6)), one of the duties of CRS is "to prepare summaries and digests of bills and resolutions of a public general nature introduced in the Senate or House of Representatives". For more information, refer to the User Guide that accompanies this file.</dc:description>
  </dublinCore>
</billStatus>

