<?xml version="1.0" encoding="UTF-8"?>
<billStatus>
  <bill>
    <version>1.0.0</version>
    <cboCostEstimates />
    <relatedBills />
    <amendments />
    <summaries>
      <billSummaries />
    </summaries>
    <policyArea>
      <name>International Affairs</name>
    </policyArea>
    <sponsors>
      <item>
        <firstName>Robert</firstName>
        <middleName />
        <state>NJ</state>
        <bioguideId>M000639</bioguideId>
        <identifiers>
          <bioguideId>M000639</bioguideId>
          <lisID>791</lisID>
          <gpoId>8239</gpoId>
        </identifiers>
        <fullName>Sen. Menendez, Robert [D-NJ]</fullName>
        <party>D</party>
        <lastName>Menendez</lastName>
        <byRequestType />
      </item>
    </sponsors>
    <notes />
    <billNumber>277</billNumber>
    <updateDate>2019-11-15T21:56:34Z</updateDate>
    <titles>
      <item>
        <parentTitleType />
        <chamberCode />
        <title>A resolution remembering the 25th Anniversary of the bombing of the Argentine Israelite Mutual Association (AMIA) Jewish Community Center in Buenos Aires, Argentina, and recommitting to efforts to uphold justice for the 85 victims of the attack.</title>
        <titleType>Official Title as Introduced</titleType>
        <chamberName />
      </item>
      <item>
        <parentTitleType />
        <chamberCode />
        <title>A resolution remembering the 25th Anniversary of the bombing of the Argentine Israelite Mutual Association (AMIA) Jewish Community Center in Buenos Aires, Argentina, and recommitting to efforts to uphold justice for the 85 victims of the attack.</title>
        <titleType>Display Title</titleType>
        <chamberName />
      </item>
    </titles>
    <createDate>2019-07-18T04:42:10Z</createDate>
    <title>A resolution remembering the 25th Anniversary of the bombing of the Argentine Israelite Mutual Association (AMIA) Jewish Community Center in Buenos Aires, Argentina, and recommitting to efforts to uphold justice for the 85 victims of the attack.</title>
    <textVersions>
      <item>
        <date>2019-10-29T04:00:00Z</date>
        <type>Agreed to Senate</type>
        <formats>
          <item>
            <url>https://www.govinfo.gov/content/pkg/BILLS-116sres277ats/xml/BILLS-116sres277ats.xml</url>
          </item>
        </formats>
      </item>
      <item>
        <date>2019-09-26T04:00:00Z</date>
        <type>Reported to Senate</type>
        <formats>
          <item>
            <url>https://www.govinfo.gov/content/pkg/BILLS-116sres277rs/xml/BILLS-116sres277rs.xml</url>
          </item>
        </formats>
      </item>
      <item>
        <date>2019-07-17T04:00:00Z</date>
        <type>Introduced in Senate</type>
        <formats>
          <item>
            <url>https://www.govinfo.gov/content/pkg/BILLS-116sres277is/xml/BILLS-116sres277is.xml</url>
          </item>
        </formats>
      </item>
    </textVersions>
    <recordedVotes />
    <calendarNumbers>
      <item>
        <calendar>Senate Calendar of Business</calendar>
        <number>0235</number>
      </item>
    </calendarNumbers>
    <committeeReports />
    <congress>116</congress>
    <latestAction>
      <actionDate>2019-10-29</actionDate>
      <links />
      <text>Resolution agreed to in Senate without amendment and with a preamble by Unanimous Consent. (consideration: CR S6256; text: 7/17/2019 CR S4912-4913)</text>
    </latestAction>
    <actions>
      <actionTypeCounts>
        <referredToCommittee>1</referredToCommittee>
        <agreedToInSenate>1</agreedToInSenate>
        <passedAgreedToInSenate>1</passedAgreedToInSenate>
        <reportedToSenate>2</reportedToSenate>
        <introducedInSenate>1</introducedInSenate>
        <orderedReported>1</orderedReported>
        <placedOnCalendarGeneralOrders>1</placedOnCalendarGeneralOrders>
      </actionTypeCounts>
      <item>
        <actionDate>2019-10-29</actionDate>
        <committee />
        <links>
          <link>
            <name>S4912-4913</name>
            <url>https://www.congress.gov/congressional-record/volume-165/senate-section/page/S4912-4913</url>
          </link>
          <link>
            <name>S6256</name>
            <url>https://www.congress.gov/congressional-record/volume-165/senate-section/page/S6256</url>
          </link>
        </links>
        <sourceSystem>
          <name>Senate</name>
          <code>0</code>
        </sourceSystem>
        <text>Resolution agreed to in Senate without amendment and with a preamble by Unanimous Consent. (consideration: CR S6256; text: 7/17/2019 CR S4912-4913)</text>
        <type>Floor</type>
      </item>
      <item>
        <links>
          <link>
            <name>S4912-4913</name>
            <url>https://www.congress.gov/congressional-record/volume-165/senate-section/page/S4912-4913</url>
          </link>
          <link>
            <name>S6256</name>
            <url>https://www.congress.gov/congressional-record/volume-165/senate-section/page/S6256</url>
          </link>
        </links>
        <sourceSystem>
          <name>Library of Congress</name>
          <code>9</code>
        </sourceSystem>
        <committee />
        <actionCode>17000</actionCode>
        <text>Passed/agreed to in Senate: Resolution agreed to in Senate without amendment and with a preamble by Unanimous Consent.(consideration: CR S6256; text: 7/17/2019 CR S4912-4913)</text>
        <actionDate>2019-10-29</actionDate>
        <type>Floor</type>
      </item>
      <item>
        <actionDate>2019-09-26</actionDate>
        <committee />
        <links />
        <sourceSystem>
          <name>Senate</name>
          <code>0</code>
        </sourceSystem>
        <text>Placed on Senate Legislative Calendar under General Orders. Calendar No. 235.</text>
        <type>Calendars</type>
      </item>
      <item>
        <actionDate>2019-09-26</actionDate>
        <committee>
          <name>Foreign Relations Committee</name>
          <systemCode>ssfr00</systemCode>
        </committee>
        <links />
        <sourceSystem>
          <name>Senate</name>
          <code>0</code>
        </sourceSystem>
        <text>Committee on Foreign Relations. Reported by Senator Risch without amendment and with a preamble. Without written report.</text>
        <type>Committee</type>
      </item>
      <item>
        <links />
        <sourceSystem>
          <name>Library of Congress</name>
          <code>9</code>
        </sourceSystem>
        <committee>
          <name>Foreign Relations Committee</name>
          <systemCode>ssfr00</systemCode>
        </committee>
        <actionCode>14000</actionCode>
        <text>Committee on Foreign Relations. Reported by Senator Risch without amendment and with a preamble. Without written report.</text>
        <actionDate>2019-09-26</actionDate>
        <type>Committee</type>
      </item>
      <item>
        <actionDate>2019-09-25</actionDate>
        <committee>
          <name>Foreign Relations Committee</name>
          <systemCode>ssfr00</systemCode>
        </committee>
        <links />
        <sourceSystem>
          <name>Senate</name>
          <code>0</code>
        </sourceSystem>
        <text>Committee on Foreign Relations. Ordered to be reported without amendment favorably.</text>
        <type>Committee</type>
      </item>
      <item>
        <actionDate>2019-07-17</actionDate>
        <committee>
          <name>Foreign Relations Committee</name>
          <systemCode>ssfr00</systemCode>
        </committee>
        <links />
        <sourceSystem>
          <name>Senate</name>
          <code>0</code>
        </sourceSystem>
        <text>Referred to the Committee on Foreign Relations.</text>
        <type>IntroReferral</type>
      </item>
      <item>
        <links />
        <sourceSystem>
          <name>Library of Congress</name>
          <code>9</code>
        </sourceSystem>
        <committee />
        <actionCode>10000</actionCode>
        <text>Introduced in Senate</text>
        <actionDate>2019-07-17</actionDate>
        <type>IntroReferral</type>
      </item>
      <actionByCounts>
        <senate>8</senate>
      </actionByCounts>
    </actions>
    <originChamber>Senate</originChamber>
    <committees>
      <billCommittees>
        <item>
          <type>Standing</type>
          <subcommittees />
          <systemCode>ssfr00</systemCode>
          <name>Foreign Relations Committee</name>
          <chamber>Senate</chamber>
          <activities>
            <item>
              <name>Reported by</name>
              <date>2019-09-26T21:10:26Z</date>
            </item>
            <item>
              <name>Markup by</name>
              <date>2019-09-25T17:30:40Z</date>
            </item>
            <item>
              <name>Referred to</name>
              <date>2019-07-17T17:13:33Z</date>
            </item>
          </activities>
        </item>
      </billCommittees>
    </committees>
    <introducedDate>2019-07-17</introducedDate>
    <subjects>
      <billSubjects>
        <legislativeSubjects>
          <item>
            <name>Agricultural trade</name>
          </item>
          <item>
            <name>Argentina</name>
          </item>
          <item>
            <name>Commemorative events and holidays</name>
          </item>
          <item>
            <name>Congressional tributes</name>
          </item>
          <item>
            <name>Crime victims</name>
          </item>
          <item>
            <name>Criminal investigation, prosecution, interrogation</name>
          </item>
          <item>
            <name>Diplomacy, foreign officials, Americans abroad</name>
          </item>
          <item>
            <name>Grain</name>
          </item>
          <item>
            <name>Iran</name>
          </item>
          <item>
            <name>Latin America</name>
          </item>
          <item>
            <name>Middle East</name>
          </item>
          <item>
            <name>Oil and gas</name>
          </item>
          <item>
            <name>Religion</name>
          </item>
          <item>
            <name>Terrorism</name>
          </item>
        </legislativeSubjects>
        <policyArea>
          <name>International Affairs</name>
        </policyArea>
      </billSubjects>
    </subjects>
    <cosponsors>
      <item>
        <party>R</party>
        <state>FL</state>
        <identifiers>
          <lisID>2084</lisID>
          <gpoId>8242</gpoId>
          <bioguideId>R000595</bioguideId>
        </identifiers>
        <middleName />
        <sponsorshipWithdrawnDate />
        <bioguideId>R000595</bioguideId>
        <isOriginalCosponsor>True</isOriginalCosponsor>
        <firstName>Marco</firstName>
        <fullName>Sen. Rubio, Marco [R-FL]</fullName>
        <sponsorshipDate>2019-07-17</sponsorshipDate>
        <lastName>Rubio</lastName>
      </item>
      <item>
        <party>D</party>
        <state>MD</state>
        <identifiers>
          <bioguideId>C000141</bioguideId>
          <gpoId>8287</gpoId>
          <lisID>174</lisID>
        </identifiers>
        <middleName>L.</middleName>
        <sponsorshipWithdrawnDate />
        <bioguideId>C000141</bioguideId>
        <isOriginalCosponsor>True</isOriginalCosponsor>
        <firstName>BENJAMIN</firstName>
        <fullName>Sen. Cardin, Benjamin L. [D-MD]</fullName>
        <sponsorshipDate>2019-07-17</sponsorshipDate>
        <lastName>CARDIN</lastName>
      </item>
      <item>
        <party>R</party>
        <state>TX</state>
        <identifiers>
          <bioguideId>C001098</bioguideId>
          <lisID>2175</lisID>
          <gpoId />
        </identifiers>
        <middleName />
        <sponsorshipWithdrawnDate />
        <bioguideId>C001098</bioguideId>
        <isOriginalCosponsor>True</isOriginalCosponsor>
        <firstName>Ted</firstName>
        <fullName>Sen. Cruz, Ted [R-TX]</fullName>
        <sponsorshipDate>2019-07-17</sponsorshipDate>
        <lastName>Cruz</lastName>
      </item>
      <item>
        <party>D</party>
        <state>VA</state>
        <identifiers>
          <lisID>2176</lisID>
          <gpoId />
          <bioguideId>K000384</bioguideId>
        </identifiers>
        <middleName />
        <sponsorshipWithdrawnDate />
        <bioguideId>K000384</bioguideId>
        <isOriginalCosponsor>True</isOriginalCosponsor>
        <firstName>Timothy</firstName>
        <fullName>Sen. Kaine, Tim [D-VA]</fullName>
        <sponsorshipDate>2019-07-17</sponsorshipDate>
        <lastName>Kaine</lastName>
      </item>
      <item>
        <party>R</party>
        <state>IN</state>
        <identifiers>
          <bioguideId>Y000064</bioguideId>
          <lisID>2019</lisID>
          <gpoId>7948</gpoId>
        </identifiers>
        <middleName />
        <sponsorshipWithdrawnDate />
        <bioguideId>Y000064</bioguideId>
        <isOriginalCosponsor>True</isOriginalCosponsor>
        <firstName>Todd</firstName>
        <fullName>Sen. Young, Todd [R-IN]</fullName>
        <sponsorshipDate>2019-07-17</sponsorshipDate>
        <lastName>Young</lastName>
      </item>
      <item>
        <party>R</party>
        <state>NC</state>
        <identifiers>
          <lisID>153</lisID>
          <gpoId>8286</gpoId>
          <bioguideId>B001135</bioguideId>
        </identifiers>
        <middleName />
        <sponsorshipWithdrawnDate />
        <bioguideId>B001135</bioguideId>
        <isOriginalCosponsor>False</isOriginalCosponsor>
        <firstName>RICHARD</firstName>
        <fullName>Sen. Burr, Richard [R-NC]</fullName>
        <sponsorshipDate>2019-07-31</sponsorshipDate>
        <lastName>BURR</lastName>
      </item>
      <item>
        <party>R</party>
        <state>AR</state>
        <identifiers>
          <bioguideId>C001095</bioguideId>
          <lisID>2098</lisID>
          <gpoId />
        </identifiers>
        <middleName />
        <sponsorshipWithdrawnDate />
        <bioguideId>C001095</bioguideId>
        <isOriginalCosponsor>False</isOriginalCosponsor>
        <firstName>Tom</firstName>
        <fullName>Sen. Cotton, Tom [R-AR]</fullName>
        <sponsorshipDate>2019-07-31</sponsorshipDate>
        <lastName>Cotton</lastName>
      </item>
      <item>
        <party>D</party>
        <state>CT</state>
        <identifiers>
          <lisID>2076</lisID>
          <gpoId>8332</gpoId>
          <bioguideId>B001277</bioguideId>
        </identifiers>
        <middleName />
        <sponsorshipWithdrawnDate />
        <bioguideId>B001277</bioguideId>
        <isOriginalCosponsor>False</isOriginalCosponsor>
        <firstName>Richard</firstName>
        <fullName>Sen. Blumenthal, Richard [D-CT]</fullName>
        <sponsorshipDate>2019-09-09</sponsorshipDate>
        <lastName>Blumenthal</lastName>
      </item>
      <item>
        <party>D</party>
        <state>DE</state>
        <identifiers>
          <lisID>1984</lisID>
          <gpoId>8297</gpoId>
          <bioguideId>C001088</bioguideId>
        </identifiers>
        <middleName>A.</middleName>
        <sponsorshipWithdrawnDate />
        <bioguideId>C001088</bioguideId>
        <isOriginalCosponsor>False</isOriginalCosponsor>
        <firstName>Christopher</firstName>
        <fullName>Sen. Coons, Christopher A. [D-DE]</fullName>
        <sponsorshipDate>2019-09-25</sponsorshipDate>
        <lastName>Coons</lastName>
      </item>
    </cosponsors>
    <billType>SRES</billType>
    <laws />
  </bill>
  <dublinCore xmlns:dc="http://purl.org/dc/elements/1.1/">
    <dc:format>text/xml</dc:format>
    <dc:language>EN</dc:language>
    <dc:rights>Pursuant to Title 17 Section 105 of the United States Code, this file is not subject to copyright protection and is in the public domain.</dc:rights>
    <dc:contributor>Congressional Research Service, Library of Congress</dc:contributor>
    <dc:description>This file contains bill summaries and statuses for federal legislation. A bill summary describes the most significant provisions of a piece of legislation and details the effects the legislative text may have on current law and federal programs. Bill summaries are authored by the Congressional Research Service (CRS) of the Library of Congress. As stated in Public Law 91-510 (2 USC 166 (d)(6)), one of the duties of CRS is "to prepare summaries and digests of bills and resolutions of a public general nature introduced in the Senate or House of Representatives". For more information, refer to the User Guide that accompanies this file.</dc:description>
  </dublinCore>
</billStatus>

