<?xml version="1.0" encoding="UTF-8"?>
<billStatus>
  <bill>
    <committeeReports />
    <billType>SRES</billType>
    <amendments />
    <cosponsors>
      <item>
        <firstName>Joni</firstName>
        <party>R</party>
        <fullName>Sen. Ernst, Joni  [R-IA]</fullName>
        <identifiers>
          <lisID>2283</lisID>
          <gpoId />
          <bioguideId>E000295</bioguideId>
        </identifiers>
        <bioguideId>E000295</bioguideId>
        <state>IA</state>
        <middleName />
        <lastName>Ernst</lastName>
        <sponsorshipDate>2019-11-19</sponsorshipDate>
        <sponsorshipWithdrawnDate />
        <isOriginalCosponsor>True</isOriginalCosponsor>
      </item>
    </cosponsors>
    <cboCostEstimates />
    <textVersions>
      <item>
        <type>Agreed to Senate</type>
        <date>2019-11-19T05:00:00Z</date>
        <formats>
          <item>
            <url>https://www.govinfo.gov/content/pkg/BILLS-116sres433ats/xml/BILLS-116sres433ats.xml</url>
          </item>
        </formats>
      </item>
    </textVersions>
    <relatedBills />
    <summaries>
      <billSummaries>
        <item>
          <versionCode>00</versionCode>
          <name>Introduced in Senate</name>
          <actionDesc>Introduced in Senate</actionDesc>
          <text><![CDATA[<p>This resolution designates February 1, 2020, as Blue Star Mother's Day and honors the contributions of the Blue Star Mothers of America, Inc.</p>]]></text>
          <actionDate>2019-11-19</actionDate>
          <lastSummaryUpdateDate>2019-11-25T21:37:00Z</lastSummaryUpdateDate>
          <updateDate>2019-11-19T05:00:00Z</updateDate>
        </item>
        <item>
          <versionCode>55</versionCode>
          <name>Passed Senate</name>
          <actionDesc>Passed Senate</actionDesc>
          <text><![CDATA[<p>This resolution designates February 1, 2020, as Blue Star Mother's Day and honors the contributions of the Blue Star Mothers of America, Inc.</p>]]></text>
          <actionDate>2019-11-19</actionDate>
          <lastSummaryUpdateDate>2019-11-25T21:38:44Z</lastSummaryUpdateDate>
          <updateDate>2019-11-19T21:05:48Z</updateDate>
        </item>
      </billSummaries>
    </summaries>
    <latestAction>
      <links />
      <text>Submitted in the Senate, considered, and agreed to without amendment and with a preamble by Unanimous Consent. (consideration: CR S6679; text: CR S6675)</text>
      <actionDate>2019-11-19</actionDate>
    </latestAction>
    <actions>
      <actionByCounts>
        <senate>3</senate>
      </actionByCounts>
      <actionTypeCounts>
        <passedAgreedToInSenate>1</passedAgreedToInSenate>
        <passedOrAgreedToInSenateDayOf>1</passedOrAgreedToInSenateDayOf>
        <introducedInSenate>1</introducedInSenate>
      </actionTypeCounts>
      <item>
        <actionDate>2019-11-19</actionDate>
        <committee />
        <links>
          <link>
            <name>S6675</name>
            <url>https://www.congress.gov/congressional-record/volume-165/senate-section/page/S6675</url>
          </link>
          <link>
            <name>S6679</name>
            <url>https://www.congress.gov/congressional-record/volume-165/senate-section/page/S6679</url>
          </link>
        </links>
        <sourceSystem>
          <name>Senate</name>
          <code>0</code>
        </sourceSystem>
        <text>Submitted in the Senate, considered, and agreed to without amendment and with a preamble by Unanimous Consent. (consideration: CR S6679; text: CR S6675)</text>
        <type>Floor</type>
      </item>
      <item>
        <actionDate>2019-11-19</actionDate>
        <links>
          <link>
            <name>S6675</name>
            <url>https://www.congress.gov/congressional-record/volume-165/senate-section/page/S6675</url>
          </link>
          <link>
            <name>S6679</name>
            <url>https://www.congress.gov/congressional-record/volume-165/senate-section/page/S6679</url>
          </link>
        </links>
        <sourceSystem>
          <name>Library of Congress</name>
          <code>9</code>
        </sourceSystem>
        <type>Floor</type>
        <actionCode>17000</actionCode>
        <text>Passed/agreed to in Senate: Submitted in the Senate, considered, and agreed to without amendment and with a preamble by Unanimous Consent.(consideration: CR S6679; text: CR S6675)</text>
        <committee />
      </item>
      <item>
        <actionDate>2019-11-19</actionDate>
        <links />
        <sourceSystem>
          <name>Library of Congress</name>
          <code>9</code>
        </sourceSystem>
        <type>IntroReferral</type>
        <actionCode>10000</actionCode>
        <text>Introduced in Senate</text>
        <committee />
      </item>
    </actions>
    <version>1.0.0</version>
    <policyArea>
      <name>Armed Forces and National Security</name>
    </policyArea>
    <congress>116</congress>
    <billNumber>433</billNumber>
    <updateDate>2019-11-26T05:27:57Z</updateDate>
    <committees>
      <billCommittees />
    </committees>
    <title>A resolution designating February 1, 2020, as "Blue Star Mother's Day".</title>
    <subjects>
      <billSubjects>
        <policyArea>
          <name>Armed Forces and National Security</name>
        </policyArea>
        <legislativeSubjects />
      </billSubjects>
    </subjects>
    <calendarNumbers />
    <recordedVotes />
    <introducedDate>2019-11-19</introducedDate>
    <createDate>2019-11-20T05:42:40Z</createDate>
    <originChamber>Senate</originChamber>
    <sponsors>
      <item>
        <firstName>Gary</firstName>
        <party>D</party>
        <fullName>Sen. Peters, Gary C. [D-MI]</fullName>
        <identifiers>
          <lisID>1929</lisID>
          <gpoId>7994</gpoId>
          <bioguideId>P000595</bioguideId>
        </identifiers>
        <byRequestType />
        <bioguideId>P000595</bioguideId>
        <state>MI</state>
        <middleName>C.</middleName>
        <lastName>Peters</lastName>
      </item>
    </sponsors>
    <laws />
    <notes />
    <titles>
      <item>
        <titleType>Official Title as Introduced</titleType>
        <chamberCode />
        <title>A resolution designating February 1, 2020, as "Blue Star Mother's Day".</title>
        <chamberName />
        <parentTitleType />
      </item>
      <item>
        <titleType>Display Title</titleType>
        <chamberCode />
        <title>A resolution designating February 1, 2020, as "Blue Star Mother's Day".</title>
        <chamberName />
        <parentTitleType />
      </item>
    </titles>
  </bill>
  <dublinCore xmlns:dc="http://purl.org/dc/elements/1.1/">
    <dc:format>text/xml</dc:format>
    <dc:language>EN</dc:language>
    <dc:rights>Pursuant to Title 17 Section 105 of the United States Code, this file is not subject to copyright protection and is in the public domain.</dc:rights>
    <dc:contributor>Congressional Research Service, Library of Congress</dc:contributor>
    <dc:description>This file contains bill summaries and statuses for federal legislation. A bill summary describes the most significant provisions of a piece of legislation and details the effects the legislative text may have on current law and federal programs. Bill summaries are authored by the Congressional Research Service (CRS) of the Library of Congress. As stated in Public Law 91-510 (2 USC 166 (d)(6)), one of the duties of CRS is "to prepare summaries and digests of bills and resolutions of a public general nature introduced in the Senate or House of Representatives". For more information, refer to the User Guide that accompanies this file.</dc:description>
  </dublinCore>
</billStatus>

