<?xml version="1.0" encoding="UTF-8"?>
<billStatus>
  <bill>
    <latestAction>
      <text>Submitted in the Senate, considered, and agreed to without amendment and with a preamble by Unanimous Consent. (consideration: CR S2159-2160; text: CR S2121)</text>
      <links />
      <actionDate>2019-04-01</actionDate>
    </latestAction>
    <notes />
    <version>1.0.0</version>
    <textVersions>
      <item>
        <date>2019-04-01T04:00:00Z</date>
        <type>Agreed to Senate</type>
        <formats>
          <item>
            <url>https://www.govinfo.gov/content/pkg/BILLS-116sres133ats/xml/BILLS-116sres133ats.xml</url>
          </item>
        </formats>
      </item>
    </textVersions>
    <congress>116</congress>
    <relatedBills />
    <actions>
      <actionTypeCounts>
        <passedOrAgreedToInSenateDayOf>1</passedOrAgreedToInSenateDayOf>
        <introducedInSenate>1</introducedInSenate>
        <passedAgreedToInSenate>1</passedAgreedToInSenate>
      </actionTypeCounts>
      <actionByCounts>
        <senate>3</senate>
      </actionByCounts>
      <item>
        <actionDate>2019-04-01</actionDate>
        <committee />
        <links>
          <link>
            <url>https://www.congress.gov/congressional-record/volume-165/senate-section/page/S2121</url>
            <name>S2121</name>
          </link>
          <link>
            <url>https://www.congress.gov/congressional-record/volume-165/senate-section/page/S2159-2160</url>
            <name>S2159-2160</name>
          </link>
        </links>
        <sourceSystem>
          <name>Senate</name>
          <code>0</code>
        </sourceSystem>
        <text>Submitted in the Senate, considered, and agreed to without amendment and with a preamble by Unanimous Consent. (consideration: CR S2159-2160; text: CR S2121)</text>
        <type>Floor</type>
      </item>
      <item>
        <committee />
        <type>Floor</type>
        <actionDate>2019-04-01</actionDate>
        <actionCode>17000</actionCode>
        <links>
          <link>
            <url>https://www.congress.gov/congressional-record/volume-165/senate-section/page/S2121</url>
            <name>S2121</name>
          </link>
          <link>
            <url>https://www.congress.gov/congressional-record/volume-165/senate-section/page/S2159-2160</url>
            <name>S2159-2160</name>
          </link>
        </links>
        <sourceSystem>
          <name>Library of Congress</name>
          <code>9</code>
        </sourceSystem>
        <text>Passed/agreed to in Senate: Submitted in the Senate, considered, and agreed to without amendment and with a preamble by Unanimous Consent.(consideration: CR S2159-2160; text: CR S2121)</text>
      </item>
      <item>
        <committee />
        <type>IntroReferral</type>
        <actionDate>2019-04-01</actionDate>
        <actionCode>10000</actionCode>
        <links />
        <sourceSystem>
          <name>Library of Congress</name>
          <code>9</code>
        </sourceSystem>
        <text>Introduced in Senate</text>
      </item>
    </actions>
    <committees>
      <billCommittees />
    </committees>
    <updateDate>2019-10-04T04:31:25Z</updateDate>
    <amendments />
    <billNumber>133</billNumber>
    <billType>SRES</billType>
    <cboCostEstimates />
    <recordedVotes />
    <summaries>
      <billSummaries>
        <item>
          <actionDesc>Introduced in Senate</actionDesc>
          <actionDate>2019-04-01</actionDate>
          <lastSummaryUpdateDate>2019-05-22T21:47:41Z</lastSummaryUpdateDate>
          <versionCode>00</versionCode>
          <text><![CDATA[<p>This resolution honors the life and contributions of Elizebeth Smith Friedman, a pioneer in codebreaking. </p>]]></text>
          <name>Introduced in Senate</name>
          <updateDate>2019-04-01T04:00:00Z</updateDate>
        </item>
        <item>
          <actionDesc>Passed Senate</actionDesc>
          <actionDate>2019-04-01</actionDate>
          <lastSummaryUpdateDate>2019-10-01T15:18:06Z</lastSummaryUpdateDate>
          <versionCode>55</versionCode>
          <text><![CDATA[<p>This resolution honors the life and contributions of Elizebeth Smith Friedman, a pioneer in codebreaking. </p>]]></text>
          <name>Passed Senate</name>
          <updateDate>2019-04-01T16:23:37Z</updateDate>
        </item>
      </billSummaries>
    </summaries>
    <cosponsors>
      <item>
        <state>NE</state>
        <bioguideId>F000463</bioguideId>
        <middleName />
        <party>R</party>
        <firstName>Deb</firstName>
        <lastName>Fischer</lastName>
        <sponsorshipWithdrawnDate />
        <fullName>Sen. Fischer, Deb [R-NE]</fullName>
        <isOriginalCosponsor>True</isOriginalCosponsor>
        <sponsorshipDate>2019-04-01</sponsorshipDate>
        <identifiers>
          <lisID>2179</lisID>
          <gpoId />
          <bioguideId>F000463</bioguideId>
        </identifiers>
      </item>
    </cosponsors>
    <subjects>
      <billSubjects>
        <legislativeSubjects>
          <item>
            <name>Congressional tributes</name>
          </item>
          <item>
            <name>Intelligence activities, surveillance, classified information</name>
          </item>
        </legislativeSubjects>
        <policyArea>
          <name>Science, Technology, Communications</name>
        </policyArea>
      </billSubjects>
    </subjects>
    <titles>
      <item>
        <title>A resolution honoring the life and legacy of Elizebeth Smith Friedman, Cryptanalyst.</title>
        <parentTitleType />
        <chamberCode />
        <titleType>Official Title as Introduced</titleType>
        <chamberName />
      </item>
      <item>
        <title>A resolution honoring the life and legacy of Elizebeth Smith Friedman, Cryptanalyst.</title>
        <parentTitleType />
        <chamberCode />
        <titleType>Display Title</titleType>
        <chamberName />
      </item>
    </titles>
    <committeeReports />
    <originChamber>Senate</originChamber>
    <sponsors>
      <item>
        <firstName>RON</firstName>
        <bioguideId>W000779</bioguideId>
        <middleName />
        <state>OR</state>
        <identifiers>
          <bioguideId>W000779</bioguideId>
          <lisID>1247</lisID>
          <gpoId>8265</gpoId>
        </identifiers>
        <fullName>Sen. Wyden, Ron [D-OR]</fullName>
        <lastName>WYDEN</lastName>
        <byRequestType />
        <party>D</party>
      </item>
    </sponsors>
    <laws />
    <calendarNumbers />
    <title>A resolution honoring the life and legacy of Elizebeth Smith Friedman, Cryptanalyst.</title>
    <introducedDate>2019-04-01</introducedDate>
    <createDate>2019-04-02T04:27:08Z</createDate>
    <policyArea>
      <name>Science, Technology, Communications</name>
    </policyArea>
  </bill>
  <dublinCore xmlns:dc="http://purl.org/dc/elements/1.1/">
    <dc:format>text/xml</dc:format>
    <dc:language>EN</dc:language>
    <dc:rights>Pursuant to Title 17 Section 105 of the United States Code, this file is not subject to copyright protection and is in the public domain.</dc:rights>
    <dc:contributor>Congressional Research Service, Library of Congress</dc:contributor>
    <dc:description>This file contains bill summaries and statuses for federal legislation. A bill summary describes the most significant provisions of a piece of legislation and details the effects the legislative text may have on current law and federal programs. Bill summaries are authored by the Congressional Research Service (CRS) of the Library of Congress. As stated in Public Law 91-510 (2 USC 166 (d)(6)), one of the duties of CRS is "to prepare summaries and digests of bills and resolutions of a public general nature introduced in the Senate or House of Representatives". For more information, refer to the User Guide that accompanies this file.</dc:description>
  </dublinCore>
</billStatus>

