<?xml version="1.0" encoding="UTF-8"?>
<billStatus>
  <bill>
    <policyArea>
      <name>International Affairs</name>
    </policyArea>
    <relatedBills>
      <item>
        <type>HRES</type>
        <number>683</number>
        <congress>116</congress>
        <latestAction>
          <actionDate>2019-11-08</actionDate>
          <text>Referred to the House Committee on Foreign Affairs.</text>
        </latestAction>
        <relationshipDetails>
          <item>
            <type>Identical bill</type>
            <identifiedBy>CRS</identifiedBy>
          </item>
        </relationshipDetails>
        <latestTitle>Celebrating the 30th anniversary of the fall of the Berlin Wall, the reunification of both Germany and Europe, and the spread of democracy around the world.</latestTitle>
      </item>
    </relatedBills>
    <introducedDate>2019-10-24</introducedDate>
    <committeeReports />
    <amendments />
    <textVersions>
      <item>
        <type>Introduced in Senate</type>
        <date>2019-10-24T04:00:00Z</date>
        <formats>
          <item>
            <url>https://www.govinfo.gov/content/pkg/BILLS-116sres385is/xml/BILLS-116sres385is.xml</url>
          </item>
        </formats>
      </item>
    </textVersions>
    <cboCostEstimates />
    <subjects>
      <billSubjects>
        <legislativeSubjects />
        <policyArea>
          <name>International Affairs</name>
        </policyArea>
      </billSubjects>
    </subjects>
    <laws />
    <calendarNumbers />
    <notes />
    <actions>
      <actionTypeCounts>
        <introducedInSenate>1</introducedInSenate>
        <referredToCommittee>1</referredToCommittee>
      </actionTypeCounts>
      <item>
        <actionDate>2019-10-24</actionDate>
        <committee>
          <systemCode>ssfr00</systemCode>
          <name>Foreign Relations Committee</name>
        </committee>
        <links>
          <link>
            <url>https://www.congress.gov/congressional-record/volume-165/senate-section/page/S6162-6163</url>
            <name>S6162-6163</name>
          </link>
        </links>
        <sourceSystem>
          <code>0</code>
          <name>Senate</name>
        </sourceSystem>
        <text>Referred to the Committee on Foreign Relations. (text: CR S6162-6163)</text>
        <type>IntroReferral</type>
      </item>
      <item>
        <actionCode>10000</actionCode>
        <text>Introduced in Senate</text>
        <sourceSystem>
          <code>9</code>
          <name>Library of Congress</name>
        </sourceSystem>
        <actionDate>2019-10-24</actionDate>
        <type>IntroReferral</type>
        <links />
        <committee />
      </item>
      <actionByCounts>
        <senate>2</senate>
      </actionByCounts>
    </actions>
    <originChamber>Senate</originChamber>
    <committees>
      <billCommittees>
        <item>
          <type>Standing</type>
          <chamber>Senate</chamber>
          <systemCode>ssfr00</systemCode>
          <name>Foreign Relations Committee</name>
          <activities>
            <item>
              <name>Referred to</name>
              <date>2019-10-24T21:12:17Z</date>
            </item>
          </activities>
          <subcommittees />
        </item>
      </billCommittees>
    </committees>
    <titles>
      <item>
        <parentTitleType />
        <chamberCode />
        <title>A resolution celebrating the 30th anniversary of the fall of the Berlin Wall, the reunification of both Germany and Europe, and the spread of democracy around the world.</title>
        <titleType>Official Title as Introduced</titleType>
        <chamberName />
      </item>
      <item>
        <parentTitleType />
        <chamberCode />
        <title>A resolution celebrating the 30th anniversary of the fall of the Berlin Wall, the reunification of both Germany and Europe, and the spread of democracy around the world.</title>
        <titleType>Display Title</titleType>
        <chamberName />
      </item>
    </titles>
    <summaries>
      <billSummaries />
    </summaries>
    <recordedVotes />
    <title>A resolution celebrating the 30th anniversary of the fall of the Berlin Wall, the reunification of both Germany and Europe, and the spread of democracy around the world.</title>
    <sponsors>
      <item>
        <party>R</party>
        <state>ID</state>
        <identifiers>
          <lisID>1896</lisID>
          <gpoId>8274</gpoId>
          <bioguideId>R000584</bioguideId>
        </identifiers>
        <middleName>E.</middleName>
        <byRequestType />
        <bioguideId>R000584</bioguideId>
        <firstName>James</firstName>
        <fullName>Sen. Risch, James E. [R-ID]</fullName>
        <lastName>Risch</lastName>
      </item>
    </sponsors>
    <cosponsors>
      <item>
        <firstName>Robert</firstName>
        <isOriginalCosponsor>True</isOriginalCosponsor>
        <middleName />
        <fullName>Sen. Menendez, Robert [D-NJ]</fullName>
        <lastName>Menendez</lastName>
        <identifiers>
          <bioguideId>M000639</bioguideId>
          <lisID>791</lisID>
          <gpoId>8239</gpoId>
        </identifiers>
        <sponsorshipWithdrawnDate />
        <state>NJ</state>
        <bioguideId>M000639</bioguideId>
        <party>D</party>
        <sponsorshipDate>2019-10-24</sponsorshipDate>
      </item>
      <item>
        <firstName>Ron</firstName>
        <isOriginalCosponsor>True</isOriginalCosponsor>
        <middleName />
        <fullName>Sen. Johnson, Ron [R-WI]</fullName>
        <lastName>Johnson</lastName>
        <identifiers>
          <lisID>2086</lisID>
          <gpoId>8355</gpoId>
          <bioguideId>J000293</bioguideId>
        </identifiers>
        <sponsorshipWithdrawnDate />
        <state>WI</state>
        <bioguideId>J000293</bioguideId>
        <party>R</party>
        <sponsorshipDate>2019-10-24</sponsorshipDate>
      </item>
      <item>
        <firstName>Jeanne</firstName>
        <isOriginalCosponsor>True</isOriginalCosponsor>
        <middleName />
        <fullName>Sen. Shaheen, Jeanne [D-NH]</fullName>
        <lastName>Shaheen</lastName>
        <identifiers>
          <bioguideId>S001181</bioguideId>
          <lisID>1901</lisID>
          <gpoId>8276</gpoId>
        </identifiers>
        <sponsorshipWithdrawnDate />
        <state>NH</state>
        <bioguideId>S001181</bioguideId>
        <party>D</party>
        <sponsorshipDate>2019-10-24</sponsorshipDate>
      </item>
      <item>
        <firstName>Ted</firstName>
        <isOriginalCosponsor>False</isOriginalCosponsor>
        <middleName />
        <fullName>Sen. Cruz, Ted [R-TX]</fullName>
        <lastName>Cruz</lastName>
        <identifiers>
          <bioguideId>C001098</bioguideId>
          <lisID>2175</lisID>
          <gpoId />
        </identifiers>
        <sponsorshipWithdrawnDate />
        <state>TX</state>
        <bioguideId>C001098</bioguideId>
        <party>R</party>
        <sponsorshipDate>2019-10-30</sponsorshipDate>
      </item>
    </cosponsors>
    <billNumber>385</billNumber>
    <congress>116</congress>
    <latestAction>
      <links />
      <actionDate>2019-10-24</actionDate>
      <text>Referred to the Committee on Foreign Relations. (text: CR S6162-6163)</text>
    </latestAction>
    <billType>SRES</billType>
    <updateDate>2019-11-15T21:56:34Z</updateDate>
    <createDate>2019-10-25T04:42:29Z</createDate>
    <version>1.0.0</version>
  </bill>
  <dublinCore xmlns:dc="http://purl.org/dc/elements/1.1/">
    <dc:format>text/xml</dc:format>
    <dc:language>EN</dc:language>
    <dc:rights>Pursuant to Title 17 Section 105 of the United States Code, this file is not subject to copyright protection and is in the public domain.</dc:rights>
    <dc:contributor>Congressional Research Service, Library of Congress</dc:contributor>
    <dc:description>This file contains bill summaries and statuses for federal legislation. A bill summary describes the most significant provisions of a piece of legislation and details the effects the legislative text may have on current law and federal programs. Bill summaries are authored by the Congressional Research Service (CRS) of the Library of Congress. As stated in Public Law 91-510 (2 USC 166 (d)(6)), one of the duties of CRS is "to prepare summaries and digests of bills and resolutions of a public general nature introduced in the Senate or House of Representatives". For more information, refer to the User Guide that accompanies this file.</dc:description>
  </dublinCore>
</billStatus>

